title,url,source,pub_date,snippet,Date_Appended,query,full_text,summary,keywords,jsonld_name,jsonld_date,jsonld_address,og_description
Burger Up to close in 12South after 16 years amid neighborhood turnover,https://www.bizjournals.com/nashville/news/2026/06/16/burger-up-nashville-closes-restaurant-12-south.html,Nashville Business Journal,15 hours ago,"We would all agree that Nashville is a different city sitting here than it was 10 years ago when Josephine wasopening.”

Across the street from Burger Up, an Anthropologie and Mother’s Ruin areopeningin a new two-story building. Across the street from Anthropologie’s future home, local veteran investor group Corner Partnership is planning a new development to attract “top-notch” retailers. 

…",2026-06-17,,,,,,,,
Buffalo Wild Wings carryoutrestaurantopeningin Central Ohio,https://www.bizjournals.com/columbus/news/2026/06/16/columbus-buffalo-wild-wings-go-carryout-restaurant.html,Columbus Business First,16 hours ago,"Thatrestaurantand bar moved to 2044 N. High St. in the 1990s and then to a new-build spot at 2149 N. High St. in 2007. It's one of 17 traditional locations Buffalo Wild Wings has in Central Ohio.

…",2026-06-17,,,,,,,,
"Downtownrestaurantto close after less than a year, and more retail news",https://www.bizjournals.com/boston/news/2026/06/16/nine-restaurant-closing-retail-news.html,Boston Business Journal,17 hours ago,"Middle Eastern fast-casualrestaurantNaya isopeningits sixth Greater Boston location in Fenway. The brand has been fast-expanding; its other new spots in Burlington and Kendall Square also opened earlier this year.
…",2026-06-17,,,,,,,,
SoDough Square owner discusses expansion plans amid challengingrestaurantclimate,https://www.bizjournals.com/orlando/news/2026/06/16/sodough-square-pizza-restaurant-expansion-economy.html,Orlando Business Journal,17 hours ago,"To navigate this, he said restaurateurs need to focus on the fundamentals of the business, which are controlling the costs of food and labor. Murphy added ensuring arestaurant’s delivery and takeout services are on par is key as well.   

Bair shared a similar perspective, which is also seen through his newrestaurantopeningin Tampa. …",2026-06-17,,,,,,,,
Five restaurants now confirmed for Regency's $140M Seven Pines project ahead of 2027opening,https://www.bizjournals.com/jacksonville/news/2026/06/16/dining-the-village-at-seven-pines.html,Jacksonville Business Journal,18 hours ago,"Therestaurantis known for shareable plates, noodles, bao buns, craft cocktails and roti inspired by the hawker stalls of Southeast Asia.

Lynora’s will make its North Florida debut at The Village at Seven Pines. …",2026-06-17,,,,,,,,
"China Grill returns in Bal Harbour, Pilates studio set for Royal Palm Beach and beach club opens at Kimpton Surfcomber (Photos)",https://www.bizjournals.com/southflorida/news/2026/06/16/china-grill-returns-bal-harbour-miami-beach.html,South Florida Business Journal,20 hours ago,"The gallery will showcase Turco's ""Only One"" collection of wall art, sculptures and design objects, with a grandopeningplanned for Oct. 1. Turco recently opened his first dedicated gallery in Udine, Italy, before expanding to Miami Beach.

Giotto Maestro della Pizza



Giotto Maestro della Pizza opened its second location on June 11 in downtown Miami, expanding beyond its longtime South Beachrestaurant. …",2026-06-17,,,,,,,,
Supreme Dumplings opens at Tacoma Mall's new Village complex,https://www.bizjournals.com/seattle/news/2026/06/16/supreme-dumplings-restaurant-tacoma-mall-village.html,Puget Sound Business Journal,2 hours ago,"The restaurant joins other recently opened concepts at the mall including Happy Lamb Hot Pot, Shake Shack and Dave's Hot Chicken. Simply Thai and Gong Cha are expected to open this fall. …",2026-06-17,,,,,,,,
Indoor golf chain to enter Seattle market with Northgate location,https://www.bizjournals.com/seattle/news/2026/06/16/another-nine-golf-northgate-north-topgolf-kite.html,Puget Sound Business Journal,3 hours ago,"The location will hold five simulator suites, which are private and BYOB. 

The opening is slated for fall or winter, though Another Nine will have a clearer sense of the timeline after permits are approved, Jewell said.

…",2026-06-17,,,,,,,,
Developer files $7.3M lawsuit against Pihakis Restaurant Group,https://www.bizjournals.com/birmingham/news/2026/06/16/mouron-lawsuit-pihakis-rent.html,Birmingham Business Journal,9 hours ago,"The latest actions add to a growing list of legal challenges tied to Pihakis Restaurant Group and affiliated entities.

In a separate lawsuit filed on June 4, Florida-based Fox Funding Group LLC alleges more than two dozen restaurant entities tied to Pihakis defaulted on roughly $700,000 in financing and then shifted operations into new companies to avoid repayment.

…",2026-06-17,,,,,,,,
"Bakery expands to former Paradise Valley Mall project, and more restaurant news",https://www.bizjournals.com/phoenix/news/2026/06/16/too-sweet-cakes-pv-pita-jungle-dbacks-haymaker.html,Phoenix Business Journal,10 hours ago,"Osmani said the opportunity will allow Pita Jungle to connect with thousands of people over the week, which could end up driving more business to its brick-and-mortar restaurants.



• Haymaker, a long-running West Valley restaurant , is looking to grow its presence in the Valley and across Arizona through franchising.

Earlier this month, restaurant founder Joey Lucidi announced he is looking for qualified franchise partners for its next chapter of growth. …",2026-06-17,,,,,,,,
$18.5M sailing center opening on Cleveland's lakefront as development surges,https://www.bizjournals.com/cleveland/news/2026/06/16/metroparks-parker-community-sailing.html,Cleveland Business Journal,12 hours ago,"Sailing classes are expected to begin in the late summer or fall, according to Cleveland.com.

The eastern building includes a lakefront restaurant , The Galley, and bar, Rusty's, which are already open. The center also is a trailhead for Cleveland Metroparks' growing trail system on the east side of Cleveland.

…",2026-06-17,,,,,,,,
"Thai 9 expands to Piqua, opening second location in historic Fort Piqua Plaza",https://www.bizjournals.com/dayton/news/2026/06/16/thai-9-opening-in-historic-fort-piqua-plaza.html,Dayton Business Journal,12 hours ago,"Thai 9 plans to hire between 30 and 35 employees, with operating hours mirroring those of the Dayton restaurant . Hiring has already begun, and Clark said management training is underway.

""We've already hired our top manager, and he has hired his top-level team,"" Clark said. …",2026-06-17,,,,,,,,
First look: Nick & Sam's founding GM opens new steakhouse in Preston Hollow,https://www.bizjournals.com/dallas/news/2026/06/16/palladinos-new-steakhouse-opens-preston-hollow.html,Dallas Business Journal,12 hours ago,"Palladino had grown to a 50/50 partner in Nick & Sam's as of 2015 but is no longer involved with the restaurant , located at 3008 Maple Ave.

Palladino, a former New York police officer and Bronx native, opened the first Palladino's location in New York City’s Grand Central Terminal in fall 2025. …",2026-06-17,,,,,,,,
KC Wheel property sells to New Jersey REIT as uncertainty lingers over stalled entertainment district,https://www.bizjournals.com/kansascity/news/2026/06/16/kc-wheel-pennway-point-essential-properties-reit.html,Kansas City Business Journal,13 hours ago,"EPRT primarily buys and manages single-tenant properties leased to restaurant , service-oriented and entertainment businesses. In 2022, it bought Chicken N Pickle's real estate in and beyond the Kansas City metro.

…",2026-06-17,,,,,,,,
"Jones Heel redevelopment underway, bringing 100+ apartments to the Brewery District",https://www.bizjournals.com/columbus/news/2026/06/16/jones-heel-development-brewery-district-stonehenge.html,Columbus Business First,13 hours ago,"Front St., a former creative space is being renovated into a restaurant and oyster bar called Lorelai.

The property is owned by Brontë Clifford, and the restaurant concept is being developed by chef Henry Christian.

…",2026-06-17,,,,,,,,
"As Argentina prepares for World Cup match, its ambassador talks business in KC",https://www.bizjournals.com/kansascity/news/2026/06/16/world-cup-kansas-city-argentina-ambassador.html,Kansas City Business Journal,13 hours ago,"Argentina President Javier Milei visited the U.S. 18 times in the past two years, and Argentina was the first nation to work out a trade agreement with the U.S. after the Trump administration's “Liberation Day” tariffs took effect last year. 

“The agreement regulated the opening of our markets in many agricultural sectors, so there are a lot of lines in both directions where products will start to flow,” Oxenford said. …",2026-06-17,,,,,,,,
Allen Morris secures $114 million loan for its West Midtown office building,https://www.bizjournals.com/atlanta/news/2026/06/16/allen-morris-secures-refi-loan-west-midtown.html,Atlanta Business Chronicle,13 hours ago,"That retail program within the district now includes Incognito, a cocktail bar that recently opened at 1025 Howell Mill Road NW. That's down the road from the new Ladybird opening on a 1-acre parcel at Star Metals. The 40,000 square feet of ground-floor retail space at Star Metals Offices is led by Michelin-starred Hayakawa, an omakase restaurant . 

…",2026-06-17,,,,,,,,
Whataburger to open Rock Hill restaurant in July as Texas chain expands footprint across the Carolinas,https://www.bizjournals.com/charlotte/news/2026/06/16/rock-hill-whataburger-restaurant-food-expansion.html,Charlotte Business Journal,13 hours ago,"A restaurant in Southern Pines will open June 18, and a second Raleigh location plans to debut this fall.

“As Whataburger continues expanding throughout the Southeast, the Rock Hill opening represents another investment in the local community through new employment opportunities and long-term growth across South Carolina,” the company says in a statement.

…",2026-06-17,,,,,,,,
Freddy's closes one location,https://www.bizjournals.com/birmingham/news/2026/06/16/local-wine-bar-down-to-one-location.html,Birmingham Business Journal,13 hours ago,"It was built in 1994 and sits on 2.96 acres. And Big John’s Buffet is opening at 162 Oxmoor Road. It will open in the location previously occupied by Cantina Tortilla Grill, a Mexican restaurant with a Central American twist, which closed in August 2024.…",2026-06-17,,,,,,,,
Pepper Lunch finalizes plans for 3 Austin-area locations,https://www.bizjournals.com/austin/news/2026/06/16/pepper-lunch-atx-expansion-leander-hutto-kyle.html,Austin Business Journal,13 hours ago,"A separate franchisee recently opened a Pepper Lunch in Frisco, Texas. The restaurant , founded in 1994, has 570 locations across 17 countries. …",2026-06-17,,,,,,,,
"Level99 reveals Disney Springs opening date, new details for its largest gaming venue yet",https://www.bizjournals.com/orlando/news/2026/06/16/level-99-opening-date-disney-springs-gaming.html,Orlando Business Journal,14 hours ago,"This includes one of the top 100 independent restaurants in the United States, according to the trade publication Restaurant Business. The Boathouse is ranked No. 2 on the list, generating $51 million in sales in 2025, according to Restaurant Business. 

…",2026-06-17,,,,,,,,
City Avenue’s long-planned shift 'coming together' as residential boom takes shape,https://www.bizjournals.com/philadelphia/news/2026/06/21/city-avenue-residential-density-development-bala.html,Philadelphia Business Journal,3 hours ago,"Though detailed plans haven’t yet been formed, Brennan has his eyes set on two more development sites on the property. A former Chili’s restaurant at 175 E. City Ave. and more surface parking lot space nearby.

More development is being planned on the 1.1 million-square-foot Bala Plaza campus, which FLD Legend and the Adjmi family bought in 2023. …",2026-06-22,,,,,,,,
Burlington opens massive distribution center to support new store growth,https://www.bizjournals.com/philadelphia/news/2026/06/21/burlington-distribution-center-ellabell.html,Philadelphia Business Journal,16 hours ago,"The remaining stores are expected to make the conversion by the Jan. 31, 2027, end of fiscal 2026. 

Burlington opened a store with the new format earlier this year at 2465 S. 24th St. in South Philadelphia. The retailer, previously known as Burlington Coat Factory, outlined a goal last year of having 1,600 locations nationwide by 2028.

…",2026-06-22,store opening,,,,,,,
Longtime breakfast spot Maltby Cafe to relocate as luxury development takes shape,https://www.bizjournals.com/seattle/news/2026/06/22/maltby-cafe-snohomish-village-kirkland-townhome.html,Puget Sound Business Journal,An hour ago,"Demolition of the schoolhouse will occur after Maltby Cafe's new space is built, allowing the restaurant to seamlessly move.

The broader development will also include about 10,000 square feet of additional retail space, along with outdoor patios and gathering areas. …",2026-06-23,restaurant opening,,,,,,,
Jeff Tonidandel and Jamie Brown,https://www.bizjournals.com/charlotte/c/most-admired-ceo-awards-2026-winner-profiles/45145/jeff-tonidandel-and-jamie-brown.html,Charlotte Business Journal,An hour ago,"These were our biggest
accomplishments: the release of TV program ""Fork & Hammer"" on PBS
stations nationally; the successful opening of our newest restaurant , Leluia Hall, in a 1915 restored church space; launching
a book, Eleven Tables, which is a story that dives into
our journey in the restaurant business.
…",2026-06-23,restaurant opening,,,,,,,
José Armario,https://www.bizjournals.com/charlotte/c/most-admired-ceo-awards-2026-winner-profiles/45144/jos-armario.html,Charlotte Business Journal,An hour ago,"RESTAURANTS & HOSPITALITY
Bojangles is a beloved, quick-service restaurant brand known
for its bold, Southern-inspired food, including all-day breakfast
and flavorful fried chicken, made-from-scratch biscuits and
Legendary Sweet Tea. …",2026-06-23,restaurant opening,,,,,,,
Seattle dumpling chain opens first Hawaii location at Ala Moana Center,https://www.bizjournals.com/pacific/news/2026/06/22/supreme-dumplings-hawaii-opening.html,Pacific Business News,5 hours ago,"“One day, the landlord at Ala Moana reached out to us and expressed the desire to open our dumpling brand in this location.”

The Ala Moana restaurant seats 140 and features the brand’s signature open‑kitchen dumpling making.

Supreme Dumplings joins a growing wave of mainland Asian restaurant chains opening at Ala Moana Center, including California‑based SXY Szechuan (2025), Molly Tea (April 2026), and Mian, a Sichuan noodle concept from California.

…",2026-06-23,restaurant opening,,,,,,,
"Developers set to build 180,000-square-foot industrial facility; plus 6 more Valley real estate deals to know",https://www.bizjournals.com/phoenix/news/2026/06/22/industrial-chandler-project-avondale-data-center.html,Phoenix Business Journal,9 hours ago,"The move is part of a larger U.S. expansion for the company, which is also opening new facilities in Columbus, Ohio; Dallas; and Lacey, Washington.…",2026-06-23,restaurant opening,,,,,,,
The Agave Cantina prepares to open in Rotterdam,https://www.bizjournals.com/albany/news/2026/06/22/agave-cantina-rotterdam-mexican-food.html,Albany Business Review,9 hours ago,"After years of managing restaurants for others, a Capital Region couple is opening their first restaurant down the street from a development hotspot. 

Husband-and-wife team Gaudi and Stefhany Quelis have been working to renovate the restaurant space at 1222 Duanesburg Road (Route 7) in Rotterdam for the past two months. …",2026-06-23,restaurant opening,,,,,,,
Restaurant Roundup: LA restaurant sets Gulch opening,https://www.bizjournals.com/nashville/news/2026/06/22/nashville-restaurant-sweetgreen-james-beard-awards.html,Nashville Business Journal,10 hours ago,"“We’re not just opening a restaurant here; we’re investing in a community we believe in and planning to be a great neighbor for the long haul.”

Sweetgreen will be open from 10 a.m. to 9 p.m. daily and will offer in- restaurant ordering as well as ordering through the Sweetgreen app.

…",2026-06-23,restaurant opening,,,,,,,
Dave's Hot Chicken plans second Miami Valley location,https://www.bizjournals.com/dayton/news/2026/06/22/daves-hot-chicken-huber-heights-opening.html,Dayton Business Journal,10 hours ago,"Dave's Hot Chicken will open its second regional location, months after opening its first within the Miami Valley.

The growing chicken chain is planning a new restaurant at 5561 Merily Way in Huber Heights, taking over the former Arby's space. …",2026-06-23,restaurant opening,,,,,,,
"Messi makes World Cup history in Arlington, accentuating Argentina's North Texas ties",https://www.bizjournals.com/dallas/news/2026/06/22/argentina-forum-dallas-world-cup.html,Dallas Business Journal,11 hours ago,"An event dubbed the US-Argentina Business Forum will take place at 2 p.m. on Tuesday, June 23 at the Dallas Museum of Art, with more than 250 governmental and C-suite leaders expected to attend, according to a brochure. Opening remarks will be delivered by a representative of the Argentina Ministry of Foreign Affairs, a U.S. government official and Adriana Cruz, executive director for the Texas Economic Development & Tourism Office.

…",2026-06-23,restaurant opening,,,,,,,
Global steakhouse chain to open near Inner Harbor,https://www.bizjournals.com/baltimore/news/2026/06/22/stk-steakhouse-1-east-pratt-kona-grill.html,Baltimore Business Journal,12 hours ago,"City permitting records filed this month requesting permit extensions for work at the site list the project as ""STK Steakhouse"" and indicate that signs for the restaurant are expected to be installed before the end of the year. 

The restaurant opening will bring a new dining option to the downtown landscape, which has been hit by several closures since the Covid-19 pandemic. …",2026-06-23,restaurant opening,,,,,,,
First Shoppes at District 31 tenants open,https://www.bizjournals.com/birmingham/news/2026/06/22/first-shoppes-at-district-31-tenant-opens.html,Birmingham Business Journal,12 hours ago,"The first two tenants at a $242 million development in Alabaster have opened their doors.

Breakfast restaurant First Watch shared on social media June 17 that it had opened its location in the Shoppes at District 31 Development, a $242 million project. …",2026-06-23,restaurant opening,,,,,,,
Kettering pho restaurant closes as new hibachi concept prepares to take over space,https://www.bizjournals.com/dayton/news/2026/06/22/get-the-pho-out-kettering-closed-thai-garden.html,Dayton Business Journal,14 hours ago,"Just a few months ago, Whitted expanded beyond the Dayton region with the opening of her first restaurant in Cincinnati. Located in Oakley at 3036 Madison Road, the second Thai Village restaurant opened in October 2025.



…",2026-06-23,restaurant opening,,,,,,,
Lake Geneva restaurateur plans supper club with Frank Lloyd Wright-inspired design,https://www.bizjournals.com/milwaukee/news/2026/06/22/lake-geneva-supper-club-proposed.html,Milwaukee Business Journal,19 hours ago,"Construction is anticipated to begin in 2027 with an opening date to be determined.

The city's Common Council is expected to take up discussion and possible action on the permit June 22. The city's Plan Commission approved the conditional use permit on May 18 following a public hearing.

…",2026-06-23,restaurant opening,,,,,,,
"Five things you need to know today, and being a dad",https://www.bizjournals.com/cincinnati/news/2026/06/22/five-things-and-being-a-dad.html,Cincinnati Business Courier,19 hours ago,"The Michelin Guide is expanding its Great Lakes edition to include Cincinnati, with restaurant selections set to be revealed in 2027. The city was not part of the guide's initial Great Lakes announcement in April, which included Cleveland, Detroit, Indianapolis, Milwaukee, Minneapolis and Pittsburgh, among others.



…",2026-06-23,restaurant opening,,,,,,,
Cheesy Chick consolidating operations as Williamsville café prepares to close,https://www.bizjournals.com/buffalo/news/2026/06/22/cheesy-chick-closing-williamsville-consolidate.html,Buffalo Business First,21 hours ago,"The Indian and Pakistani restaurant left the space last fall after a series of lawsuits with its landlord. According to the listing, 5,800 square feet is for lease. …",2026-06-23,restaurant opening,,,,,,,
West Maui Sports & Fishing Supply returns to Lahaina after wildfire destroyed original store,https://www.bizjournals.com/pacific/news/2026/06/22/west-maui-sports-fishing-open-lahaina.html,Pacific Business News,5 hours ago,"“ Opening the doors again in Lahaina means everything to our family,” co‑owner Lopaka Wilson said. “There were many moments over the last three years when we didn’t know what the future would look like. …",2026-06-23,store opening,,,,,,,
Entrepreneur launches creative workshops after opening Monroe Ave. storefront,https://www.bizjournals.com/memphis/news/2026/06/22/oh-sweets-natural-skin-care-monroe-workshops.html,Memphis Business Journal,10 hours ago,"She got a space at 65 Monroe Ave. That store has since closed. 



Once she opened her storefront, she realized she needed more and different kinds of product. She added oils, scrubs, and soaps to the lineup. …",2026-06-23,store opening,,,,,,,
Woodhouse Spa plans second KC-area location at Northridge Plaza,https://www.bizjournals.com/kansascity/news/2026/06/22/olathe-northridge-plaza-119th-day-spa-tenant-lease.html,Kansas City Business Journal,12 hours ago,"It will fill a standalone building previously occupied by a Hallmark Cards Inc. store within Northridge Plaza. The neighborhood shopping center sits just east of Interstate 35, near the northeast corner of Strang Line Road and 119th Street. …",2026-06-23,store opening,,,,,,,
New downtown pickleball courts bring free play to Peninsula development,https://www.bizjournals.com/columbus/news/2026/06/22/pickleball-courts-downtown-peninsula.html,Columbus Business First,13 hours ago,"“Neighborhoods aren’t defined solely by their largest developments, but by the everyday places and experiences that help foster a thriving community,” the statement added.

The group celebrated the grand opening last week ahead of the Juneteenth holiday.



The opening comes as the surrounding Peninsula development continues to evolve.

A 14-story residential building is under construction nearby at 317 W. …",2026-06-23,store opening,,,,,,,
8 things to know: Antique store to close after 11 years,https://www.bizjournals.com/baltimore/news/2026/06/22/8-things-to-know-wishbone-reserve-hamden-closing.html,Baltimore Business Journal,18 hours ago,"The shop at 3811 Falls Road in Hampden will be selling all inventory and fixtures at discounts until its closure. The store first opened in 2015 in Mt. Washington, according to Fishbowl, and moved to Hampden in 2018. Lilienfeld expressed gratitude in her post for the customers, coworkers, artists and others who supported the store .



…",2026-06-23,store opening,,,,,,,
Secret Recipe bakery to add speakeasy in July,https://www.bizjournals.com/louisville/news/2026/06/22/secret-recipe-bakery-to-add-speakeasy-in-july.html,Louisville Business First,19 hours ago,"The name Sole was inspired by the fact that the building was a former shoe store . Customers can access the speakeasy through a secret door in the basement.

“Our main focus is to pair cocktails with our desserts. …",2026-06-23,store opening,,,,,,,
What landing Ikea means for the Galleria (and WNY),https://www.bizjournals.com/buffalo/news/2026/06/22/ikea-coming-to-buffalo-area-retail-resurgence.html,Buffalo Business First,20 hours ago,"And June 16, the Walden Galleria in Cheektowaga announced that the well-known Swedish retailer is opening a 67,000-square-foot store there in early 2027. 

“It’s kind of a status symbol to have an Ikea, and they’re pretty hard to come by,” said Charles Lindsey, University at Buffalo School of Management associate marketing professor. …",2026-06-23,store opening,,,,,,,
Goodwill snags Osceola County retail plaza property for $9.9M,https://www.bizjournals.com/orlando/news/2026/06/22/goodwill-buys-kissimmee-vine-street-retail-plaza.html,Orlando Business Journal,20 hours ago,"Prior to this, it was a Salvation Army Family Store . The Goodwill opened earlier this year.

The side that holds the Ross was built in 1982, and before opening as a Ross in 2019 it was a Staples.

…",2026-06-23,store opening,,,,,,,
Taco Bell Cantina sets opening date in Arden Fair,https://www.bizjournals.com/sacramento/news/2026/06/25/taco-bell-cantina-opening-date-arden-fair.html,Sacramento Business Journal,7 hours ago,"""As consumer expectations continue to evolve, unique food and beverage concepts like Taco Bell Cantina help create a more dynamic and engaging environment, and we look forward to seeing guests experience this exciting new addition to the center.""

Taco Bell Corp. also confirmed in an email that the cantina is opening in the Sacramento mall on July 8 with a grand opening on July 11. Taco Bell is owned by Louisville, Kentucky-based Yum Brands Inc. …",2026-06-26,restaurant opening,,,,,,,
Banzito's Tacos opening brick-and-mortar location in Old Town Auburn,https://www.bizjournals.com/sacramento/news/2026/06/25/banzitos-tacos-auburn.html,Sacramento Business Journal,7 hours ago,"Honestly, we just fell in love with the area and we're very excited to show what we can bring."" 

Saldaña said he hopes to open his restaurant this fall. He said they are still deciding whether to continue selling from the food truck after the restaurant is open.…",2026-06-26,restaurant opening,"Preview this article 1 min
After years of selling tacos at pop-up events and from a food truck, Banzito's Tacos has chosen Old Town Auburn for its first brick-and-mortar shop.
Preview this article 1 min
After years of selling tacos at pop-up events and from a food truck, Banzito's Tacos has chosen Old Town Auburn for its first brick-and-mortar shop.",,,Banzito's Tacos opening brick-and-mortar location in Old Town Auburn,2026-06-25T17:11:00-04:00,,
Kansas City bar owner plants Denver location in former brewery space,https://www.bizjournals.com/denver/news/2026/06/25/something-good-denver-regis-neighborhood.html,Denver Business Journal,8 hours ago,"The owner of a popular bar in downtown Kansas City, Missouri, is planting its sister location in Denver’s Regis neighborhood.

Something Good, a cocktail bar and restaurant that describes its vibe as hanging in your best friend’s dad’s basement or garage, is opening its second location at the former home of Goldspot Brewing, a decade-old brewery that closed in 2025. …",2026-06-26,restaurant opening,,,,,,,
How a St. Paul mom turned one Keys Cafe into an eight-location family chain spanning 50 years,https://www.bizjournals.com/twincities/news/2026/06/25/barbara-hunn-founded-keys-cafe-twin-cities.html,Minneapolis / St. Paul Business Journal,8 hours ago,"Prior to taking ownership in 2025 when Celine retired, Costello had managed the restaurant since 2009.

""It's a huge opportunity to take on,"" Costello said. ""I purchased a restaurant that was hitting it out of the park. …",2026-06-26,restaurant opening,"Preview this article 1 min
Barbara Hunn opened the first Keys Cafe in 1973 with little experience. Now her four children and a grandchild own eight Twin Cities locations.
Preview this article 1 min
Barbara Hunn opened the first Keys Cafe in 1973 with little experience. Now her four children and a grandchild own eight Twin Cities locations.
2026 Fast 50
The Minneapolis/St. Paul Business Journal is seeking nominations for our 30th annual Fast 50 awards, recognizing the Twin Cities fastest-growing private companies.",,,How a St. Paul mom turned one Keys Cafe into an eight-location family chain spanning 50 years,2026-06-25T16:59:00-04:00,,
"First look: See inside Level99, the adult gaming venue set to open at Disney Springs",https://www.bizjournals.com/orlando/news/2026/06/25/level99-gaming-venue-disney-springs-opening-photos.html,Orlando Business Journal,8 hours ago,"It released the report in May, analyzing the number of new escape rooms, trampoline parks, arcade bars, art museums and virtual reality experiences opening across the United States and Canada.

The brokerage firm found that across North America, there are 16.5 million square feet of this type of tenant in the development pipeline — representing 721 locations being built.



…",2026-06-26,restaurant opening,,,,,,,
Chicago sports parlor The Vig sets opening date at The Couture in Milwaukee,https://www.bizjournals.com/milwaukee/news/2026/06/25/the-vig-sets-september-opening-the-couture.html,Milwaukee Business Journal,9 hours ago,"A Chicago-based “sports parlor” has set a Sept. 4 opening date for its Milwaukee debut, with The Vig planning to feature a late-night menu, classic cocktails and lakefront views when it opens in its second-floor home inside The Couture.

…",2026-06-26,restaurant opening,,,,,,,
Local culinary duo tapped to lead new concept in Southtown,https://www.bizjournals.com/sanantonio/news/2026/06/25/culinary-program-food-beverage-social-club-menu.html,San Antonio Business Journal,9 hours ago,"Their spaces are welcoming and comfortable, but the food is always exceptional,"" she said in a prepared statement. 

Details on membership, programming and an opening date will be announced in the coming months.…",2026-06-26,restaurant opening,,,,,,,
Minnesota Hockey Hall of Fame project delayed as city extends land deal,https://www.bizjournals.com/twincities/news/2026/06/25/minnesota-hockey-hall-of-fame-delay.html,Minneapolis / St. Paul Business Journal,10 hours ago,"Current plans for the Hall of Fame include:

30,000-square-foot museum with a Great Hall and five exhibit wings
State-of-the-art ice rink
20,000-square-foot performance venue
Hockey-themed restaurant and taproom
Multiple event and community gathering spaces


M.A. Mortenson Co. and Greiner Construction have been hired to do the general contracting work on the project.…",2026-06-26,restaurant opening,"Preview this article 1 min
The $70 million project failed to win $25 million in state support. Organizers are targeting private donations, including naming rights for the facility.
Preview this article 1 min
The $70 million project failed to win $25 million in state support. Organizers are targeting private donations, including naming rights for the facility.
MSPBJ Forum: Why Twin Cities
Why do professionals relocate to the Twin Cities? Why do they stay? And why does our regional economy need more people like them?",,,Minnesota Hockey Hall of Fame project delayed as city extends land deal,2026-06-25T14:44:00-04:00,,
Latin restaurant and social club to replace Lure in Midtown,https://www.bizjournals.com/atlanta/news/2026/06/25/botanico-cocina-replacing-lure-midtown.html,Atlanta Business Chronicle,10 hours ago,"The restaurant had been listed for sale at a price of $550,000.…",2026-06-26,restaurant opening,"Preview this article 1 min
One year after the seafood spot shuttered in Midtown, something new will open at the space.
Preview this article 1 min
One year after the seafood spot shuttered in Midtown, something new will open at the space.
2026 Best Places to Work + Healthiest Employers Awards
Join us as we reveal the rankings of the 2026 Best Places to Work and Healthiest Employers. We're combining two powerhouse events honoring Atlanta's top companies into one BIG celebration.
2026 Deals of the Year Awards
Atlanta Business Chronicle and ACG Atlanta are proud to present the 2026 Deals of the Year Awards, honoring the most significant transactions shaping the region - and the dealmakers, advisors, investors, and executives whose vision and expertise made them possible.",,,Latin restaurant and social club to replace Lure in Midtown,2026-06-25T14:23:00-04:00,,
How Bill the Barber beats the odds at 48-year-old Seven Locks Barbershop,https://www.bizjournals.com/washington/news/2026/06/25/seven-locks-barbershop-bill-stayeas.html,Washington Business Journal,11 hours ago,"At one point, Stayeas even set out to expand his enterprise, buying the building at 248 Main St. in Gaithersburg’s Kentlands neighborhood and opening a second barbershop. A couple years in, he decided to sell that shop; it still operates today and he continues to own the building, he says. …",2026-06-26,restaurant opening,"Preview this article 1 min
Long-term client or walk-in, it doesn't matter: “Be nice to the customers, help them, smile at them, bring them in, make them feel comfortable — that’s the key thing.”
Preview this article 1 min
Long-term client or walk-in, it doesn't matter: “Be nice to the customers, help them, smile at them, bring them in, make them feel comfortable — that’s the key thing.”",,,How Bill the Barber beats the odds at 48-year-old Seven Locks Barbershop,2026-06-25T13:20:00-04:00,,
Chef Johnny Curiel bets on new Cherry Creek cantina after Spanish restaurant fell short,https://www.bizjournals.com/denver/news/2026/06/25/johnny-curiel-tequiler-a-alte-o-mar-bella-boqueria.html,Denver Business Journal,14 hours ago,"Months after opening his first Spanish-influenced restaurant in Cherry Creek, Johnny Curiel is replacing it with a tequila-focused Mexican cantina pop-up

His original idea for the space failed to perform as he hoped and drifted from his original goals, he said.

…",2026-06-26,restaurant opening,,,,,,,
Brazilian-owned burger chain expands to Avalon Park with plans for 30 locations,https://www.bizjournals.com/orlando/news/2026/06/25/avalon-park-food-hall-burger-restaurant-brazil.html,Orlando Business Journal,16 hours ago,"The Brave Burger, an American hamburger concept with a Brazilian twist, is opening in a food hall in the rapidly developing downtown Avalon Park later this summer.

The chain restaurant was founded by Brazilian entrepreneur Sergio Bosco and is known for its made-to-order burgers with high-quality ingredients. …",2026-06-26,restaurant opening,"Preview this article 1 min
A Brazilian entrepreneur is bringing their burger concept to a food hall in the rapidly developing downtown Avalon Park later.
Preview this article 1 min
A Brazilian entrepreneur is bringing their burger concept to a food hall in the rapidly developing downtown Avalon Park later.
2026 Best Places to Work
Where Workplace Excellence Meets High Stakes. Join us August 19 for a casino-themed celebration of the region's Best Places to Work as surveyed by their employees. Take a chance and celebrate with us!",,,Brazilian-owned burger chain expands to Avalon Park with plans for 30 locations,2026-06-25T09:00:00-04:00,,
Escapology locks in Brookfield location as part of three-store Milwaukee-area growth plan,https://www.bizjournals.com/milwaukee/news/2026/06/25/escapology-expansion-brookfield.html,Milwaukee Business Journal,17 hours ago,"Benson said Escapology should complement neighboring businesses such as Kopp's Frozen Custard and sports bar and restaurant Bullwinkles at the Galleria.

""I think we'll work good together there,"" he said. ""It's a good spot and a good location.""

The Brookfield and Third Ward locations are part of a multi-unit agreement that requires Benson to open three Escapology venues within three years. 

…",2026-06-26,restaurant opening,"Preview this article 1 min
After securing locations in Milwaukee's Third Ward and Brookfield, Escapology's local franchise owner is already evaluating where a third Milwaukee-area venue could go.
Preview this article 1 min
After securing locations in Milwaukee's Third Ward and Brookfield, Escapology's local franchise owner is already evaluating where a third Milwaukee-area venue could go.
Women of Influence Awards
Milwaukee Business Journal celebrates 25 women who have grown their businesses, created products, inspired future generations and made Southeast Wisconsin a better place at our annual Women of Influence Awards.
C-Suite Stars & Executive of the Year - 2026
The Milwaukee Business Journal is accepting nominations for its C-Suite Stars and Executive of the Year awards, which recognize the work of corporate leaders in a range of functions.",,,Escapology locks in Brookfield location as part of three-store Milwaukee-area growth plan,2026-06-25T07:43:00-04:00,,
Brixx opens first Charlotte-area franchise restaurant with plans for growth,https://www.bizjournals.com/charlotte/news/2026/06/25/brixx-franchise-restaurant-concord-pizza-growth.html,Charlotte Business Journal,17 hours ago,"The restaurant can currently accommodate about 130 diners between the interior dining room and patio space, Issacs said. The patio will be enclosed in the next 30 to 60 days, adding slightly more capacity. 

…",2026-06-26,restaurant opening,"Preview this article 1 min
The 3,500-square-foot location opened June 22 in Concord. Three more locations by the same franchise owner are in the works.
Preview this article 1 min
The 3,500-square-foot location opened June 22 in Concord. Three more locations by the same franchise owner are in the works.",,,Brixx opens first Charlotte-area franchise restaurant with plans for growth,2026-06-25T07:25:00-04:00,,
Popular Jacksonville food truck opens first brick-and-mortar restaurant,https://www.bizjournals.com/jacksonville/news/2026/06/25/fatboy-fried-rice.html,Jacksonville Business Journal,19 hours ago,"Fatboy Fried Rice, with three area food trucks already, will have a soft opening of its first brick-and-mortar restaurant on July 1. 

The founding team of Joshua Valencia and Jun Marc Quinones brought on managing partner Sammy Masamayor to run the new restaurant , which is just south of San Jose Boulevard at 9735 Old St. …",2026-06-26,restaurant opening,,,,,,,
Convenience store chain QuikTrip opens newest location near NRG Stadium,https://www.bizjournals.com/houston/news/2026/06/25/quiktrip-convenience-store-inner-loop-nrg-stadium.html,Houston Business Journal,7 hours ago,"A popular Midwestern convenience store brand is expanding its reach in Houston with the opening of its first Inner Loop store on June 25.

Tulsa, Oklahoma-based QuikTrip Corp. is further cementing itself in a crowded convenience store and gas station chain lineup in the Houston area with its newest location at 9696 Main St., near NRG Park. …",2026-06-26,store opening,"Preview this article 1 min
QuikTrip has planted its latest flag in the Houston market with a 5,300-square-foot location near NRG Park — the convenience store chain's first Inner Loop location — and it has more plans to grow.
Preview this article 1 min
QuikTrip has planted its latest flag in the Houston market with a 5,300-square-foot location near NRG Park — the convenience store chain's first Inner Loop location — and it has more plans to grow.",,,Convenience store chain QuikTrip opens newest location near NRG Stadium,2026-06-25T17:51:00-04:00,,
St. Louis Character: PLNK Fitness founder sets sights on Midwest expansion,https://www.bizjournals.com/stlouis/news/2026/06/25/st-louis-character-brooke-meek-plnk-fitness.html,St. Louis Business Journal,8 hours ago,"Since opening PLNK Fitness in Plaza Frontenac in July 2016, founder Brooke Meek has grown the brand’s footprint to eight locations across five states. 

…",2026-06-26,store opening,"Preview this article 1 min
Brooke Meek plans to open two to three new locations annually starting in 2027. The brand targets markets overlooked by larger corporate gyms.
Preview this article 1 min
Brooke Meek plans to open two to three new locations annually starting in 2027. The brand targets markets overlooked by larger corporate gyms.
2026 Most Influential Business Women
The Most Influential Business Women Awards program, established in 1999, annually recognizes the accomplishments of the region's women business leaders.
Family Business Awards 2026
Do you know a business that has survived and thrived through generations of change? Nominate that company for the St. Louis Business Journal's Family Business Awards. Submit your nomination by July 12.",,,St. Louis Character: PLNK Fitness founder sets sights on Midwest expansion,2026-06-25T16:15:00-04:00,,
Buc-ee's closes on $14.8M land deal for massive Stafford County travel center,https://www.bizjournals.com/washington/news/2026/06/25/buc-ees-stafford-county-land-sale.html,Washington Business Journal,10 hours ago,"Nusbaum noted in its announcement of the land purchase that Buc-ee’s has not yet set a timetable for groundbreaking or opening of the location. The Norfolk company serves as the exclusive tenant rep for Buc-ee’s in Virginia.



The Stafford County Board of Supervisors in late May approved a rezoning and conditional use permit authorizing the Buc-ee’s location. …",2026-06-26,store opening,"Preview this article 1 minThe 74,000-square-foot store will feature 120 fuel pumps and create roughly 200 jobs.",,,Buc-ee's closes on $14.8M land deal for massive Stafford County travel center,2026-06-25T14:28:00-04:00,,
New Mexico developers open $50M hotel in Denver,https://www.bizjournals.com/albuquerque/news/2026/06/25/denver-rino-hotel-opening-new-mexico-developers.html,Albuquerque Business First,12 hours ago,"Amenities include a business center, meeting space, fitness center, convenience store and on-site restaurants.

Alliance Investments and Hamant Patel of Lotus Hotels were also involved the project. 

Carlsbad National Bank provided financing for the development. 

…",2026-06-26,store opening,"Preview this article 1 min
The 128-room Marriott AC Hotel Denver RiNo took about 18 months to build. The development group is continuing to evaluate higher-growth markets.
Preview this article 1 min
The 128-room Marriott AC Hotel Denver RiNo took about 18 months to build. The development group is continuing to evaluate higher-growth markets.
2026 Best Places to Work Awards
Join us for the 20th annual Best Places to Work Awards recognizing companies with excellent morale, engagement and retention.
2026 Diverse Business Leader Awards
Albuquerque Business First seeks to recognize leaders who are promoting authentic diversity and inclusion in the workplace.",,,New Mexico developers open $50M hotel in Denver,2026-06-25T12:59:00-04:00,,
Fitness giant flags fast-growing Wake County town for new location,https://www.bizjournals.com/triangle/news/2026/06/25/planet-fitness-wendell-falls-location.html,Triangle Business Journal,17 hours ago,"The gym is also eyeing a south Raleigh location and is hosting a grand opening sale for its location in Clayton at 150 Blakely St. 

Planet Fitness memberships range from $15 to $24.99 per month. 

Other fitness chains muscling into the Triangle include Crunch Fitness, which is taking over a former Barnes & Noble in Cary, and Powerhouse Gym going in at a former furniture store along Glenwood Avenue in Raleigh.…",2026-06-26,store opening,Preview this article 1 minThe gym franchise has been on a growth spurt in the Triangle as the fitness craze heats up.,,,Fitness giant flags fast-growing Wake County town for new location,2026-06-25T07:42:00-04:00,,
YouTube-famous real estate investor snags Tesla dealership property,https://www.bizjournals.com/orlando/news/2026/06/25/you-tube-ben-mallah-daytona-beach-tesla-purchase.html,Orlando Business Journal,19 hours ago,"Tomoka Town Center is also working on a retail expansion for a new 9,380-square-foot retail building with the potential to house four retailers.
White Castle at 1944 LPGA Blvd., opening in late summer 2026.
Audi dealership at 751 N. Tomoka Farms Road, opening in summer 2026.
A Baer’s Furniture along Automall Circle, near the Holiday Inn Daytona Beach LPGA Blvd.


 …",2026-06-26,store opening,"Preview this article 1 min
Just months after opening, Volusia County’s first Tesla dealership has changed hands in a major real estate deal as the booming area continues to attract big-name investors and brands.
Preview this article 1 min
Just months after opening, Volusia County’s first Tesla dealership has changed hands in a major real estate deal as the booming area continues to attract big-name investors and brands.",,,YouTube-famous real estate investor snags Tesla dealership property,2026-06-25T06:00:00-04:00,,
