title,link,date,Date_Appended
New in Holly Springs: Limra Mediterranean Restaurant & Cafe Opening Soon,https://www.businessdebut.com/new-in-holly-springs-limra-mediterranean-restaurant-cafe-opening-soon/,2026-08-12,2026-08-12
New in Wellington: La Coppetta Matta Coming Soon,https://www.businessdebut.com/new-in-wellington-la-coppetta-matta-coming-soon/,2026-08-11,2026-08-12
New and Coming Soon Roswell: OCT Chai Bar,https://www.businessdebut.com/new-and-coming-soon-roswell-oct-chai-bar/,2026-08-11,2026-08-12
New in Tampa: Liberty Smokehouse's Brick and Mortar Coming Soon,https://www.businessdebut.com/new-in-tampa-liberty-smokehouses-brick-and-mortar-coming-soon/,2026-08-11,2026-08-12
Opening a Restaurant? Avoid This $40k Mistake,https://www.businessdebut.com/opening-a-restaurant-avoid-this-40k-mistake/,2026-08-10,2026-08-10
"Wing Snob Davie Opening in August After Delays, $40K Loss",https://www.businessdebut.com/wing-snob-davie-opening-in-august-after-delays-40k-loss/,2026-08-10,2026-08-10
33 Restaurants Opening Across Florida We Found Last Month,https://www.businessdebut.com/33-restaurants-opening-across-florida-we-found-last-month/,2026-08-10,2026-08-10
Coming Soon Macon: Cafe Del A Bru,https://www.businessdebut.com/coming-soon-macon-cafe-del-a-bru/,2026-08-04,2026-08-05
Korean Fried Chicken Coming Soon to Atlanta: Pelicana Chicken,https://www.businessdebut.com/korean-fried-chicken-coming-soon-to-atlanta-pelicana-chicken/,2026-08-04,2026-08-05
Canadian Brand Planning Boca Raton Opening: Sushi Taxi,https://www.businessdebut.com/canadian-brand-planning-boca-raton-opening-sushi-taxi/,2026-08-04,2026-08-05
Coming Soon Clayton: Aroma Indian Cuisine,https://www.businessdebut.com/coming-soon-clayton-aroma-indian-cuisine/,2026-08-04,2026-08-05
Multi-Unit Expansion Plans in Store for Field of Greens,https://www.businessdebut.com/multi-unit-expansion-plans-in-store-for-field-of-greens/,2026-08-04,2026-08-04
Coming Soon Adel: Lion of Judah Ethiopian Restaurant,https://www.businessdebut.com/coming-soon-a-lion-of-judah-ethiopian-restaurant/,2026-08-03,2026-08-03
Coming Soon Palm City: Burger Daddy,https://www.businessdebut.com/coming-soon-palm-city-burger-daddy/,2026-08-03,2026-08-03
Coming Soon Sarasota: Avocado's Cocina Mexicana & Bar Opening 3rd Location,https://www.businessdebut.com/coming-soon-sarasota-avocados-cocina-mexicana-bar-opening-3rd-location/,2026-07-30,2026-07-30
Coming Soon Concord: 18-Year-Old Entrepreneur Opening Selah Coffee House,https://www.businessdebut.com/coming-soon-concord-18-year-old-entrepreneur-opening-selah-coffee-house/,2026-07-29,2026-07-29
Coming Soon West Ashville: Thunder Burgerz West,https://www.businessdebut.com/coming-soon-west-ashville-thunder-burgerz-west/,2026-07-29,2026-07-29
Coming Soon Snellville: Mi Mexico,https://www.businessdebut.com/coming-soon-snellville-mi-mexico/,2026-07-28,2026-07-28
Coming Soon Brandon: Outside BBQ,https://www.businessdebut.com/coming-soon-brandon-outside-bbq/,2026-07-28,2026-07-28
Coming Soon Hollywood: Meat Master Burger,https://www.businessdebut.com/coming-soon-hollywood-meat-master-burger/,2026-07-28,2026-07-28
Coming Soon: Salty Anchor Taphouse [Owner Interview],https://www.businessdebut.com/coming-soon-salty-anchor-taphouse-owner-interview/,2026-07-28,2026-07-28
Coming Soon St. Pete: Shaka Shrimp Kitchen,https://www.businessdebut.com/coming-soon-st-pete-shaka-shrimp-kitchen/,2026-07-28,2026-07-28
Coming Soon Lilburn: Bite Theory,https://www.businessdebut.com/coming-soon-lilburn-bite-theory/,2026-07-28,2026-07-28
Coming Soon Bradenton: Wardo's Smokin Tacos & BBQ [Owner Interview],https://www.businessdebut.com/wardos-smokin-tacos-bbq-copy/,2026-07-28,2026-07-28
Coming Soon Miami: Naz's Halal [Franchisee Interview],https://www.businessdebut.com/coming-soon-miami-nazs-halal-franchisee-interview/,2026-07-28,2026-07-28
Coming Soon Sanford: Shawarma Burgers,https://www.businessdebut.com/coming-soon-sanford-shawarma-burgers/,2026-07-28,2026-07-28
Coming Soon Charlotte: Evo Kitchen & Co.,https://www.businessdebut.com/coming-soon-charlotte-evo-kitchen-co/,2026-07-27,2026-07-27
Coming Soon Winter Garden: Sprout and Bean,https://www.businessdebut.com/coming-soon-winter-garden-sprout-and-bean/,2026-07-23,2026-07-23
Coming Soon Bethlehem: Killer Crust Pizza Expanding From Athens,https://www.businessdebut.com/coming-soon-bethlehem-killer-crust-pizza-expanding-from-athens/,2026-07-23,2026-07-23
Coming Soon to Liburn: Noori Food Hall,https://www.businessdebut.com/coming-soon-to-liburn-noori-food-hall/,2026-07-22,2026-07-22
New Milk Tea Spot in Jacksonville: Cafe 55,https://www.businessdebut.com/new-milk-tea-spot-in-jacksonville-cafe-55/,2026-07-21,2026-07-21
Coming Soon Fort Walton Beach: Mambo's Restaurant and Lounge,https://www.businessdebut.com/coming-soon-fort-walton-beach-mambos-restaurant-and-lounge/,2026-07-21,2026-07-21
Coming Soon Macon:  Everything Wafflez,https://www.businessdebut.com/coming-soon-macon-everything-wafflez/,2026-07-21,2026-07-21
Coming Soon Jacksonville: Gastro Subs,https://www.businessdebut.com/coming-soon-jacksonville-gastro-subs/,2026-07-21,2026-07-21
Coming Groveland: Kurosumi Brick and Mortar,https://www.businessdebut.com/coming-groveland-kurosumi-brick-and-mortar/,2026-07-21,2026-07-21
Coming Soon Daytona Beach: Bad Ass Coffee of Hawaii,https://www.businessdebut.com/coming-soon-daytona-beach-bad-ass-coffee-of-hawaii/,2026-07-20,2026-07-20
Coming Soon Ocoee & Davenport: Barrio Burrito Bar,https://www.businessdebut.com/coming-soon-ocoee-davenport-barrio-burrito-bar/,2026-07-20,2026-07-20
6 New and Coming Soon Independent Restaurants in Georgia,https://www.businessdebut.com/6-new-and-coming-soon-independent-restaurants-in-georgia/,2026-07-20,2026-07-21
Coming Soon Downtown Auburndale: Bebos Cajun Kitchen,https://www.businessdebut.com/coming-soon-downtown-auburndale-bebos-cajun-kitchen/,2026-07-20,2026-07-20
Coming Soon Fort Pierce: Oasis Noir Lounge,https://www.businessdebut.com/coming-soon-fort-pierce-oasis-noir-lounge/,2026-07-20,2026-07-20
Replacing Pop's Southern Buffet in Palatka: Crabby Ben's Seafood & Bar,https://www.businessdebut.com/replacing-pops-southern-buffet-in-palatka-crabby-bens-seafood-bar/,2026-07-17,2026-07-18
3 New (& Coming Soon) Pinellas County Restaurants [July],https://www.businessdebut.com/3-new-coming-soon-pinellas-county-restaurants-july/,2026-07-17,2026-07-18
2 New Restaurants Opening in Downtown Auburndale (owner intervews),https://www.businessdebut.com/2-new-restaurants-opening-in-downtown-auburndale-owner-intervews/,2026-07-15,2026-07-16
Marina Grille at CW Hotel and Resort Opens Today,https://www.businessdebut.com/marina-grille-at-cw-hotel-and-resort-opens-today/,2026-07-15,2026-07-15
Crazy Love Cafe Coming to Sandy Springs,https://www.businessdebut.com/crazy-love-cafe-coming-to-sandy-springs/,2026-07-14,2026-07-14
Coming Soon to Rockledge: Gump's Golden Griddle [Details],https://www.businessdebut.com/coming-soon-to-rockledge-gumps-golden-griddle-details/,2026-07-14,2026-07-14
Coming Soon Siesta Key: Whit's Frozen Custard,https://www.businessdebut.com/coming-soon-siesta-key-whits-frozen-custard/,2026-07-14,2026-07-14
Coming Soon in Brunswick: El Rey Tequilas Bar & Grill [Owner Interview],https://www.businessdebut.com/coming-soon-in-brunswick-el-rey-tequilas-bar-grill-owne/,2026-07-14,2026-07-14
Coming Soon to 2nd Ave in Miami: Kavacito [News Break],https://www.businessdebut.com/coming-soon-to-2nd-ave-in-miami-kavacito-news-break/,2026-07-14,2026-07-14
Coming Soon St. Pete: Mrs. Thelma's Southern Cuisine [Details],https://www.businessdebut.com/coming-soon-st-pete-mrs-thelmas-southern-cuisine-details/,2026-07-14,2026-07-14
Coming Soon to Calhoun: Casa Brasa Peruvian Restaurant [Owner Interview],https://www.businessdebut.com/coming-soon-to-calhoun-casa-brasa-peruvian-restaurant-owner-interview/,2026-07-14,2026-07-14
Coming Soon Titusville: Gump's Golden Griddle [Menu Sneak Peak],https://www.businessdebut.com/coming-soon-titusville-gumps-golden-griddle-menu-sneak-peak/,2026-07-14,2026-07-14
Orlando Restaurant News: Viet-Nomz Opening 4th Location [Owner Interview],https://www.businessdebut.com/orlando-restaurant-news-viet-nomz-opening-4th-location-owner-interview/,2026-07-14,2026-07-14
Here's the New Brewery and Restaurant Coming to Monticello [Interview],https://www.businessdebut.com/heres-the-new-brewery-and-restaurant-coming-to-monticello-interview/,2026-07-14,2026-07-14
Coming Soon to Johns Creek: Nonna Lucia Italian [Owner Interview],https://www.businessdebut.com/coming-soon-to-johns-creek-nonna-lucia-italian-owner-interview/,2026-07-14,2026-07-14
"4 New (& Coming Soon) Broward County Restaurants and Cafes [July 10, 2026]",https://www.businessdebut.com/4-new-coming-soon-broward-county-restaurants-and-cafes-july-10-2026/,2026-07-10,2026-07-11
Jacksonville Sushi Spot is Opening With Full Menu and an Omakase Counter,https://www.businessdebut.com/jacksonville-sushi-spot-is-opening-with-full-menu-and-an-omakase-counter/,2026-07-09,2026-07-09
Hillsborough County's 3 New (& Coming Soon) Burger Spots,https://www.businessdebut.com/hillsborough-counties-3-new-coming-soon-burger-spots/,2026-07-09,2026-07-10
Coming Soon to Homewood: NY Deli & Juice Bar,https://www.businessdebut.com/coming-soon-to-homewood-ny-deli-juice-bar/,2026-07-09,2026-07-09
3 Exciting Lee County Restaurants and Cafes Coming Soon,https://www.businessdebut.com/3-exciting-lee-county-restaurants-and-cafes-coming-soon/,2026-07-08,2026-07-09
[VIDEO] Proving the American Dream is Still Alive in 2026,https://www.businessdebut.com/video-proving-the-american-dream-is-still-alive-in-2026/,2026-07-07,2026-07-08
Replacing Speedi-Pig in Fayetteville: Santa Maria,https://www.businessdebut.com/replacing-speedi-pig-in-fayetteville-santa-maria/,2026-07-07,2026-07-07
Koa Sushi Opening a Brick and Mortar in Mills 50,https://www.businessdebut.com/koa-sushi-opening-a-brick-and-mortar-in-mills-50/,2026-07-07,2026-07-08
Tampa Expansion: Byte Burger Opening a New Location,https://www.businessdebut.com/tampa-expansion-byte-burger-opening-a-new-location-copy/,2026-07-07,2026-07-08
Cultural Heritage and Ancestry Are Behind This Upcoming Chattanooga Restaurant,https://www.businessdebut.com/cultural-heritage-and-ancestry-are-behind-this-upcoming-chattanooga-restaurant/,2026-07-07,2026-07-08
Coming Soon Orlando: Desi Chowrastha Indian Eatery,https://www.businessdebut.com/coming-soon-orlando-desi-chowrastha-indian-eatery/,2026-07-07,2026-07-08
"7 New Restaurants Opening in Orange County, FL [July 6, 2026]",https://www.businessdebut.com/7-new-restaurants-opening-in-orange-county-fl-july-6-2026/,2026-07-06,2026-07-07
Coming Soon Martinez: Griffin's Steakhouse Opening July 10th,https://www.businessdebut.com/coming-soon-martinez-griffins-steakhouse-opening-july-10th/,2026-07-06,2026-07-06
37 New (& Coming Soon) Florida Restaurants We Found in June 2026,https://www.businessdebut.com/37-new-coming-soon-florida-restaurants-we-found-in-june-2026/,2026-07-02,2026-07-03
New Seafood Restaurant Opening in Fuquay-Varina: TrySeafood Grill,https://www.businessdebut.com/new-seafood-restaurant-opening-in-fuquay-varina-tryseafood-grill/,2026-06-30,2026-07-01
New Restaurant in Palm Harbor: Costa Vida Coming Soon,https://www.businessdebut.com/new-restaurant-in-palm-harbor-costa-vida-coming-soon/,2026-06-30,2026-07-01
Coming Soon Orlando: Daje Pinsa,https://www.businessdebut.com/coming-soon-orlando-daje-pinsa/,2026-06-30,2026-07-01
Gwinnett County Restaurant Changes Hands: NY Prime Fried Chicken,https://www.businessdebut.com/gwinnett-county-restaurant-changes-hands-ny-prime-fried-chicken/,2026-06-30,2026-07-01
Authentic Thai Coming to Orlando: Nep Sai Gon Bbq & Hotpot,https://www.businessdebut.com/authentic-thai-coming-to-orlando-nep-sai-gon-bbq-hotpot/,2026-06-30,2026-07-01
Dawsonville BBQ Brand Opening Commissary Kitchen & Food Truck: Southern Sassy BBQ,https://www.businessdebut.com/dawsonville-bbq-brand-opening-commissary-kitchen-food-truck-southern-sassy-bbq/,2026-06-30,2026-07-01
"Coming Soon to Edgewater Dr, Orlando: Void Restaurant",https://www.businessdebut.com/coming-soon-to-edgewater-dr-orlando-void-restaurant/,2026-06-30,2026-07-01
Mexican Fast Casual Coming to Riverview: Barrio Burrito Bar,https://www.businessdebut.com/mexican-fast-casual-coming-to-riverview-barrio-burrito-bar/,2026-06-30,2026-07-01
Here's What's Replacing White Duck Taco in Downtown Greenville: Tipsy Taco,https://www.businessdebut.com/heres-whats-replacing-white-duck-taco-in-downtown-greenville-tipsy-taco/,2026-06-30,2026-07-01
"19 Restaurants Opening Across Georgia We Found This Month [June 30, 2026]",https://www.businessdebut.com/19-restaurants-opening-across-georgia-we-found-this-month-j/,2026-06-30,2026-07-01
Spanish Restaurant Coming to Miami: Plaza De Espana,https://www.businessdebut.com/spanish-restaurant-coming-to-miami-plaza-de-espana/,2026-06-30,2026-07-01
Volusia County Food Truck Opening a Brick and Mortar: Double Dippin',https://www.businessdebut.com/volusia-county-food-truck-opening-a-brick-and-mortar-double-dippin/,2026-06-30,2026-07-01
Coming Soon College Park: Alma Argentina,https://www.businessdebut.com/coming-soon-college-park-alma-argentina/,2026-06-29,2026-06-29
Coming Soon to Dania Beach: Mystic Social Club,https://www.businessdebut.com/comingmystic-social-club/,2026-06-29,2026-06-29
"Florida Business Formations | June 27, 2026",https://www.businessdebut.com/florida-business-formations-june-27-2026/,2026-06-27,2026-07-01
"3 Coming Soon Gwinnett County Restaurants [June 27, 26]",https://www.businessdebut.com/3-coming-soon-gwinnett-county-restaurants-june-27-26/,2026-06-27,2026-06-29
Interviewing a pizzeria owner after 35 years of business,https://www.businessdebut.com/interviewing-legendary-downtown-atl-pizzeria-rosas-pizza/,2026-06-26,2026-06-27
Coming Soon to Prattville: Smash Mouth Foods,https://www.businessdebut.com/coming-soon-to-prattville-smash-mouth-foods/,2026-06-26,2026-06-27
"Florida Business Formations | June 26, 2026",https://www.businessdebut.com/florida-business-formations-june-26-2026/,2026-06-26,2026-06-27
One $13m Roller Coaster Later and Fun Spot Atlanta is Closing,https://www.businessdebut.com/one-13mm-coaster-later-and-fun-spot-atlanta-is-closing/,2026-06-25,2026-06-26
Coming Soon to Gainesville: Taqueria El Viajero Replacing Brandon's Cafe,https://www.businessdebut.com/coming-soon-to-gainesville-taqueria-el-viajero-replacing-brandons-cafe/,2026-06-25,2026-06-26
"Florida Business Registrations | June 25, 2026",https://www.businessdebut.com/florida-business-registrations-june-25-2026/,2026-06-25,2026-06-26
4 Polk County Restaurants Get Perfect Inspection Scores Ahead of Opening,https://www.businessdebut.com/4-polk-county-restaurants-score-perfect-inspection-scores-ahead-of-opening/,2026-06-25,2026-06-26
"10 Restaurants Opening Across Florida [June 25, 2026]",https://www.businessdebut.com/10-restaurants-opening-across-florida-june-25-2026/,2026-06-25,2026-06-26
"Florida Business Formations | June 24, 2026",https://www.businessdebut.com/florida-business-formations-june-24-2026/,2026-06-24,2026-06-25
"3 New (& Coming Soon) Volusia County Restaurants [July 24, 2026]",https://www.businessdebut.com/3-new-coming-soon-volusia-county-restaurants-july-24-2026/,2026-06-24,2026-06-25
We Found Five New Restaurants Coming to Greater Atlanta: Read About Them Here,https://www.businessdebut.com/we-found-five-new-restaurants-coming-to-greater-atlanta-read-about-them-here/,2026-06-24,2026-06-25
4 Best Cobb County Restaurants for Wine According to Wine Spectator,https://www.businessdebut.com/4-best-cobb-county-restaurants-for-wine-according-to-wine-spectator/,2026-06-24,2026-06-25
This New Caribbean Market and Restaurant is Opening in North Miami Beach,https://www.businessdebut.com/this-new-caribbean-market-and-restaurant-is-opening-in-north-miami-beach/,2026-06-23,2026-06-24
This Local Food Truck is Opening a Brick and Mortar in McDonough: Poolie's BBQ & Grill,https://www.businessdebut.com/this-local-food-truck-is-opening-a-brick-and-mortar-in-mcdonough-poolies-bbq-grill/,2026-06-23,2026-06-24
Coming Soon to Pensacola: Mister Burger,https://www.businessdebut.com/coming-soon-to-pensacola-mister-burger/,2026-06-23,2026-06-24
Jacksonville Food Truck Brand Opening Brick and Mortar: Fatboy Friedrice,https://www.businessdebut.com/jacksonville-food-truck-brand-opening-brick-and-mortar-fatboy-friedrice/,2026-06-23,2026-06-24
Multi-State Expansion: Keke's Breakfast Cafe Opening in FL and GA,https://www.businessdebut.com/multi-state-expansion-kekes-breakfast-cafe-opening-in-fl-and-ga/,2026-06-23,2026-06-24
A Destination for Parents and Children is Coming to Cape Coral: My Village Play Cafe,https://www.businessdebut.com/a-destination-for-parents-and-children-is-coming-to-cape-coral-my-village-play-cafe/,2026-06-23,2026-06-24
Norcross is Getting a New Nightclub and Lounge: Library ATL,https://www.businessdebut.com/norcross-is-getting-a-new-nightclub-and-lounge-library-atl/,2026-06-23,2026-06-24
A New 50's Style Diner is Bringing Nostalgia to Orlando,https://www.businessdebut.com/a-new-50s-style-diner-is-bringing-nostalgia-to-orlando/,2026-06-23,2026-06-24
Here's What's Replacing BOCA in Summerhill: Viva,https://www.businessdebut.com/heres-whats-replacing-boca-in-summerhill-viva/,2026-06-23,2026-06-24
"Bunkerr Golf Lounge Now Open in Plantation, Adding Food Menu Soon",https://www.businessdebut.com/bunkerr-golf-lounge-now-open-in-plantation-adding-food-menu-soon/,2026-06-23,2026-06-24
"Florida Business Formations | June 22, 2026",https://www.businessdebut.com/florida-business-formations-june-22-2026/,2026-06-23,2026-06-24
"3 New (& Coming Soon) Cobb County Restaurants [June 22, 2026]",https://www.businessdebut.com/3-new-coming-soon-cobb-county-restaurants-june-22-2026/,2026-06-22,2026-06-23
"Florida Business Formations | June 21, 2026",https://www.businessdebut.com/florida-business-formations-june-21-2026/,2026-06-22,2026-06-23
"3 New (& Coming Soon) Lake County Restaurants [June 21, 2026]",https://www.businessdebut.com/3-new-coming-soon-lake-county-restaurants-june-21-2026/,2026-06-21,2026-06-22
PSL's Newest Restaurant Coming Soon: Dare Goes Da Pasta,https://www.businessdebut.com/psls-newest-restaurant-coming-soon-dare-goes-da-pasta/,2026-06-21,2026-06-22
"Norcross' newest cigar lounge, restaurant and bar: Tailored Smoke coming soon",https://www.businessdebut.com/norcross-newest-cigar-lounge-restaurant-and-bar-tailored-smoke-coming-soon/,2026-06-20,2026-06-21
"4 New (& Coming Soon) Miami-Dade County Restaurants [June 20, 2026]",https://www.businessdebut.com/4-new-coming-soon-miami-dade-county-restaurants-june-20-2026/,2026-06-20,2026-06-21
From the owners of Bread and Butterfly: Heritage Supper Club opening soon,https://www.businessdebut.com/from-the-owners-of-bread-and-butterfly-heritage-supper-club-opening-soon/,2026-06-20,2026-06-21
"Florida Business Formations | June 20, 2026",https://www.businessdebut.com/florida-business-formations-june-20-2026/,2026-06-20,2026-06-23
Titusville Business Moving to Mims: Whiskey's Bar and Grill,https://www.businessdebut.com/titusville-business-moving-to-mims-whiskeys-bar-and-grill/,2026-06-19,2026-06-20
"5 New (& Coming Soon) Brevard County Restaurants [June 19, 2026]",https://www.businessdebut.com/5-new-coming-soon-brevard-county-restaurants-june-19-2026/,2026-06-19,2026-06-20
"3 New (& Coming Soon) Broward County Businesses [June 18, 26]",https://www.businessdebut.com/3-new-coming-soon-broward-county-businesses-june-18-26/,2026-06-18,2026-06-19
"4 Coming Soon Hillsborough County Restaurants [June 17, 2026]",https://www.businessdebut.com/4-coming-soon-hillsborough-county-restaurants-june-17-2026/,2026-06-17,2026-06-18
We Found 6 New Restaurants Opening Across GA: Here's the List,https://www.businessdebut.com/we-found-6-new-restaurants-opening-across-ga-heres-the-list/,2026-06-17,2026-06-18
Here's What's Replacing DJ's Deck in Port Orange: Two Jerks Tiki Bar & Grill,https://www.businessdebut.com/heres-whats-replacing-djs-deck-in-port-orange-two-jerks-tiki-bar-grill/,2026-06-16,2026-06-17
Here Are the Details About The Yardery's Wildwood Location,https://www.businessdebut.com/here-are-the-details-about-the-yarderys-wildwood-location/,2026-06-16,2026-06-17
Tap In Tavern Launching Food and Beverage at Zen Springs Golf Club,https://www.businessdebut.com/tap-in-tavern-launching-food-and-beverage-at-zen-springs-golf-club/,2026-06-16,2026-06-17
Here's What's Opening on Apopka's Main Street: Don Patron Bistro and Social,https://www.businessdebut.com/heres-whats-opening-on-apopkas-main-street-don-patron-bistro-and-social/,2026-06-16,2026-06-17
New I-75 Stop Roadhouse Chicken Co. is Opening in Lake City on June 17,https://www.businessdebut.com/new-i-75-stop-roadhouse-chicken-co-is-opening-in-lake-city-on-june-17/,2026-06-16,2026-06-17
Here's the New Cajun Seafood Spot Coming to Johns Creek: Rocky Claws,https://www.businessdebut.com/heres-the-new-cajun-seafood-spot-coming-to-johns-creek-rocky-claws/,2026-06-16,2026-06-17
Backwoods Country Kitchen Coming to Interlachen,https://www.businessdebut.com/backwoods-country-kitchen-coming-to-interlachen/,2026-06-16,2026-06-17
Tallahassee's Newest Comfort Food Spot: Authentic Gyros & Grill Opening Soon,https://www.businessdebut.com/tallahassees-newest-comfort-food-spot-authentic-gyros-grill-opening-soon/,2026-06-16,2026-06-17
A New Restaurant is Opening in Woodbury: Riverside Bar and Grill,https://www.businessdebut.com/a-new-restaurant-is-opening-in-woodbury-riverside-bar-and-grill/,2026-06-16,2026-06-17
Here Are the Details of Tacos & Tequila Cantina's Plans in Cape Coral and The Villages,https://www.businessdebut.com/here-are-the-details-of-tacos-tequila-cantinas-plans-in-cape-coral-and-the-villages/,2026-06-16,2026-06-17
Here's the Dominican Restaurant Opening in Lilburn: Villa Mella,https://www.businessdebut.com/heres-the-dominican-restaurant-opening-in-lilburn-villa-mella/,2026-06-16,2026-06-17
Smashbird Bringing Grab-and-Go Burgers to Savannah,https://www.businessdebut.com/smashbird-bringing-grab-and-go-burgers-to-savannah/,2026-06-15,2026-06-15
4T’s Eatery Returning to Jacksonville,https://www.businessdebut.com/4ts-eatery-returning-to-jacksonville/,2026-06-15,2026-06-15
Honey's Po'boys and Gumbo Coming to Marietta,https://www.businessdebut.com/honeys-poboys-and-gumbo-coming-to-marietta/,2026-06-15,2026-06-15
La Bonita Taqueria Bringing Mexican Street Food to Webster,https://www.businessdebut.com/la-bonita-taqueria-bringing-mexican-street-food-to-webster/,2026-06-11,2026-06-12
The Brunch Box Targeting Food Trailer Launch in Jacksonville,https://www.businessdebut.com/the-brunch-box-targeting-food-trailer-launch-in-jacksonville/,2026-06-11,2026-06-12
Polynesian BBQ Launching Island-Style Food Truck in Crestview,https://www.businessdebut.com/polynesian-bbq-launching-island-style-food-truck-in-crestview/,2026-06-11,2026-06-12
Quesadilla Kingz Bringing Tex-Mex Food Truck to Miami,https://www.businessdebut.com/quesadilla-kingz-bringing-tex-mex-food-truck-to-miami/,2026-06-11,2026-06-12
Georgia's First All-Pink Cafe High Noon Brunchery Opening in Buckhead,https://www.businessdebut.com/georgias-first-all-pink-cafe-high-noon-brunchery-opening-in-buckhead/,2026-06-11,2026-06-12
R&J BBQ Bringing West Texas Barbecue to Jacksonville,https://www.businessdebut.com/r-j-bbq-bringing-west-texas-barbecue-to-jacksonville/,2026-06-09,2026-06-09
Wing Franchise Wingsnob Opening in Wesley Chapel,https://www.businessdebut.com/wing-franchise-wingsnob-opening-in-wesley-chapel/,2026-06-09,2026-06-10
Jamaican Jerk Biz Heading to Buckhead,https://www.businessdebut.com/jamaican-jerk-biz-heading-to-buckhead/,2026-06-09,2026-06-10
Flipside Burger Bar Expanding to Rossville,https://www.businessdebut.com/flipside-burger-bar-expanding-to-rossville/,2026-06-09,2026-06-09
Local Burger Chain PCG Burgers Opening in Winter Springs & Windermere,https://www.businessdebut.com/local-burger-chain-pcg-burgers-opening-in-winter-springs-windermere/,2026-06-09,2026-06-10
Mini & Me Play Cafe Opening in Pensacola,https://www.businessdebut.com/mini-me-play-cafe-opening-in-pensacola/,2026-06-09,2026-06-10
Delilah’s Everyday Soul Now Targeting Summer Opening in Downtown,https://www.businessdebut.com/delilahs-everyday-soul-now-targeting-summer-opening-in-downtown/,2026-06-09,2026-06-09
Graze Craze Opening Charcuterie Shop in Alpharetta,https://www.businessdebut.com/graze-craze-opening-charcuterie-shop-in-alpharetta/,2026-06-09,2026-06-09
Bagels and Board Games Coming to Commerce,https://www.businessdebut.com/bagels-and-board-games-coming-to-commerce/,2026-06-09,2026-06-09
Aroma Indian Bar And Grill Bringing Fusion Eats to Auburndale,https://www.businessdebut.com/aroma-indian-bar-and-grill-bringing-fusion-eats-to-auburndale/,2026-06-09,2026-06-10
Northeastern Burger Chain Slap Burger Bringing Late Night Eats to Tampa,https://www.businessdebut.com/northeastern-burger-chain-slap-burger-bringing-late-night-eats-to-tampa/,2026-06-09,2026-06-10
Hummus Republic Opening First Loganville Location,https://www.businessdebut.com/hummus-republic-opening-first-loganville-location/,2026-06-09,2026-06-09
Bucket Club brings South American grill flavors to Wynwood food truck park,https://www.businessdebut.com/bucket-club-brings-south-american-grill-flavors-to-wynwood-food-truck-park/,2026-06-09,2026-06-09
Yemeni Coffee Shop Azal Coffee Opening in Altamonte Springs,https://www.businessdebut.com/yemeni-coffee-shop-azal-coffee-opening-in-altamonte-springs/,2026-06-09,2026-06-10
Here are 64 restaurants opening in Florida we found last month,https://www.businessdebut.com/here-are-64-restaurants-opening-in-florida-we-found-last-month/,2026-06-08,2026-06-09
4 Hillsborough County Restaurants Opening This Month,https://www.businessdebut.com/4-hillsborough-county-restaurants-opening-this-month/,2026-06-06,2026-06-07
"This 9 New Restaurants are Opening in Georgia [June 4, 2026]",https://www.businessdebut.com/this-9-new-restaurants-are-opening-in-georgia-june-4-2026/,2026-06-04,2026-06-05
This Louisiana-Inspired Cafe is Coming to Powder Springs,https://www.businessdebut.com/this-louisiana-inspired-cafe-is-coming-to-powder-springs/,2026-06-02,2026-06-03
Plant City Getting New Restaurant in Two Weeks,https://www.businessdebut.com/plant-city-getting-new-restaurant-in-two-weeks/,2026-06-02,2026-06-03
A Look at the Concessions in Jacksonville's Huguenot Park,https://www.businessdebut.com/a-look-at-the-concessions-in-jacksonvilles-huguenot-park/,2026-06-02,2026-06-03
Local Restaurant Scores Larger Location in Peachtree Corners,https://www.businessdebut.com/local-restaurant-scores-larger-location-in-peachtree-corners/,2026-06-02,2026-06-03
Olde Town Conyers Getting This New Coffee Shop,https://www.businessdebut.com/olde-town-conyers-getting-this-new-coffee-shop/,2026-06-02,2026-06-03
Jade Dumpling And Noodle Bringing Authentic Chinese Cuisine,https://www.businessdebut.com/jade-dumpling-and-noodle-bringing-authentic-chinese-cuisine/,2026-06-02,2026-06-03
Miami's First Paris Baguette Eyes an Opening Date,https://www.businessdebut.com/miamis-first-paris-baguette-eyes-an-opening-date/,2026-06-02,2026-06-03
This Rooftop Experience is Coming Soon to Rocky Mount,https://www.businessdebut.com/this-rooftop-experience-is-coming-soon-to-rocky-mount/,2026-06-01,2026-06-02
Modern Asian Curated Streetfoods Joining Lakeside Social,https://www.businessdebut.com/modern-asian-curated-streetfoods-joining-lakeside-social/,2026-06-01,2026-06-02
This Jamaican Food Truck is Launching in Atlanta,https://www.businessdebut.com/this-jamaican-food-truck-is-launching-in-atlanta/,2026-06-01,2026-06-02
New Jersey-Influenced Bar and Grill Opening in Duluth,https://www.businessdebut.com/new-jersey-influenced-bar-and-grill-opening-in-duluth/,2026-06-01,2026-06-02
This Local Cuban Chain is Opening in Melbourne,https://www.businessdebut.com/this-local-cuban-chain-is-opening-in-melbourne/,2026-06-01,2026-06-02
A Look at 3 Restaurants Coming Soon in Polk County,https://www.businessdebut.com/a-look-at-3-restaurants-coming-soon-in-polk-county/,2026-05-30,2026-05-31
Phatboy Sushi Expanding with Palm Beach Gardens Restaurant,https://www.businessdebut.com/phatboy-sushi-expanding-with-palm-beach-gardens-restaurant/,2026-05-29,2026-05-30
"Mutt’s on Main Bringing Historic Building Back to Life in Baxley, GA",https://www.businessdebut.com/mutts-on-main-bringing-historic-building-back-to-life-in-baxley-ga/,2026-05-29,2026-05-30
Kabayan Bites Bringing Pinoy Comfort Food to Rocky Mount,https://www.businessdebut.com/kabayan-bites-bringing-pinoy-comfort-food-to-rocky-mount/,2026-05-29,2026-05-30
Cookie Fix Opening at Medley This Fall,https://www.businessdebut.com/cookie-fix-opening-at-medley-this-fall/,2026-05-29,2026-05-30
Moos and Brews Bringing Ice Cream and Coffee to Carrollton,https://www.businessdebut.com/moos-and-brews-bringing-ice-cream-and-coffee-to-carrollton/,2026-05-29,2026-05-30
Ladder Company Cafe Preparing Downtown Lumberton Debut,https://www.businessdebut.com/ladder-company-cafe-preparing-downtown-lumberton-debut/,2026-05-29,2026-05-30
3 Sarasota County Restaurants to Know Before They Open,https://www.businessdebut.com/3-sarasota-county-restaurants-to-know-before-they-open/,2026-05-28,2026-05-29
"Sugarphin plans Asian street food, social hangout in Duluth",https://www.businessdebut.com/sugarphin-plans-asian-street-food-social-hangout-in-duluth/,2026-05-28,2026-05-29
Locohana Tropical Grill Debuting First Franchise in Destin,https://www.businessdebut.com/locohana-tropical-grill-debuting-first-franchise-in-destin/,2026-05-28,2026-05-29
Obscure Wine Company Opening Third Location in Auburndale,https://www.businessdebut.com/obscure-wine-company-opening-third-location-in-auburndale/,2026-05-28,2026-05-29
"3 Coming Soon Palm Beach County Restaurants [May 27, 2026]",https://www.businessdebut.com/5-coming-soon-palm-beach-county-restaurants-may-27-2026/,2026-05-27,2026-05-29
Jade’s East Coast Coffee Co Launching Mobile Beverage Trailer,https://www.businessdebut.com/jades-east-coast-coffee-co-launching-mobile-beverage-trailer/,2026-05-27,2026-05-28
4 Exciting Restaurants Announce ATL Openings,https://www.businessdebut.com/4-exciting-restaurants-announce-atl-openings/,2026-05-27,2026-05-29
JavaCone Launching Family-Run Coffee and Ice Cream Concept,https://www.businessdebut.com/javacone-launching-family-run-coffee-and-ice-cream-concept/,2026-05-26,2026-05-26
Essenza Italian Eatery & Market Set to Open on Commercial Blvd,https://www.businessdebut.com/essenza-italian-eatery-market-set-to-open-on-commercial-blvd/,2026-05-26,2026-05-26
Trattoria Napoli Aiming for Summer Opening in Zephyrhills,https://www.businessdebut.com/trattoria-napoli-aiming-for-summer-opening-in-zephyrhills/,2026-05-26,2026-05-26
Chucho Opening First USA Location in Roswell,https://www.businessdebut.com/chucho-opening-first-usa-location-in-roswell/,2026-05-26,2026-05-26
Burrito Shak Expanding Into Kannapolis with New Franchise Location,https://www.businessdebut.com/burrito-shak-expanding-into-kannapolis-with-new-franchise-location/,2026-05-26,2026-05-26
All Kinds Set to Open with Local Artisan Goods and Wine,https://www.businessdebut.com/all-kinds-set-to-open-with-local-artisan-goods-and-wine/,2026-05-26,2026-05-26
Picanha 305 Upscaling Brazilian Steakhouse in Miami,https://www.businessdebut.com/picanha-305-upscaling-brazilian-steakhouse-in-miami/,2026-05-26,2026-05-26
Monti Primo Ristorante Introducing Family-Style Italian Dining to Belleview,https://www.businessdebut.com/monti-primo-ristorante-introducing-family-style-italian-dining-to-belleview/,2026-05-26,2026-05-26
CT Cantina & Taqueria Expanding to Johns Creek,https://www.businessdebut.com/ct-cantina-taqueria-expanding-to-johns-creek/,2026-05-26,2026-05-26
Laplies Caribbean Eatz Bringing Homemade Caribbean Comfort Food to Orlando,https://www.businessdebut.com/laplies-caribbean-eatz-bringing-homemade-caribbean-comfort-food-to-orlando/,2026-05-26,2026-05-26
Guac & Roll Launching Cuban-Mexican Dining Spot with Outdoor Seating,https://www.businessdebut.com/guac-roll-launching-cuban-mexican-dining-spot-with-outdoor-seating/,2026-05-26,2026-05-26
Melt Launching Family-Owned Smash Burger Spot in Sarasota,https://www.businessdebut.com/melt-launching-family-owned-smash-burger-spot-in-sarasota/,2026-05-26,2026-05-26
Corner Haus Bringing Creative Co-Op Concept to Tampa,https://www.businessdebut.com/corner-haus-bringing-creative-co-op-concept-to-tampa/,2026-05-26,2026-05-26
Twin Brothers Daiquiris Launching Across South Florida in June,https://www.businessdebut.com/twin-brothers-daiquiris-launching-across-south-florida-in-june/,2026-05-26,2026-05-26
Piedmont Delicatessen Opening in Downtown Gastonia,https://www.businessdebut.com/piedmont-delicatessen-opening-in-downtown-gastonia/,2026-05-26,2026-05-26
Antika Bringing Mediterranean Tapas and Cocktails to Marietta,https://www.businessdebut.com/antika-bringing-mediterranean-tapas-and-cocktails-to-marietta/,2026-05-26,2026-05-26
La Victoria Raleigh Bringing Elevated Mexican Dining to Raleigh,https://www.businessdebut.com/la-victoria-raleigh-bringing-elevated-mexican-dining-to-raleigh/,2026-05-26,2026-05-26
9 New Restaurants You Don't Know Are Opening in Florida,https://www.businessdebut.com/9-new-restaurants-you-dont-know-are-opening-in-florida/,2026-05-26,2026-05-28
Two Daughters Bagels Bringing New York-Style Bagels to Largo,https://www.businessdebut.com/two-daughters-bagels-bringing-new-york-style-bagels-to-largo/,2026-05-26,2026-05-26
Urban Tea Party Launching Tea Lounge in Sweet Auburn,https://www.businessdebut.com/urban-tea-party-launching-tea-lounge-in-sweet-auburn/,2026-05-26,2026-05-26
"Karak House Coffee Plans Debut in Charlotte, First in NC",https://www.businessdebut.com/karak-house-coffee-plans-debut-in-charlotte-first-in-nc/,2026-05-25,2026-05-25
"21 New Restaurants and Food Trucks Opening in Florida [May 21, 2026]",https://www.businessdebut.com/21-new-restaurants-and-food-trucks-opening-in-florida-may-21-2026/,2026-05-21,2026-05-22
Donut Shark Launching Mobile Donut Concept in East Bend,https://www.businessdebut.com/donut-shark-launching-mobile-donut-concept-in-east-bend/,2026-05-19,2026-05-19
Conchiglia Blends Coastal Italian Cooking With Key West Character,https://www.businessdebut.com/conchiglia-blends-coastal-italian-cooking-with-key-west-character/,2026-05-19,2026-05-19
Hennessy Williams Food Truck Launching Across Palm Beach County,https://www.businessdebut.com/hennessy-williams-food-truck-launching-across-palm-beach-county/,2026-05-19,2026-05-19
Tequesta Smokehouse Debuting at Existing Tequesta Brewery,https://www.businessdebut.com/tequesta-smokehouse-debuting-at-existing-tequesta-brewery/,2026-05-19,2026-05-19
Pirate Island Pizza And BBQ Opening in Fernandina Beach,https://www.businessdebut.com/pirate-island-pizza-and-bbq-opening-in-fernandina-beach/,2026-05-19,2026-05-19
Fiorenza Italian Bringing Tuscan Dining to Alpharetta,https://www.businessdebut.com/fiorenza-italian-bringing-tuscan-dining-to-alpharetta/,2026-05-19,2026-05-19
Mike’s Deli Inc. Bringing Motor City Deli Concept to Port St. Joe,https://www.businessdebut.com/mikes-deli-inc-bringing-motor-city-deli-concept-to-port-st-joe/,2026-05-19,2026-05-19
Fresh Kitchen Bringing Scratch-Made Bowls to Winter Park,https://www.businessdebut.com/fresh-kitchen-bringing-scratch-made-bowls-to-winter-park/,2026-05-19,2026-05-19
Crab N Catch Expanding to Thomasville,https://www.businessdebut.com/crab-n-catch-expanding-to-thomasville/,2026-05-19,2026-05-19
Carrburritos Plans Move to Carr Mill Mall in Carrboro,https://www.businessdebut.com/carrburritos-plans-move-to-carr-mill-mall-in-carrboro/,2026-05-19,2026-05-19
Mile Marker 803 Clubhouse to Open in Palm Coast,https://www.businessdebut.com/mile-marker-803-clubhouse-to-open-in-palm-coast/,2026-05-19,2026-05-19
Grill Bowl Opening on SW College Road in Ocala,https://www.businessdebut.com/grill-bowl-opening-on-sw-college-road-in-ocala/,2026-05-19,2026-05-19
Dry Ridge Brewing Aims to Open in June,https://www.businessdebut.com/dry-ridge-brewing-aims-to-open-in-june/,2026-05-19,2026-05-19
Rose’s Coffee & Cones to Open in Ybor City,https://www.businessdebut.com/roses-coffee-cones-to-open-in-ybor-city/,2026-05-19,2026-05-19
Scrape Yuh Plate Bringing Jamaican Food Truck to Orlando Area,https://www.businessdebut.com/scrape-yuh-plate-bringing-jamaican-food-truck-to-orlando-area/,2026-05-18,2026-05-18
Pepe’s Cantina to Debut in Melbourne This Summer,https://www.businessdebut.com/pepes-cantina-to-debut-in-melbourne-this-summer/,2026-05-16,2026-05-18
"The Artist’s Realm Bringing Art, Music and Photography Classes to Brooksville",https://www.businessdebut.com/the-artists-realm-bringing-art-music-and-photography-classes-to-brooksville/,2026-05-16,2026-05-18
Kingston 10 Jerk Center & Lounge to Debut in Panama City,https://www.businessdebut.com/kingston-10-jerk-center-lounge-to-debut-in-panama-city/,2026-05-16,2026-05-18
Mitch’s Downtown Bagel Cafe Opening in Coral Gables,https://www.businessdebut.com/mitchs-downtown-bagel-cafe-opening-in-coral-gables/,2026-05-16,2026-05-18
Golf Vault Plans Summer Opening in Davie,https://www.businessdebut.com/golf-vault-plans-summer-opening-in-davie/,2026-05-16,2026-05-18
Willy Buck’s Backyard Grill to Debut First Brick-and-Mortar Location,https://www.businessdebut.com/willy-bucks-backyard-grill-to-debut-first-brick-and-mortar-location/,2026-05-16,2026-05-18
Michelin-Recommended Cousin Vinny’s Sandwich Co. Expanding to St. Petersburg,https://www.businessdebut.com/michelin-recommended-cousin-vinnys-sandwich-co-expanding-to-st-petersburg/,2026-05-16,2026-05-18
Boost Coffee & Energy Debuting First Location in Jacksonville,https://www.businessdebut.com/boost-coffee-energy-debuting-first-location-in-jacksonville/,2026-05-16,2026-05-18
"5 Restaurants Opening Soon Across Georgia [May 15, 2026]",https://www.businessdebut.com/5-restaurants-opening-soon-across-georgia-may-15-2026/,2026-05-15,2026-05-18
"3 Restaurants With Plans to Open in Wake County [May 15,2026]",https://www.businessdebut.com/3-restaurants-with-plans-to-open-in-wake-county-may-15-2026/,2026-05-15,2026-05-18
4 Coming Soon Hillsborough County Restaurants,https://www.businessdebut.com/4-coming-soon-hillsborough-county-restaurants-4/,2026-05-13,2026-05-14
8 New Restaurants Opening Soon Across North Carolina,https://www.businessdebut.com/8-new-restaurants-opening-soon-across-north-carolina/,2026-05-13,2026-05-14
Lenny's Grill & Subs Opening in Pensacola,https://www.businessdebut.com/lennys-grill-subs-opening-in-pensacola/,2026-05-12,2026-05-12
Crooked Can Brewing Company Opening Large-Scale Brewery in Minneola,https://www.businessdebut.com/crooked-can-brewing-company-opening-large-scale-brewery-in-minneola/,2026-05-12,2026-05-12
Kitchen Social Expanding into Charlotte,https://www.businessdebut.com/kitchen-social-expanding-into-charlotte/,2026-05-12,2026-05-13
Diadem Pickleball Complex to Open in Wellington,https://www.businessdebut.com/diadem-pickleball-complex-to-open-in-wellington/,2026-05-12,2026-05-12
Pilar Coffee Bar and Iced Treats to Open in Palm Beach Gardens,https://www.businessdebut.com/pilar-coffee-bar-and-iced-treats-to-open-in-palm-beach-gardens/,2026-05-12,2026-05-12
The Abigaile Bringing Modern American Cuisine to Auburndale,https://www.businessdebut.com/the-abigaile-bringing-modern-american-cuisine-to-auburndale/,2026-05-12,2026-05-12
The Reserve Key West Opening with Four Restaurant Concepts,https://www.businessdebut.com/the-reserve-key-west-opening-with-four-restaurant-concepts/,2026-05-12,2026-05-12
Trap Wingz Planning Two New Locations,https://www.businessdebut.com/trap-wingz-planning-two-new-locations/,2026-05-12,2026-05-12
Botanico Hospitality Group Bringing Two New Concepts to Atlanta,https://www.businessdebut.com/botanico-hospitality-group-bringing-two-new-concepts-to-atlanta/,2026-05-12,2026-05-12
Halftime Hangout Sports Bar Preparing to Open in Raeford,https://www.businessdebut.com/halftime-hangout-sports-bar-preparing-to-open-in-raeford/,2026-05-12,2026-05-12
Matilde Bringing Coastal Mexican Steakhouse Concept to Downtown Tampa,https://www.businessdebut.com/matilde-bringing-coastal-mexican-steakhouse-concept-to-downtown-tampa/,2026-05-12,2026-05-12
Salty Neighbor Bar & Grill Opening in Venice Village Shops,https://www.businessdebut.com/salty-neighbor-bar-grill-opening-in-venice-village-shops/,2026-05-12,2026-05-12
"15 New Restaurant Opening Across Florida [May 12, 2026]",https://www.businessdebut.com/15-new-restaurant-opening-across-florida-may-12-2026/,2026-05-12,2026-05-13
Faraway Joes Bringing Family-Friendly Sandwich Shop to Tarpon Springs,https://www.businessdebut.com/faraway-joes-bringing-family-friendly-sandwich-shop-to-tarpon-springs/,2026-05-12,2026-05-12
Piesanos Stone Fired Pizza Opening in Middleton,https://www.businessdebut.com/piesanos-stone-fired-pizza-opening-in-middleton/,2026-05-12,2026-05-12
Mikey’s Pizzeria Opening on Bale Street in Raleigh,https://www.businessdebut.com/mikeys-pizzeria-opening-on-bale-street-in-raleigh/,2026-05-12,2026-05-12
Knuckies Sandwiches and Sips Opening at Medley in Johns Creek,https://www.businessdebut.com/knuckies-sandwiches-and-sips-opening-at-medley-in-johns-creek/,2026-05-12,2026-05-12
Black Pizza Bankhead Planning to Open Soon on Joseph E. Boone Blvd,https://www.businessdebut.com/black-pizza-bankhead-planning-to-open-soon-on-joseph-e-boone-blvd/,2026-05-12,2026-05-12
Hawaiian Bros to Debut in Downtown Atlanta in 2027,https://www.businessdebut.com/hawaiian-bros-to-debut-in-downtown-atlanta-in-2027/,2026-05-12,2026-05-13
Baisel’s African Restaurant Bringing Ghanaian Cuisine to West Palm Beach,https://www.businessdebut.com/baisels-african-restaurant-bringing-ghanaian-cuisine-to-west-palm-beach/,2026-05-12,2026-05-12
Topsail Steamer to Debut in Raleigh,https://www.businessdebut.com/topsail-steamer-to-debut-in-raleigh/,2026-05-12,2026-05-12
Churp Bringing Simplified Clean-Eating Bowl Concept to Raleigh,https://www.businessdebut.com/churp-bringing-simplified-clean-eating-bowl-concept-to-raleigh/,2026-05-12,2026-05-12
Fatbackzz Grill Opening Brick and Mortar Location in Graham,https://www.businessdebut.com/fatbackzz-grill-opening-brick-and-mortar-location-in-graham/,2026-05-12,2026-05-13
Early Bird Cafe Bringing Local Breakfast Option to Fuquay-Varina,https://www.businessdebut.com/early-bird-cafe-bringing-local-breakfast-option-to-fuquay-varina/,2026-05-11,2026-05-12
Burger Monger Bringing First Drive-Through Concept to South Pasadena,https://www.businessdebut.com/burger-monger-bringing-first-drive-through-concept-to-south-pasadena/,2026-05-09,2026-05-10
2 Coming Soon Lee County Restaurants,https://www.businessdebut.com/2-coming-soon-lee-county-restaurants/,2026-05-08,2026-05-09
"3 Coming Soon Fulton County Restaurants [May 8, 2026]",https://www.businessdebut.com/3-coming-soon-fulton-county-restaurants-may-2-2026/,2026-05-08,2026-05-09
Tiny Kitchen Eyes Opening in Naples,https://www.businessdebut.com/tiny-kitchen-eyes-opening-in-naples/,2026-05-07,2026-05-08
Cowy Burger Expanding with Doral Location,https://www.businessdebut.com/cowy-burger-expanding-with-doral-location/,2026-05-07,2026-05-12
3 Collier County Restaurants Planning to Open Soon,https://www.businessdebut.com/3-collier-county-restaurants-planning-to-open-soon/,2026-05-07,2026-05-08
Sonrisa Opening in Uptown Charlotte’s Brevard Court,https://www.businessdebut.com/sonrisa-opening-in-uptown-charlottes-brevard-court/,2026-05-07,2026-05-08
Cowy Burger Opening a Second Location,https://www.businessdebut.com/big-whiskeys-expanding-to-coral-springs-2/,2026-05-07,2026-05-08
"4 New Restaurants Opening Across North Carolina [May 7, 2026]",https://www.businessdebut.com/4-new-restaurants-opening-across-north-carolina-may-7-2026/,2026-05-07,2026-05-08
"7 New Restaurants Opening Across Georgia [May 6, 2026]",https://www.businessdebut.com/7-new-restaurants-opening-across-georgia-may-6-2026/,2026-05-06,2026-05-07
The Nest Cafe Opening in Medley Johns Creek,https://www.businessdebut.com/the-nest-cafe-opening-in-medley-johns-creek/,2026-05-06,2026-05-07
Bro’s Hot Chicken Bringing Nashville Hot Chicken Concept to Sweetwater,https://www.businessdebut.com/bros-hot-chicken-bringing-nashville-hot-chicken-concept-to-sweetwater/,2026-05-06,2026-05-07
2 Polk County Restaurants Planning to Open This May,https://www.businessdebut.com/2-polk-county-restaurants-planning-to-open-this-may/,2026-05-06,2026-05-07
Big Whiskey’s Expanding to Coral Springs,https://www.businessdebut.com/big-whiskeys-expanding-to-coral-springs/,2026-05-05,2026-05-06
"11 New Restaurants Opening Across Florida [May 5, 2026]",https://www.businessdebut.com/11-new-restaurants-opening-across-florida-may-5-2026/,2026-05-05,2026-05-06
Dish’s Bagels Opening with New York-Style Concept,https://www.businessdebut.com/dishs-bagels-opening-with-new-york-style-concept/,2026-05-05,2026-05-06
Three J’s Ice Cream Opening Brick-and-Mortar in Winter Haven,https://www.businessdebut.com/three-js-ice-cream-opening-brick-and-mortar-in-winter-haven/,2026-05-05,2026-05-06
7 Restaurants Opening This May Across North Carolina,https://www.businessdebut.com/7-restaurants-opening-this-may-across-north-carolina/,2026-05-05,2026-05-06
Family Behind Sophie's Cafe Opening a Soda Shop in Avon Park,https://www.businessdebut.com/family-behind-sophies-cafe-opening-a-soda-shop-in-avon-park/,2026-05-05,2026-05-06
Southern Touch Cafe to Open in Gainesville's Harbour Point Community,https://www.businessdebut.com/southern-touch-cafe-to-open-in-gainesvilles-harbour-point-community/,2026-05-05,2026-05-06
Sunset Restaurant Returning to Franklin Under New Ownership,https://www.businessdebut.com/sunset-restaurant-returning-to-franklin-under-new-ownership/,2026-05-05,2026-05-06
The GAB Spot Set to Opened May 4 in Fort Walton Beach,https://www.businessdebut.com/the-gab-spot-set-to-opened-may-4-in-fort-walton-beach/,2026-05-05,2026-05-06
Cuban Sabor Cafe Opening on Main Avenue in Lake Placid,https://www.businessdebut.com/cuban-sabor-cafe-opening-on-main-avenue-in-lake-placid/,2026-05-05,2026-05-06
American Deli Opening in Alpharetta,https://www.businessdebut.com/american-deli-opening-in-alpharetta/,2026-05-05,2026-05-06
Shawarma Queen Bringing Halal Street Food Concept to Hiram,https://www.businessdebut.com/shawarma-queen-bringing-halal-street-food-concept-to-hiram/,2026-05-05,2026-05-06
Brooksville Bagels Bringing New York-Style Bagels to Brooksville,https://www.businessdebut.com/brooksville-bagels-bringing-new-york-style-bagels-to-brooksville/,2026-05-05,2026-05-06
"4 Coming Soon Gwinnett County Restaurants [May 5, 2026]",https://www.businessdebut.com/4-coming-soon-gwinnett-county-restaurants-may-5-2026/,2026-05-05,2026-05-06
La Pinata Bringing Traditional Mexican Cuisine to Lakeland,https://www.businessdebut.com/la-pinata-bringing-traditional-mexican-cuisine-to-lakeland/,2026-05-05,2026-05-06
Two New Food Concepts Opening Inside Crooked Can Brewery in Snellville,https://www.businessdebut.com/two-new-food-concepts-opening-inside-crooked-can-brewery-in-snellville/,2026-05-05,2026-05-06
Blush Room to Open in Fayetteville June 13,https://www.businessdebut.com/blush-room-to-open-in-fayetteville-june-13/,2026-05-05,2026-05-06
Three Rabbits Brewing Opening in Greensboro,https://www.businessdebut.com/three-rabbits-brewing-opening-in-greensboro/,2026-05-05,2026-05-06
360 Wine and Spirits Opening in Concord,https://www.businessdebut.com/360-wine-and-spirits-opening-in-concord/,2026-05-05,2026-05-06
3 South Florida Restaurants Planning May Openings,https://www.businessdebut.com/3-south-florida-restaurants-planning-may-openings/,2026-05-05,2026-05-06
The Pirate Candy Shop to Open in St. Petersburg,https://www.businessdebut.com/the-pirate-candy-shop-to-open-in-st-petersburg/,2026-05-05,2026-05-06
Garden Butcher to Open in West Palm Beach,https://www.businessdebut.com/garden-butcher-to-open-in-west-palm-beach/,2026-05-04,2026-05-04
7 Atlanta-Area Restaurants Planning May Openings,https://www.businessdebut.com/7-atlanta-area-restaurants-planning-may-openings/,2026-05-04,2026-05-05
Pollo Primo Plans Second Atlanta Location on Ponce De Leon Avenue,https://www.businessdebut.com/pollo-primo-plans-second-atlanta-location-on-ponce-de-leon-avenue/,2026-05-04,2026-05-05
"6 new Restaurants Opening Across North Carolina [May 3, 2026]",https://www.businessdebut.com/6-new-restaurants-opening-across-north-carolina-may-3-2026/,2026-05-03,2026-05-04
"6 New Restaurants Coming Soon Across Georgia [May 2, 2026]",https://www.businessdebut.com/6-new-restaurants-coming-soon-across-georgia-may-2-2026/,2026-05-02,2026-05-04
12 New Restaurants Opening Across Florida [4/30],https://www.businessdebut.com/12-new-restaurants-opening-across-florida-4-30/,2026-04-30,2026-05-04
"5 Coming Soon Miami-Dade County Restaurants [April 8,2026]",https://www.businessdebut.com/5-coming-soon-miami-dade-county-restaurants-april-8-2026/,2026-04-30,2026-05-04
Queen P's Soulfood Kitchen Opening in Lawrenceville,https://www.businessdebut.com/queen-ps-soulfood-kitchen-opening-in-lawrenceville/,2026-04-28,2026-05-04
Miró Spanish Grille Planning Second Charlotte Location in SouthPark,https://www.businessdebut.com/miro-spanish-grille-planning-second-charlotte-location-in-southpark/,2026-04-28,2026-05-04
Sushi Alive Bringing Modern Asian Dining Concept to Tampa,https://www.businessdebut.com/sushi-alive-bringing-modern-asian-dining-concept-to-tampa/,2026-04-28,2026-05-04
Burger Factory to Open in Lawrenceville,https://www.businessdebut.com/burger-factory-to-open-in-lawrenceville/,2026-04-28,2026-05-04
Cuya Cafe & Cocina Reopening with Patio Expansion in Raleigh,https://www.businessdebut.com/cuya-cafe-cocina-reopening-with-patio-expansion-in-raleigh/,2026-04-28,2026-05-04
Toast to Debut in Greensboro with All-Day Brunch and Bar,https://www.businessdebut.com/toast-to-debut-in-greensboro-with-all-day-brunch-and-bar/,2026-04-28,2026-05-04
The View Bringing Large-Scale Waterfront Dining to Mooresville,https://www.businessdebut.com/the-view-bringing-large-scale-waterfront-dining-to-mooresville/,2026-04-28,2026-05-04
Pha'Ya Thai & Sushi Restaurant Opening in Palm Bay,https://www.businessdebut.com/phaya-thai-sushi-restaurant-opening-in-palm-bay/,2026-04-28,2026-05-04
V’s Coffee Collab Opening in Roswell with First Physical Location,https://www.businessdebut.com/vs-coffee-collab-opening-in-roswell-with-first-physical-location/,2026-04-28,2026-05-04
Soni Cafe Bringing Cafeteria Style Dining to Tampa,https://www.businessdebut.com/soni-cafe-bringing-cafeteria-style-dining-to-tampa/,2026-04-28,2026-05-04
Taqueria & Marisco Diaz Opening Soon in Norcross,https://www.businessdebut.com/taqueria-marisco-diaz-opening-soon-in-norcross/,2026-04-28,2026-05-04
Good Times Lounge Bringing Nightlife Concept to Charlotte,https://www.businessdebut.com/good-times-lounge-bringing-nightlife-concept-to-charlotte/,2026-04-28,2026-05-04
Ellianos Coffee Expanding with a Corporate Store in St. Cloud,https://www.businessdebut.com/ellianos-coffee-expanding-with-a-corporate-store-in-st-cloud/,2026-04-28,2026-05-04
Renzo’s Bringing Open-Fire Steakhouse Concept to Tampa,https://www.businessdebut.com/renzos-bringing-open-fire-steakhouse-concept-to-tampa/,2026-04-28,2026-05-04
Ravah Culinary Emporium Set to Open in Winter Garden,https://www.businessdebut.com/ravah-culinary-emporium-set-to-open-in-winter-garden/,2026-04-28,2026-05-04
Bep Teahouse to Open New Norcross Location,https://www.businessdebut.com/bep-teahouse-to-open-new-norcross-location/,2026-04-28,2026-05-04
Peak Pizza Bar Opening Soon in Cullowhee,https://www.businessdebut.com/peak-pizza-bar-opening-soon-in-cullowhee/,2026-04-25,2026-05-04
"5 Coming Soon Fulton County Restaurants [April 22,2026]",https://www.businessdebut.com/5-coming-soon-fulton-county-restaurants-april-22-2026/,2026-04-22,2026-05-04
"Is $250,000 Enough to Open a Small Cafe?",https://www.businessdebut.com/is-250-000-enough-to-open-a-small-cafe/,2025-12-27,2026-06-20
How to Open a Restaurant as a Newcomer to the USA,https://www.businessdebut.com/how-to-open-a-restaurant-as-an-new-com-to-the-usa/,2025-12-05,2026-06-20
Jerry’s Jerk Opening First Brick-and-Mortar in Fort Lauderdale,https://www.businessdebut.com/jerrys-jerk-opening-first-brick-and-mortar-in-fort-lauderdale/,,2026-05-04
Gualts The Italian Cafe Opening in Plantation,https://www.businessdebut.com/gualts-the-italian-cafe-opening-in-plantation/,,2026-05-04
Margarita Island Kitchen & Bar Opening in Indian Harbor Beach on May 13,https://www.businessdebut.com/margarita-island-kitchen-bar-opening-in-indian-harbor-beach-on-may-13/,,2026-05-04
"3 Coming Soon Jacksonville Restaurants [April 25, 2026]",https://www.businessdebut.com/3-coming-soon-jacksonville-restaurants-april-25-2026/,,2026-05-04
Big Bone BBQ Bringing Beef Ribs to Pensacola,https://www.businessdebut.com/big-bone-bbq-bringing-beef-ribs-to-pensacola/,,2026-05-04
Donatos Pizza Set to Open in Panama City,https://www.businessdebut.com/donatos-pizza-set-to-open-in-panama-city/,,2026-05-04
Maison Louis Cafe Now Soft Open in St. Augustine,https://www.businessdebut.com/maison-louis-cafe-now-soft-open-in-st-augustine/,,2026-05-04
17 King American Bistro Opening in St. Augustine,https://www.businessdebut.com/17-king-american-bistro-opening-in-st-augustine/,,2026-05-04
Vinny’s Cafe Expanding to Jupiter’s Abacoa Plaza,https://www.businessdebut.com/vinnys-cafe-expanding-to-jupiters-abacoa-plaza/,,2026-05-06
"3 Coming Soon Broward County Restaurants [May 4, 2026]",https://www.businessdebut.com/3-coming-soon-broward-county-restaurants-may-4-2026/,,2026-05-06
Southern Smokehouse Opening on Yellow Bluff Road in Jacksonville,https://www.businessdebut.com/southern-smokehouse-opening-on-yellow-bluff-road-in-jacksonville/,,2026-05-06
Maestro Italian Bakery Opening in North Miami Beach,https://www.businessdebut.com/maestro-italian-bakery-opening-in-north-miami-beach/,,2026-05-18
Kook’s Conch Fritters Bringing Caribbean Flavors to South Florida,https://www.businessdebut.com/kooks-conch-fritters-bringing-caribbean-flavors-to-south-florida/,,2026-05-18
Dutchies Ice Cream Boat Expanding Fort Lauderdale Operations,https://www.businessdebut.com/dutchies-ice-cream-boat-expanding-fort-lauderdale-operations/,,2026-05-19
Deja Brew Coffee Expanding with Second St. Augustine Trailer,https://www.businessdebut.com/deja-brew-coffee-expanding-with-second-st-augustine-trailer/,,2026-05-19
Frosti Opening New Ice Cream Shop in Bunnell,https://www.businessdebut.com/frosti-opening-new-ice-cream-shop-in-bunnell/,,2026-05-19
The Cuban Oven Bringing Fresh Cuban Cuisine to Downtown Hialeah,https://www.businessdebut.com/the-cuban-oven-bringing-fresh-cuban-cuisine-to-downtown-hialeah/,,2026-05-26
Kirk Burgers Launching Food Trailer Focused on Fresh Angus Beef,https://www.businessdebut.com/kirk-burgers-launching-food-trailer-focused-on-fresh-angus-beef/,,2026-05-26
Here's the Newest Sports Bar Coming to Pompano Beach: H & R Sports Bar and Grill,https://www.businessdebut.com/heres-the-newest-sports-bar-coming-to-pompano-beach-h-r-sports-bar-and-grill/,,2026-06-17
Big Mamma Hospitality Partners with Ballyhoo Hospitality for U.S. Debut,https://www.businessdebut.com/big-mamma-hospitality-partners-with-ballyhoo-hospitality-for-u-s-debut/,,2026-06-17
Coming Soon in Plantation: Neo Coffee and Kava [Sneak Peak],https://www.businessdebut.com/coming-soon-in-plantation-neo-coffee-and-kava-sneak-peak/,,2026-07-14
Coming Soon to West Palm Beach & Lake Worth Beach: Smalls Sliders [Details],https://www.businessdebut.com/coming-soon-to-west-palm-beach-lake-worth-beach-smalls-sliders-details/,,2026-07-14
3 New (& Coming Soon) Broward County Restaurants and Cafes,https://www.businessdebut.com/3-new-coming-soon-broward-county-restaurants-and-cafes/,,2026-08-01
