company,address,opening_date,link,is_new,first_seen,Date_Appended
7-Eleven,"1000 79th Ave N Myrtle Beach, SC",Opens: 04/30/26Grand Opening: 05/29/26,https://maps.app.goo.gl/ZAjdnPbBgDLteCqV6,False,,2026-05-18
7-Eleven,"101 Joseph Flowers Place Walterboro, SC",Opens: 05/21/26Grand Opening: 06/19/26,https://maps.app.goo.gl/AyxifybbvGUd1mif8,False,,2026-05-18
7-Eleven,"1012 Grandiflora Dr Leland, NC",Opens: 05/14/26Grand Opening: 06/05/26,https://maps.app.goo.gl/Dv7yif4mzCVZRTHGA,False,,2026-05-18
7-Eleven,"10962 SC-200 Winnsboro, SC",Opens: 05/15/26Grand Opening: 06/12/26,https://maps.app.goo.gl/Pdiac6NeJjSgtjVT8,False,,2026-05-18
7-Eleven,"11047 Highway 106 Carnesville, GA",Opens: 06/17/26Grand Opening: 07/17/26,https://maps.app.goo.gl/jwRH9tKsSe5gpDSF6,False,2026-05-28,2026-05-28
7-Eleven,"11711 Ne 62Nd Terrace Lady Lake, FL",Opens: 05/07/26Grand Opening: 05/22/26,https://maps.app.goo.gl/3RpUZmquE9BytzUs7,False,,2026-05-18
7-Eleven,"12561 E Wade Hampton Blvd Duncan, SC",Opens: 05/21/26Grand Opening: 06/12/26,https://maps.app.goo.gl/P1CeBf99D1mdVn7N8,False,,2026-05-18
7-Eleven,"13480 Rickenbacker Pkwy Fort Myers, FL",Opens: 05/07/26Grand Opening: 05/22/26,https://maps.app.goo.gl/aqsjYd2iinuhEfjY7,False,,2026-05-18
7-Eleven,"14409 North Newport Highw Mead, WA",Opens: 06/02/26Grand Opening: 06/26/26,https://maps.app.goo.gl/M9xNKcHwjb9sHGH18,False,,2026-05-18
7-Eleven,"15616 W Valley Hwy Tukwila, WA",Opens: 06/23/26Grand Opening: 07/17/26,https://maps.app.goo.gl/As6662YiFS8jp8Hr6,False,2026-05-28,2026-05-28
7-Eleven,"19325 Ruby Dr Leesburg, VA",Opens: 04/23/26Grand Opening: 05/29/26,https://maps.app.goo.gl/1jWhNVtH9TedeJYt8,False,,2026-05-18
7-Eleven,"2011 10th Street West Point, GA",Opens: 05/21/26Grand Opening: 06/18/26,https://maps.app.goo.gl/AeR4FdKL2siXo5bM9,False,,2026-05-18
7-Eleven,"2121 Expressway 83 Penitas, TX",Opens: 06/10/26Grand Opening: 06/26/26,https://maps.app.goo.gl/zdssRxktYvtiYMrK7,False,2026-05-19,2026-05-19
7-Eleven,"3201 E State Highway 71 Del Valle, TX",Opens: 06/11/26Grand Opening: 06/26/26,https://maps.app.goo.gl/iveXksQhBDJ3Uv1dA,False,2026-05-19,2026-05-19
7-Eleven,"3230 West Lane Stockton, CA",Opens: 04/28/26Grand Opening: 05/29/26,https://maps.app.goo.gl/JyQUEDsP9ydB2imr6,False,,2026-05-18
7-Eleven,"3301 N Oxford St Claremont, NC",Opens: 06/11/26Grand Opening: 07/10/26,https://maps.app.goo.gl/9zMRL92qoZ4xsTaS8,False,2026-05-19,2026-05-19
7-Eleven,"33555 Mission Trail Lake Elsinore, CA",Opens: 06/18/26Grand Opening: 07/10/26,https://maps.app.goo.gl/WLvzjDJTphAHkCYH6,False,2026-05-28,2026-05-28
7-Eleven,"3808 Guthrie Hwy Clarksville, TN",Opens: 05/07/26Grand Opening: 06/05/26,https://maps.app.goo.gl/f8rBcVotH29LXYxT6,False,,2026-05-18
7-Eleven,"400 Buff Blvd Summerton, SC",Opens: 06/02/26Grand Opening: 06/25/26,https://maps.app.goo.gl/rr5c6yZpt5eVUTm29,False,,2026-05-18
7-Eleven,"4076 West 13400 South Riverton, UT",Opens: 06/03/26Grand Opening: 06/26/26,https://maps.app.goo.gl/a84GpYvZebwNTt7z6,False,,2026-05-18
7-Eleven,"4885 Cleburne Crowley RD Fort Worth, TX",Opens: 05/07/26Grand Opening: 05/22/26,https://maps.app.goo.gl/HM5cYBWjBwZHMVQt5,False,,2026-05-18
7-Eleven,"5550 Lee Blvd Lehigh Acres, FL",Opens: 05/14/26Grand Opening: 06/05/26,https://maps.app.goo.gl/suJU86VXwFQ8tnHB7,False,,2026-05-18
7-Eleven,"770 Steele Station Rd Steele, AL",Opens: 06/04/26Grand Opening: 07/10/26,https://maps.app.goo.gl/NvxcK9Ex6qFJYey18,False,,2026-05-18
7-Eleven,"829 White Pond Rd Elgin, SC",Opens: 05/21/26Grand Opening: 06/19/26,https://maps.app.goo.gl/y3rqDZt61mjEM72p6,False,,2026-05-18
7-Eleven,"8650 Beach Blvd Buena Park, CA",Opens: 05/07/26Grand Opening: 06/04/26,https://maps.app.goo.gl/o2CszUfykGg7K62bA,False,,2026-05-18
7-Eleven,"9511 Asheville Hwy Inman, SC",Opens: 05/28/26Grand Opening: 06/26/26,https://maps.app.goo.gl/pfZuAHzSHzxqzSKJ6,False,,2026-05-18
ALDI,"1045 South Gilbert Road, Mesa, AZ 85204",5/21/2026,https://info.aldi.us/stores/l/az/mesa/1045-south-gilbert-road/fo39,False,,2026-05-18
ALDI,"1151 Ross Clark CIR Suite 100, Dothan, AL 36301",5/28/2026,https://info.aldi.us/stores/l/al/dothan/1151-ross-clark-cir-suite-100/fp33,False,,2026-05-18
ALDI,"181 Blackford Way, St. Augustine, 32086",5/21/2026,https://info.aldi.us/stores/l/fl/st-augustine/181-blackford-way/ft02,False,,2026-05-18
ALDI,"2000 North Locust Avenue, Lawrenceburg, 38464",6/18/2026,https://info.aldi.us/stores/l/tn/lawrenceburg/2000-north-locust-avenue/fm89,False,2026-06-01,2026-06-01
ALDI,"2057 S Byron Butler Pkwy. Ste 1, Perry, FL 32348-5521",5/28/2026,https://info.aldi.us/stores/l/fl/perry/2057-south-byron-butler-parkway/fp42,False,2026-05-28,2026-05-28
ALDI,"311 West 42nd Street, New York, 10036",6/19/2026,https://info.aldi.us/stores/l/ny/new-york/311-west-42nd-street/ft33,False,2026-06-01,2026-06-01
ALDI,"4478 Market Street, Marianna, 32446",5/21/2026,https://info.aldi.us/stores/l/fl/marianna/4478-market-st/fp54,False,,2026-05-18
ALDI,"777 North Market Street, Jacksonville, 32202",6/18/2026,https://info.aldi.us/stores/l/fl/jacksonville/777-north-market-street/ft17,False,2026-06-01,2026-06-01
ALDI,"944 Bichara Boulevard, Lady Lake, 32159",6/11/2026,https://info.aldi.us/stores/l/fl/lady-lake/944-bichara-boulevard/ft25,False,2026-05-25,2026-05-25
Burlington,"10311 Highway 45 North, Texas",07/03,,False,,2026-05-18
Burlington,"10515 N Mopac Expy Bldg 1, Texas",07/10,,False,,2026-05-18
Burlington,"10521 S 15th St, Nebraska",06/26,,False,,2026-05-18
Burlington,"11610 E US HWY 80 Suite 130, Texas",07/10,,False,,2026-05-18
Burlington,"11915 Quaker Ave Suite 400, Texas",07/17,,False,,2026-05-18
Burlington,"1219 N Fry Rd Ste B, Texas",05/22,,False,,2026-05-18
Burlington,"12779 Main Street, California",06/26,,False,,2026-05-18
Burlington,"13173 Cortez Boulevard, Florida",06/26,,False,,2026-05-18
Burlington,"1410B East Plaza Blvd, California",06/26,,False,,2026-05-18
Burlington,"1514 S Riordan Ranch St, Arizona",06/26,,False,,2026-05-18
Burlington,"15920 Robert S Crain Hwy, Maryland",06/26,,False,,2026-05-18
Burlington,"1610 Church St, South Carolina",05/29,,False,,2026-05-18
Burlington,"1701 ROUTE 22, New Jersey",05/29,,False,,2026-05-18
Burlington,"1855 E. Ventura Blvd, California",06/26,,False,,2026-05-18
Burlington,"19142 Montgomery Village Ave, Maryland",06/26,,False,,2026-05-18
Burlington,"1933 Mineral Wells Ave, Tennessee",07/10,,False,,2026-05-18
Burlington,"201 University Oaks Blvd., Suite 1260, Texas",05/29,,False,,2026-05-18
Burlington,"2021 NW 185th Ave., Oregon",07/03,,False,,2026-05-18
Burlington,"2200 East Hillside Drive, Oklahoma",06/26,,False,,2026-05-18
Burlington,"2210 Daniels Street, California",05/22,,False,,2026-05-18
Burlington,"28221 Chardon Rd, Ohio",05/29,,False,,2026-05-18
Burlington,"3225 NY-364 Ste 25, New York",06/26,,False,,2026-05-18
Burlington,"3839 Marketplace Drive NW, Minnesota",05/29,,False,,2026-05-18
Burlington,"4127 N US Highway 75, Texas",06/19,,False,,2026-05-18
Burlington,"4234 E. Ontario Ranch Road, California",07/10,,False,,2026-05-18
Burlington,"4446 North Freeway, Texas",05/29,,False,,2026-05-18
Burlington,"6180 Ulali Dr, Oregon",07/17,,False,,2026-05-18
Burlington,"654 N West End Blvd, Pennsylvania",07/10,,False,,2026-05-18
Burlington,"67800 Mall Ring Road Unit 100  015, Ohio",05/29,,False,,2026-05-18
Burlington,"701 NJ-440 Space 16, New Jersey",05/22,,False,,2026-05-18
Burlington,"720 W Telegraph Street, Utah",06/26,,False,,2026-05-18
Burlington,"9500 S I-35 Frontage Rd, Building K, Texas",06/26,,False,,2026-05-18
Burlington,"9653 Colerain Avenue, Ohio",06/19,,False,,2026-05-18
Burlington,Arizona,,,False,2026-05-28,2026-05-28
Burlington,California,,,False,2026-05-28,2026-05-28
Burlington,Florida,,,False,2026-05-28,2026-05-28
Burlington,Idaho,,,False,2026-05-28,2026-05-28
Burlington,Maryland,,,False,2026-05-28,2026-05-28
Burlington,Nebraska,,,False,2026-05-28,2026-05-28
Burlington,New York,,,False,2026-05-28,2026-05-28
Burlington,Ohio,,,False,2026-05-28,2026-05-28
Burlington,Oklahoma,,,False,2026-05-28,2026-05-28
Burlington,Oregon,,,False,2026-05-28,2026-05-28
Burlington,Pennsylvania,,,False,2026-05-28,2026-05-28
Burlington,Tennessee,,,False,2026-05-28,2026-05-28
Burlington,Texas,,,False,2026-05-28,2026-05-28
Burlington,Utah,,,False,2026-05-28,2026-05-28
Burlington,Washington,,,False,2026-05-28,2026-05-28
Burlington,or,,,False,,2026-05-18
Capital Grille,"Livonia17117 Laurel Park Drive NorthLivonia, MI 48152-3940(734) 293-0576",Opens June 12,https://www.thecapitalgrille.com/locations/new-locations,False,,2026-05-18
Capital Grille,"Lone Tree9067 Westview RoadLone Tree, CO 80124-5134(303) 302-0746",NOW OPEN!,https://www.thecapitalgrille.com/locations/new-locations,False,,2026-05-18
Capital Grille,"Nashville1223 BroadwayNashville, TN 37203-3117(615) 258-5321",NOW OPEN!,https://www.thecapitalgrille.com/locations/new-locations,False,,2026-05-18
Chick-fil-A,,"May 14, 2026",https://www.chick-fil-a.com/press-room/announcing-chick-fil-a-happy-valley-and-83rd,False,,2026-05-18
Chick-fil-A,1015 Vinehaven Drive NE,"May 1, 2026",https://www.chick-fil-a.com/press-room/announcing-chick-fil-a-dale-earnhardt-blvd,False,,2026-05-18
Chick-fil-A,10890 NW 41 St,"May 21, 2026",https://www.chick-fil-a.com/press-room/announcing-chick-fil-a-west-doral,False,,2026-05-18
Chick-fil-A,14266 E Colonial Dr,"May 21, 2026",https://www.chick-fil-a.com/press-room/announcing-chick-fil-a-avalon-park,False,,2026-05-18
Chick-fil-A,1600 Durham Road,"April 16, 2026",https://www.chick-fil-a.com/press-room/announcing-chick-fil-a-roxboro,False,,2026-05-18
Chick-fil-A,1900 NE Miami Court,"June 2, 2026",https://www.chick-fil-a.com/press-room/announcing-chick-fil-a-wynwood-delivery,True,2026-06-04,2026-06-04
Chick-fil-A,193 Covenant Drive,"May 7, 2026",https://www.chick-fil-a.com/press-room/announcing-chick-fil-a-batesville,False,,2026-05-18
Chick-fil-A,2060 Southfield Rd,"May 21, 2026",https://www.chick-fil-a.com/press-room/announcing-chick-fil-a-lincoln-park,False,,2026-05-18
Chick-fil-A,2100 Treelight Way,"April 9, 2026",https://www.chick-fil-a.com/press-room/announcing-chick-fil-a-wendell,False,,2026-05-18
Chick-fil-A,260 Tingle Drive,"April 23, 2026",https://www.chick-fil-a.com/press-room/announcing-chick-fil-a-i-85-and-julian,False,,2026-05-18
Chick-fil-A,27264 Maple Valley Black Diamond Rd,"June 4, 2026",https://www.chick-fil-a.com/press-room/announcing-chick-fil-a-maple-valley-hwy-and-271-st,False,2026-06-01,2026-06-01
Chick-fil-A,2885 Allison-Bonnett Memorial Drive,"May 21, 2026",https://www.chick-fil-a.com/press-room/announcing-chick-fil-a-hueytown,False,,2026-05-18
Chick-fil-A,2977 Market Drive,"May 7, 2026",https://www.chick-fil-a.com/press-room/announcing-chick-fil-a-east-cartmill,False,,2026-05-18
Chick-fil-A,3425 Bienville Blvd,"April 23, 2026",https://www.chick-fil-a.com/press-room/announcing-chick-fil-a-ocean-spring,False,,2026-05-18
Chick-fil-A,3820 City Gate Drive,"May 21, 2026",https://www.chick-fil-a.com/press-room/announcing-chick-fil-a-city-gate,False,,2026-05-18
Chick-fil-A,41902 Jackson St,"May 21, 2026",https://www.chick-fil-a.com/press-room/announcing-chick-fil-a-i-10-and-jackson-street,False,,2026-05-18
Chick-fil-A,4735 Mobile Highway,"April 16, 2026",https://www.chick-fil-a.com/press-room/announcing-chick-fil-a-mobile-hwy,False,,2026-05-18
Chick-fil-A,5340 US Hwy 90 W,"May 14, 2026",https://www.chick-fil-a.com/press-room/announcing-chick-fil-a-tillmans-corner,False,,2026-05-18
Chick-fil-A,5600 George Washington Memorial Hwy,"May 21, 2026",https://www.chick-fil-a.com/press-room/announcing-chick-fil-a-grafton,False,,2026-05-18
Chick-fil-A,578 Grand Army of the Republic Hwy,"April 9, 2026",https://www.chick-fil-a.com/press-room/announcing-chick-fil-a-somerset,False,,2026-05-18
Chick-fil-A,579 Troy Schenectady Rd,"May 21, 2026",https://www.chick-fil-a.com/press-room/announcing-chick-fil-a-latham-farms,False,,2026-05-18
Chick-fil-A,6430 S Cedar St,"May 7, 2026",https://www.chick-fil-a.com/press-room/announcing-chick-fil-a-south-cedar,False,,2026-05-18
Chick-fil-A,7019 E William Cannon Drive,"May 28, 2026",https://www.chick-fil-a.com/press-room/announcing-chick-fil-a-easton-park,False,2026-05-28,2026-05-28
Chick-fil-A,705 Duval Station Road,"May 29, 2026",https://www.chick-fil-a.com/press-room/announcing-chick-fil-a-duval-station,False,2026-05-28,2026-05-28
Chick-fil-A,7495 S Gartrell Road,"May 14, 2026",https://www.chick-fil-a.com/press-room/announcing-chick-fil-a-gartrell-rd-hwy-470,False,,2026-05-18
Chick-fil-A,754 US Hwy 202,"June 4, 2026",https://www.chick-fil-a.com/press-room/announcing-chick-fil-a-bridgewater-towne-center,False,2026-05-31,2026-05-31
Chick-fil-A,815 St,"May 21, 2026",https://www.chick-fil-a.com/press-room/announcing-chick-fil-a-east-village,False,,2026-05-18
Chick-fil-A,9111 E 40th Ave,"April 16, 2026",https://www.chick-fil-a.com/press-room/announcing-chick-fil-a-runway-35-south,False,,2026-05-18
Chick-fil-A,930 Garrisonville Road,"May 21, 2026",https://www.chick-fil-a.com/press-room/announcing-chick-fil-a-west-garrisonville,False,2026-05-28,2026-05-28
Dogtopia,"1070 Ken Pratt Blvd, Longmont, Colorado 80501, United States",,https://www.dogtopia.com/locations/longmont/,False,,2026-05-18
Dogtopia,"135 Enterprise Dr., Verona, Wisconsin 53593, United States",,https://www.dogtopia.com/locations/madison-verona/,False,,2026-05-18
Dogtopia,"140 Four Seasons Shopping Center, Chesterfield, Missouri 63017, United States",PERMANENTLY CLOSED,https://www.dogtopia.com/locations/four-seasons-chesterfield/,False,,2026-05-18
Dogtopia,"1508 E St. Suite 20, San Diego, California 92101, United States",Opening in 2026!,https://www.dogtopia.com/locations/san-diego-east-village/,False,,2026-05-18
Dogtopia,"1606 NW Irvinedale Dr., Ankeny, Iowa 50023, United States",,https://www.dogtopia.com/locations/ankeny/,False,,2026-05-18
Dogtopia,"1607 Central Ave, Chattanooga, Tennessee 37408, United States",,https://www.dogtopia.com/locations/chattanooga-southside/,False,,2026-05-18
Dogtopia,"17422 Airline Hwy, Prairieville, Louisiana 70769, United States",,https://www.dogtopia.com/locations/prairieville/,False,,2026-05-18
Dogtopia,"1932 McDowell Road, Naperville, Illinois 60563, United States",Coming Summer 2026!,https://www.dogtopia.com/locations/naperville/,False,,2026-05-18
Dogtopia,"2036 East T.C Jester Blvd, Houston, Texas 77008, United States",,https://www.dogtopia.com/locations/houston-heights/,False,,2026-05-18
Dogtopia,"2311 Colorado Blvd, Denton, Texas 76205, United States",Coming Summer 2026!,https://www.dogtopia.com/locations/denton/,False,,2026-05-18
Dogtopia,"25 Alsop Ct., St. Augustine, Florida 32095, United States",,https://www.dogtopia.com/locations/st-augustine/,False,,2026-05-18
Dogtopia,"3194 N Industrial Way, Castle Rock, Colorado 80109, United States",,https://www.dogtopia.com/locations/castle-rock/,False,,2026-05-18
Dogtopia,"43800 Metro Center Drive, Suite E110, Ashburn, Virginia 20147, United States",,https://www.dogtopia.com/locations/ashburn-loudoun-station/,False,,2026-05-18
Dogtopia,"500 District Dr # 6, Berkeley Heights, New Jersey 07922, United States",,https://www.dogtopia.com/locations/berkeley-heights-the-park/,False,2026-05-22,2026-05-22
Dogtopia,"610 Old York Rd, Jenkintown, Philadelphia 19046, United States",,https://www.dogtopia.com/locations/jenkintown/,False,,2026-05-18
Five Below,"1038 Crossroads Dr, Statesville, NC, 28625",,https://locations.fivebelow.com/nc/statesville/1038-crossroads-dr/coming-soon,False,,2026-05-18
Five Below,"1155 Buck Creek Road, Simpsonville, KY, 40067",,https://locations.fivebelow.com/ky/simpsonville/1155-buck-creek-road/coming-soon,False,,2026-05-18
Five Below,"11610 E Hwy 80, Forney, TX, 75126",,https://locations.fivebelow.com/tx/forney/11610-e-hwy-80/coming-soon,False,,2026-05-18
Five Below,"13710 W Bell Rd, Surprise, AZ, 85374",,https://locations.fivebelow.com/az/surprise/13710-w-bell-rd/coming-soon,False,,2026-05-18
Five Below,"14 Litchfield Plz, Litchfield, IL, 62056",,https://locations.fivebelow.com/il/litchfield/14-litchfield-plz/coming-soon,False,,2026-05-18
Five Below,"1649 N Expwy, Griffin, GA, 30223",,https://locations.fivebelow.com/ga/griffin/1649-n-expwy/coming-soon,False,,2026-05-18
Five Below,"1809 E Sherman Blvd, Muskegon, MI, 49444",,https://locations.fivebelow.com/mi/muskegon/1809-e-sherman-blvd/coming-soon,False,,2026-05-18
Five Below,"1939 Mineral Wells Ave, Paris, TN, 38242",,https://locations.fivebelow.com/tn/paris/1939-mineral-wells-ave/coming-soon,False,,2026-05-18
Five Below,"2100 SWS Young Dr, 6000C, Killeen, TX, 76543",,https://locations.fivebelow.com/tx/killeen/2100-sws-young-dr-6000c/coming-soon,False,,2026-05-18
Five Below,"2204 E Hillside Dr, Broken Arrow, OK, 74012",,https://locations.fivebelow.com/ok/broken-arrow/2204-e-hillside-dr/coming-soon,False,,2026-05-18
Five Below,"2415 Tuscany St, Corona, CA, 92881",,https://locations.fivebelow.com/ca/corona/2415-tuscany-st/coming-soon,False,,2026-05-18
Five Below,"25 Smithfield Rd, N Providence, RI, 02904",,https://locations.fivebelow.com/ri/n-providence/25-smithfield-rd/coming-soon,False,,2026-05-18
Five Below,"2500 S Center Street, Marshalltown, IA, 50158",,https://locations.fivebelow.com/ia/marshalltown/2500-s-center-street/coming-soon,False,,2026-05-18
Five Below,"251 N Broadway, Pennsville, NJ, 08070",,https://locations.fivebelow.com/nj/pennsville/251-n-broadway/coming-soon,False,,2026-05-18
Five Below,"256 Black Gold Blvd, Hazard, KY, 41701",,https://locations.fivebelow.com/ky/hazard/256-black-gold-blvd/coming-soon,False,,2026-05-18
Five Below,"2897 Oak Valley Dr, Ann Arbor, MI, 48103",,https://locations.fivebelow.com/mi/ann-arbor/2897-oak-valley-dr/coming-soon,False,,2026-05-18
Five Below,"3060 Baldwin Park Blvd, Baldwin Park, CA, 91706",,https://locations.fivebelow.com/ca/baldwin-park/3060-baldwin-park-blvd/coming-soon,False,,2026-05-18
Five Below,"380 E 525 N, Harrisville, UT, 84404",,https://locations.fivebelow.com/ut/harrisville/380-e-525-n/coming-soon,False,,2026-05-18
Five Below,"4222 E Ontario Ranch Rd, Ontario, CA, 91762",,https://locations.fivebelow.com/ca/ontario/4222-e-ontario-ranch-rd/coming-soon,False,,2026-05-18
Five Below,"480 Stillwater Ave, Bangor, ME, 04401",,https://locations.fivebelow.com/me/bangor/480-stillwater-ave/coming-soon,False,,2026-05-18
Five Below,"5537 Grove Blvd, Hoover, AL, 35226",,https://locations.fivebelow.com/al/hoover/5537-grove-blvd/coming-soon,False,,2026-05-18
Five Below,"61275 Southgate Rd, Cambridge, OH, 43725",,https://locations.fivebelow.com/oh/cambridge/61275-southgate-rd/coming-soon,False,,2026-05-18
Five Below,"644 E Main St, Waynesboro, PA, 17268",,https://locations.fivebelow.com/pa/waynesboro/644-e-main-st/coming-soon,False,,2026-05-18
Hobby Lobby,1101 E 16th Avenue in Cordele,"March 27, 2026",https://newsroom.hobbylobby.com/new-stores/new-store-opening-in-cordele-georgia,False,2026-05-19,2026-05-19
Hobby Lobby,11215 Causeway Boulevard in Brandon,"March 20, 2026",https://newsroom.hobbylobby.com/new-stores/new-store-opening-in-brandon-florida,False,2026-05-19,2026-05-19
Hobby Lobby,117 Commerce Street in Lake Delton,"March 13, 2026",https://newsroom.hobbylobby.com/new-stores/new-store-opening-in-lake-delton-wisconsin,False,2026-05-19,2026-05-19
Hobby Lobby,1445 N,"February 13, 2026",https://newsroom.hobbylobby.com/new-stores/new-store-opening-in-montebello-california,False,2026-05-19,2026-05-19
Hobby Lobby,1655 Boston Road in Springfield,"February 13, 2026",https://newsroom.hobbylobby.com/new-stores/new-store-opening-in-springfiel-massachusetts,False,2026-05-19,2026-05-19
Hobby Lobby,2100 Centreville Road in Herndon,"February 04, 2026",https://newsroom.hobbylobby.com/new-stores/new-store-opening-in-herndon-virginia,False,2026-05-19,2026-05-19
Hobby Lobby,231 Mall Drive in Murrells Inlet,"April 17, 2026",https://newsroom.hobbylobby.com/new-stores/new-store-opening-in-murrells-inlet-south-carolina,False,2026-05-19,2026-05-19
Hobby Lobby,2360 S,"February 16, 2026",https://newsroom.hobbylobby.com/new-stores/relocation-of-store-in-algonquin-illinois,False,2026-05-19,2026-05-19
Hobby Lobby,2753 E,"March 30, 2026",https://newsroom.hobbylobby.com/new-stores/relocation-of-store-in-west-covina-california,False,2026-05-19,2026-05-19
Hobby Lobby,3040 E,"February 02, 2026",https://newsroom.hobbylobby.com/new-stores/relocation-of-store-in-farmington-new-mexico,False,2026-05-19,2026-05-19
Hobby Lobby,400 Mill Avenue SE in New Philadelphia,"May 29, 2026",https://newsroom.hobbylobby.com/new-stores/new-store-opening-in-new-philadelphia-ohio,False,2026-05-31,2026-05-31
Hobby Lobby,5445 Alexandria Pike in Cold Spring,"March 20, 2026",https://newsroom.hobbylobby.com/new-stores/new-store-opening-in-cold-spring-kentucky,False,2026-05-19,2026-05-19
Hobby Lobby,55 Sgt,"March 20, 2026",https://newsroom.hobbylobby.com/new-stores/new-store-opening-in-natchez-mississippi,False,2026-05-19,2026-05-19
HomeGoods,"Cedar Breaks West Shopping Center, 4610 Williams Dr 105, Georgetown, TX 78633, Texas","New store opening on April 23, 2026 from 8am to 10pm!",https://www.homegoods.com/store-details/Georgetown-TX-78633/1220,False,,2026-05-18
HomeGoods,"Coastal Centre, 1218 Cottage Lane, Conway, SC 29526, South Carolina",Now Open!,https://www.homegoods.com/store-details/Conway-SC-29526/1222,False,,2026-05-18
HomeGoods,"Columbus Center, 3200 Columbus Center, Columbus, IN 47203, Indiana",,https://www.homegoods.com/store-details/Columbus-IN-47203/1178,False,,2026-05-18
HomeGoods,"Gateway Commons, 2450 Calumet Trace, Owensboro, KY 42303, Kentucky","New store opening on June 25, 2026 from 8am to 10pm!",https://www.homegoods.com/store-details/Owensboro-KY-42303/1221,False,2026-05-28,2026-05-28
HomeGoods,"Mountain Farms, 337 Russell Street, Hadley, MA 01035, Massachusetts",,https://www.homegoods.com/store-details/Hadley-MA-01035/98,False,,2026-05-18
HomeGoods,"University Commons, 1463 University Drive, Burlington, NC 27215, North Carolina",Now Open!,https://www.homegoods.com/store-details/Burlington-NC-27215/1182,False,,2026-05-18
HomeGoods,"Verrado Marketplace, 1405 North Verrado Way, Buckeye, AZ 85396, Arizona","New store opening on May 21, 2026 from 8am to 10pm!",https://www.homegoods.com/store-details/Buckeye-AZ-85396/1219,False,,2026-05-18
Homesense,"Lake Nona West Retail Center, 6023 Lake Nona Blvd, Lake Nona, FL 32827, Lake Nona, FL",,"https://www.google.com/maps?saddr&daddr=6023 Lake Nona Blvd+Lake Nona,FL+32827",False,,2026-05-18
Homesense,"Marketplace at Mill Creek, 1705 Mall of Georgia Blvd Suite 400, Buford, GA 30519, Buford, GA",,"https://www.google.com/maps?saddr&daddr=1705 Mall of Georgia Blvd Suite 400+Buford,GA+30519",False,,2026-05-18
Homesense,"Pinnacle Hills Promenade, 210 S Promenade Boulevard, Rogers, AR 72758, Rogers, AR","May 28, 2026","https://www.google.com/maps?saddr&daddr=210 S Promenade Boulevard+Rogers,AR+72758",False,,2026-05-18
Homesense,"Scottsdale Center, 210 S. Promenade Blvd, Rogers, AR 72758, Rogers, AR","May 28, 2026","https://www.google.com/maps?saddr&daddr=210 S. Promenade Blvd+Rogers,AR+72758",False,2026-05-22,2026-05-22
Jersey Mike's,"1 Gateway Road, Geneseo, NY 14454",In Development,https://www.jerseymikes.com/locations/coming-soon/US-NY,False,,2026-05-18
Jersey Mike's,"1 South River Road, Bedford, NH 03110-6775",In Development,https://www.jerseymikes.com/locations/coming-soon/US-NH,False,2026-06-01,2026-06-01
Jersey Mike's,"1001 E Broadway, Missoula, MT 59802-4914",In Development,https://www.jerseymikes.com/locations/coming-soon/US-MT,False,,2026-05-18
Jersey Mike's,"1010 Sperry Avenue, Patterson, CA 95363-9296",In Development,https://www.jerseymikes.com/locations/coming-soon/US-CA,False,,2026-05-18
Jersey Mike's,"10118 North Main Street, Archdale, NC 27263",In Development,https://www.jerseymikes.com/locations/coming-soon/US-NC,False,,2026-05-18
Jersey Mike's,"102 Commerce St, Brooklyn, NY 11231-1473",In Development,https://www.jerseymikes.com/locations/coming-soon/US-NY,False,,2026-05-18
Jersey Mike's,"1046 W Patrick St, Frederick, MD 21703-3907",In Development,https://www.jerseymikes.com/locations/coming-soon/US-MD,False,,2026-05-18
Jersey Mike's,"1051 Yunus Road, Durham, NC 27703-7203",In Development,https://www.jerseymikes.com/locations/coming-soon/US-NC,False,,2026-05-18
Jersey Mike's,"1055 Tamana Dr, Rexburg, ID 83440",In Development,https://www.jerseymikes.com/locations/coming-soon/US-ID,False,,2026-05-18
Jersey Mike's,"10572 Loveland Madeira Road, Loveland, OH 45140-8962",In Development,https://www.jerseymikes.com/locations/coming-soon/US-OH,False,2026-05-19,2026-05-19
Jersey Mike's,"106 Venture Place, Tea, SD 57064",In Development,https://www.jerseymikes.com/locations/coming-soon/US-SD,False,,2026-05-18
Jersey Mike's,"10700 Clarcona-Ocoee Road, Apopka, FL 32703-8780",In Development,https://www.jerseymikes.com/locations/coming-soon/US-FL,False,,2026-05-18
Jersey Mike's,"108 Hekili Street, Kailua, HI 96734-2848",In Development,https://www.jerseymikes.com/locations/coming-soon/US-HI,False,,2026-05-18
Jersey Mike's,"1090 Hooksett Road, Hookset, NH 03106-1001",In Development,https://www.jerseymikes.com/locations/coming-soon/US-NH,False,2026-05-22,2026-05-22
Jersey Mike's,"1101 Northern Boulevard, Clarks Summit, PA 18411-2221",In Development,https://www.jerseymikes.com/locations/coming-soon/US-PA,False,,2026-05-18
Jersey Mike's,"1101 South Main Street, Smithfield, UT 84335",In Development,https://www.jerseymikes.com/locations/coming-soon/US-UT,False,,2026-05-18
Jersey Mike's,"1111 Lexington Ave, New York, NY 10075-0459",In Development,https://www.jerseymikes.com/locations/coming-soon/US-NY,False,,2026-05-18
Jersey Mike's,"1127 Charlotte Highway, Troutman, NC 28166-8732",In Development,https://www.jerseymikes.com/locations/coming-soon/US-NC,False,,2026-05-18
Jersey Mike's,"11299 US-98, Inlet Beach, FL 32461-9628",In Development,https://www.jerseymikes.com/locations/coming-soon/US-FL,False,,2026-05-18
Jersey Mike's,"1156 W Maple Avenue, Mundelein, IL 60060-1409",In Development,https://www.jerseymikes.com/locations/coming-soon/US-IL,False,,2026-05-18
Jersey Mike's,"1170 US Highway 287, Broomfield, CO 80020-7079",In Development,https://www.jerseymikes.com/locations/coming-soon/US-CO,False,,2026-05-18
Jersey Mike's,"11910 E US 290, Manor, TX 78653",In Development,https://www.jerseymikes.com/locations/coming-soon/US-TX,False,2026-05-31,2026-05-31
Jersey Mike's,"1201 Dutchman's Creek Drive, Brunswick, MD 21716-9771",In Development,https://www.jerseymikes.com/locations/coming-soon/US-MD,True,2026-06-04,2026-06-04
Jersey Mike's,"13117 Kingston Pike, Farragut, TN 37934-1008",In Development,https://www.jerseymikes.com/locations/coming-soon/US-TN,False,2026-06-01,2026-06-01
Jersey Mike's,"1319 Saxon Drive, New Smyrna Beach, FL 32169-3160",In Development,https://www.jerseymikes.com/locations/coming-soon/US-FL,False,,2026-05-18
Jersey Mike's,"13465 Camino Canada, El Cajon, CA 92021-8814",In Development,https://www.jerseymikes.com/locations/coming-soon/US-CA,False,,2026-05-18
Jersey Mike's,"135 West Road (Rt. 83), Ellington, CT 06029-5725",In Development,https://www.jerseymikes.com/locations/coming-soon/US-CT,False,,2026-05-18
Jersey Mike's,"1376 Victories Lane, Petoskey, MI 49770-8302",In Development,https://www.jerseymikes.com/locations/coming-soon/US-MI,False,,2026-05-18
Jersey Mike's,"1398 Massachusetts Ave, Arlington, MA 02476-4150",In Development,https://www.jerseymikes.com/locations/coming-soon/US-MA,False,2026-05-28,2026-05-28
Jersey Mike's,"1412 W Airline Highway, LaPlace, LA 70068-3723",In Development,https://www.jerseymikes.com/locations/coming-soon/US-LA,False,,2026-05-18
Jersey Mike's,"1429 Lake Shore Road, Gilford, NH 03249-2240",In Development,https://www.jerseymikes.com/locations/coming-soon/US-NH,False,,2026-05-18
Jersey Mike's,"143 River Road, Lisbon, CT 06351-3263",In Development,https://www.jerseymikes.com/locations/coming-soon/US-CT,False,,2026-05-18
Jersey Mike's,"1445 S Airport Way, Manteca, CA 95337",In Development,https://www.jerseymikes.com/locations/coming-soon/US-CA,False,,2026-05-18
Jersey Mike's,"1508 South Main Street, Nephi, UT 84648-2516",In Development,https://www.jerseymikes.com/locations/coming-soon/US-UT,False,,2026-05-18
Jersey Mike's,"1525 S Jefferson Avenue, Lebanon, MO 65536-3762",In Development,https://www.jerseymikes.com/locations/coming-soon/US-MO,False,,2026-05-18
Jersey Mike's,"1565 Hustonville Road, Danville, KY 40422-2425",In Development,https://www.jerseymikes.com/locations/coming-soon/US-KY,False,,2026-05-18
Jersey Mike's,"160 Fairview Avenue, Hudson, NY 12534-1267",In Development,https://www.jerseymikes.com/locations/coming-soon/US-NY,False,,2026-05-18
Jersey Mike's,"1617 Georgesville Square Drive, Columbus, OH 43228-3689",In Development,https://www.jerseymikes.com/locations/coming-soon/US-OH,False,,2026-05-18
Jersey Mike's,"16220 Marketplace Boulevard, Bowie, MD 20716",In Development,https://www.jerseymikes.com/locations/coming-soon/US-MD,False,,2026-05-18
Jersey Mike's,"165 Levittown Parkway, Levittown, PA 19055-2464",In Development,https://www.jerseymikes.com/locations/coming-soon/US-PA,False,,2026-05-18
Jersey Mike's,"16605 SE 362nd Ave, Sandy, OR 97055-9289",In Development,https://www.jerseymikes.com/locations/coming-soon/US-OR,True,2026-06-04,2026-06-04
Jersey Mike's,"1661 Estero Blvd., Ft Myers Beach, FL 33931-2846",In Development,https://www.jerseymikes.com/locations/coming-soon/US-FL,False,,2026-05-18
Jersey Mike's,"1709 W Nursery Road, Linthicum Heights, MD 21090",In Development,https://www.jerseymikes.com/locations/coming-soon/US-MD,False,,2026-05-18
Jersey Mike's,"171 E Park Avenue, Long Beach, NY 11561-3522",In Development,https://www.jerseymikes.com/locations/coming-soon/US-NY,False,,2026-05-18
Jersey Mike's,"1750 Homer M Adams Pkwy., Alton, IL 62002-5603",In Development,https://www.jerseymikes.com/locations/coming-soon/US-IL,False,,2026-05-18
Jersey Mike's,"1751 North Sunrise Way, Palm Springs, CA 92262",In Development,https://www.jerseymikes.com/locations/coming-soon/US-CA,False,,2026-05-18
Jersey Mike's,"1751 North Sunrise Way, Palm Springs, CA 92262-3408",In Development,https://www.jerseymikes.com/locations/coming-soon/US-CA,False,2026-05-22,2026-05-22
Jersey Mike's,"178 West 1500 S Main St., Richfield, UT 84701",In Development,https://www.jerseymikes.com/locations/coming-soon/US-UT,False,,2026-05-18
Jersey Mike's,"18 Lawrence Street, Dobbs Ferry, NY 10522-2679",In Development,https://www.jerseymikes.com/locations/coming-soon/US-NY,False,,2026-05-18
Jersey Mike's,"1809 Plymouth Road, Minnetonka, MN 55305-1980",In Development,https://www.jerseymikes.com/locations/coming-soon/US-MN,False,,2026-05-18
Jersey Mike's,"1839 N Main Street, Princeton, IL 61356-9785",In Development,https://www.jerseymikes.com/locations/coming-soon/US-IL,False,,2026-05-18
Jersey Mike's,"1866 Berlin Turnpike, Wethersfield, CT 06109-2414",In Development,https://www.jerseymikes.com/locations/coming-soon/US-CT,False,,2026-05-18
Jersey Mike's,"188 W. Museum Drive, Dickinson, ND 58601-3930",In Development,https://www.jerseymikes.com/locations/coming-soon/US-ND,False,,2026-05-18
Jersey Mike's,"193 W 237th Street, Bronx, NY 10463-4141",In Development,https://www.jerseymikes.com/locations/coming-soon/US-NY,False,2026-05-22,2026-05-22
Jersey Mike's,"193 W 237th Street, Bronx, NY 10470-2005",In Development,https://www.jerseymikes.com/locations/coming-soon/US-NY,False,,2026-05-18
Jersey Mike's,"2001-2053 W 63rd Street, Downers Grove, IL 60516-2316",In Development,https://www.jerseymikes.com/locations/coming-soon/US-IL,False,,2026-05-18
Jersey Mike's,"201 W. Neider Avenue, Coeur d’Alene, ID 83815-9302",In Development,https://www.jerseymikes.com/locations/coming-soon/US-ID,False,,2026-05-18
Jersey Mike's,"209 Pennsylvania Avenue SE, Washington, DC 20003-1107",In Development,https://www.jerseymikes.com/locations/coming-soon/US-DC,False,,2026-05-18
Jersey Mike's,"2132 Topside Road, Louisville, TN 37777-4145",In Development,https://www.jerseymikes.com/locations/coming-soon/US-TN,False,,2026-05-18
Jersey Mike's,"21841 Three Notch Road, Lexington Park, MD 20653-5524",In Development,https://www.jerseymikes.com/locations/coming-soon/US-MD,False,,2026-05-18
Jersey Mike's,"2200 W. Broadway, Council Bluffs, IA 51501-3627",In Development,https://www.jerseymikes.com/locations/coming-soon/US-IA,False,2026-05-31,2026-05-31
Jersey Mike's,"2240 E Lohmam, La Cruces, NM 88011",In Development,https://www.jerseymikes.com/locations/coming-soon/US-NM,False,2026-05-31,2026-05-31
Jersey Mike's,"2240 E Lohmam, Las Cruces, NM 88001-8418",In Development,https://www.jerseymikes.com/locations/coming-soon/US-NM,False,2026-06-01,2026-06-01
Jersey Mike's,"2248 Coffeen Ave, Sheridan, WY 82801-6213",In Development,https://www.jerseymikes.com/locations/coming-soon/US-WY,False,2026-05-22,2026-05-22
Jersey Mike's,"237-245 North Winton Road, Rochester, NY 14610-1229",In Development,https://www.jerseymikes.com/locations/coming-soon/US-NY,False,,2026-05-18
Jersey Mike's,"2430 US Highway 27, Clermont, FL 34714-9117",In Development,https://www.jerseymikes.com/locations/coming-soon/US-FL,False,2026-05-28,2026-05-28
Jersey Mike's,"24818 Morton Ranch Road, Katy, TX 77493-8188",In Development,https://www.jerseymikes.com/locations/coming-soon/US-TX,False,,2026-05-18
Jersey Mike's,"2500 North Milwaukee Ave, Chicago, IL 60647",In Development,https://www.jerseymikes.com/locations/coming-soon/US-IL,False,,2026-05-18
Jersey Mike's,"254 Russell Road, Russell, KY 41101",In Development,https://www.jerseymikes.com/locations/coming-soon/US-KY,False,,2026-05-18
Jersey Mike's,"2604 Decatur Pike, Athens, TN 37303-4930",In Development,https://www.jerseymikes.com/locations/coming-soon/US-TN,False,,2026-05-18
Jersey Mike's,"27615 US Highway 27, Leesburg, FL 34748-9396",In Development,https://www.jerseymikes.com/locations/coming-soon/US-FL,False,,2026-05-18
Jersey Mike's,"279 E Fairmount Avenue, Jamestown, NY 14701",In Development,https://www.jerseymikes.com/locations/coming-soon/US-NY,False,,2026-05-18
Jersey Mike's,"28 W Adams Street, Detroit, MI 48226-1609",In Development,https://www.jerseymikes.com/locations/coming-soon/US-MI,False,,2026-05-18
Jersey Mike's,"2810 Brooks Street, Missoula, MT 59801",In Development,https://www.jerseymikes.com/locations/coming-soon/US-MT,False,,2026-05-18
Jersey Mike's,"2810 Brooks Street, Missoula, MT 59801-7718",In Development,https://www.jerseymikes.com/locations/coming-soon/US-MT,False,2026-06-01,2026-06-01
Jersey Mike's,"2924 US Highway 70 W, Goldsboro, NC 27530-9619",In Development,https://www.jerseymikes.com/locations/coming-soon/US-NC,False,,2026-05-18
Jersey Mike's,"3022 Fairlane Drive, Allen Park, MI 48101",In Development,https://www.jerseymikes.com/locations/coming-soon/US-MI,False,,2026-05-18
Jersey Mike's,"3065 Clairemont Drive, San Diego, CA 92117-6974",In Development,https://www.jerseymikes.com/locations/coming-soon/US-CA,False,,2026-05-18
Jersey Mike's,"3071 College Ave, Fayetteville, AR 72703",In Development,https://www.jerseymikes.com/locations/coming-soon/US-AR,False,,2026-05-18
Jersey Mike's,"3100 FM 2181, Hickory Creek, TX 75065-7731",In Development,https://www.jerseymikes.com/locations/coming-soon/US-TX,False,,2026-05-18
Jersey Mike's,"319 Bethel Road, Somers Point, NJ 08244",In Development,https://www.jerseymikes.com/locations/coming-soon/US-NJ,False,2026-05-19,2026-05-19
Jersey Mike's,"3195 Wright St., Marquette, MI 49855-9620",In Development,https://www.jerseymikes.com/locations/coming-soon/US-MI,False,,2026-05-18
Jersey Mike's,"320 Route 15 South, Wharton, NJ 07885",In Development,https://www.jerseymikes.com/locations/coming-soon/US-NJ,False,,2026-05-18
Jersey Mike's,"3245 Southwestern Blvd., Orchard Park, NY 14127-1230",In Development,https://www.jerseymikes.com/locations/coming-soon/US-NY,False,,2026-05-18
Jersey Mike's,"3280 Howland Boulevard, Deltona, FL 32725-2925",In Development,https://www.jerseymikes.com/locations/coming-soon/US-FL,False,,2026-05-18
Jersey Mike's,"32801 Eiland Boulevard, Wesley Chapel, FL 33545-5268",In Development,https://www.jerseymikes.com/locations/coming-soon/US-FL,False,,2026-05-18
Jersey Mike's,"3328 Campster Drive, Cape Girardeau, MO 63701-8472",In Development,https://www.jerseymikes.com/locations/coming-soon/US-MO,False,,2026-05-18
Jersey Mike's,"34 Winslow Gate Road, Poughkeepsie, NY 12601",In Development,https://www.jerseymikes.com/locations/coming-soon/US-NY,False,,2026-05-18
Jersey Mike's,"341 Halstead Avenue, Harrison, NY 10528-3727",In Development,https://www.jerseymikes.com/locations/coming-soon/US-NY,False,,2026-05-18
Jersey Mike's,"3511 East Race Avenue, Searcy, AR 72143-6200",In Development,https://www.jerseymikes.com/locations/coming-soon/US-AR,False,,2026-05-18
Jersey Mike's,"355 E 2600 N, North Ogden, UT 84414",In Development,https://www.jerseymikes.com/locations/coming-soon/US-UT,False,,2026-05-18
Jersey Mike's,"356 Devoe Street, Brooklyn, NY 11211-2638",In Development,https://www.jerseymikes.com/locations/coming-soon/US-NY,False,,2026-05-18
Jersey Mike's,"3575 Highway 528 NW, Rio Rancho, NM 87144",In Development,https://www.jerseymikes.com/locations/coming-soon/US-NM,False,,2026-05-18
Jersey Mike's,"365 Revolution Drive, Somerville, MA 02145-1553",In Development,https://www.jerseymikes.com/locations/coming-soon/US-MA,False,,2026-05-18
Jersey Mike's,"369 S Lower Sacramento Road, Lodi, CA 95242-3324",In Development,https://www.jerseymikes.com/locations/coming-soon/US-CA,False,,2026-05-18
Jersey Mike's,"370 Patterson Drive, Morgantown, WV 26505-3270",In Development,https://www.jerseymikes.com/locations/coming-soon/US-WV,False,2026-05-19,2026-05-19
Jersey Mike's,"370 Patteson Drive, Morgantown, WV 26505-3270",In Development,https://www.jerseymikes.com/locations/coming-soon/US-WV,False,2026-05-22,2026-05-22
Jersey Mike's,"37463 Lion Drive, Selbyville, DE 19975-3631",In Development,https://www.jerseymikes.com/locations/coming-soon/US-DE,True,2026-06-04,2026-06-04
Jersey Mike's,"383 Patterson Drive, Morgantown, WV 26505-3270",In Development,https://www.jerseymikes.com/locations/coming-soon/US-WV,False,,2026-05-18
Jersey Mike's,"40 Highlands Mall Drive, Natrona Heights (Township name Harrison), PA 15065-1972",In Development,https://www.jerseymikes.com/locations/coming-soon/US-PA,False,,2026-05-18
Jersey Mike's,"415 Community Drive, North Liberty, IA 52317-6703",In Development,https://www.jerseymikes.com/locations/coming-soon/US-IA,False,,2026-05-18
Jersey Mike's,"43 Blake Blvd, Celebration, FL 34747-4515",In Development,https://www.jerseymikes.com/locations/coming-soon/US-FL,False,,2026-05-18
Jersey Mike's,"4456 Golden Foothill Parkway, El Dorado Hills, CA 95762",In Development,https://www.jerseymikes.com/locations/coming-soon/US-CA,False,,2026-05-18
Jersey Mike's,"44575 Mound Road, Sterling Heights, MI 48314-1319",In Development,https://www.jerseymikes.com/locations/coming-soon/US-MI,False,,2026-05-18
Jersey Mike's,"4551 2nd Street, Davis, CA 95618-9415",In Development,https://www.jerseymikes.com/locations/coming-soon/US-CA,False,,2026-05-18
Jersey Mike's,"456 Center Street, Ludlow, MA 01056-7201",In Development,https://www.jerseymikes.com/locations/coming-soon/US-MA,False,,2026-05-18
Jersey Mike's,"4775 North Airport Way, Denver, CO 80239",In Development,https://www.jerseymikes.com/locations/coming-soon/US-CO,False,,2026-05-18
Jersey Mike's,"4845 Moores Mill Road, Huntsville, AL 35811",In Development,https://www.jerseymikes.com/locations/coming-soon/US-AL,False,,2026-05-18
Jersey Mike's,"4860 Blue Diamond Road, Las Vegas, NV 89139-7675",In Development,https://www.jerseymikes.com/locations/coming-soon/US-NV,False,,2026-05-18
Jersey Mike's,"4870 GOlden Parkway, Buford, GA 30518-5840",In Development,https://www.jerseymikes.com/locations/coming-soon/US-GA,False,,2026-05-18
Jersey Mike's,"4880 US Highway 89, Flagstaff, AZ 86004",In Development,https://www.jerseymikes.com/locations/coming-soon/US-AZ,False,,2026-05-18
Jersey Mike's,"5 Glen Cove Road, Greenvale, NY 11548-1334",In Development,https://www.jerseymikes.com/locations/coming-soon/US-NY,False,,2026-05-18
Jersey Mike's,"500 W 33rd St., New York, NY 10001-2175",In Development,https://www.jerseymikes.com/locations/coming-soon/US-NY,False,,2026-05-18
Jersey Mike's,"5001 Sergeant Road, Sioux City, IA 51106-4774",In Development,https://www.jerseymikes.com/locations/coming-soon/US-IA,False,,2026-05-18
Jersey Mike's,"519-521 Boston Post Road, Port Chester, NY 10573-4750",In Development,https://www.jerseymikes.com/locations/coming-soon/US-NY,False,,2026-05-18
Jersey Mike's,"5200 Brockway Drive, Perrysburg, OH 43551",In Development,https://www.jerseymikes.com/locations/coming-soon/US-OH,False,2026-05-28,2026-05-28
Jersey Mike's,"531 US-22, White House Station (White Station), NJ 08889",In Development,https://www.jerseymikes.com/locations/coming-soon/US-NJ,False,,2026-05-18
Jersey Mike's,"5466 St. Croix Trail, North Branch, MN 55056-4204",In Development,https://www.jerseymikes.com/locations/coming-soon/US-MN,False,2026-05-31,2026-05-31
Jersey Mike's,"55 Village Green Drive, Litchfield, CT 06759-3419",In Development,https://www.jerseymikes.com/locations/coming-soon/US-CT,False,,2026-05-18
Jersey Mike's,"5620 NC Hwy. 41, Wallace, NC 28466-6192",In Development,https://www.jerseymikes.com/locations/coming-soon/US-NC,False,,2026-05-18
Jersey Mike's,"57 Bethel Road, Somers Point, NJ 08244-1601",In Development,https://www.jerseymikes.com/locations/coming-soon/US-NJ,False,2026-05-22,2026-05-22
Jersey Mike's,"5708 N Pioneer Canyon Drive, Ridgefield, WA 98642-1036",In Development,https://www.jerseymikes.com/locations/coming-soon/US-WA,False,,2026-05-18
Jersey Mike's,"58060 29 Palms Highway, Yucca Valley, CA 92284",In Development,https://www.jerseymikes.com/locations/coming-soon/US-CA,False,,2026-05-18
Jersey Mike's,"584 Centerville Road, Lancaster, PA 17601-1306",In Development,https://www.jerseymikes.com/locations/coming-soon/US-PA,False,,2026-05-18
Jersey Mike's,"5984 Stage Rd., Bartlett, TN 38134",In Development,https://www.jerseymikes.com/locations/coming-soon/US-TN,False,,2026-05-18
Jersey Mike's,"6 Parkway Lane, Petal, MS 39465-3035",In Development,https://www.jerseymikes.com/locations/coming-soon/US-MS,False,,2026-05-18
Jersey Mike's,"601 Church Street, Nashville, TN 37219-2314",In Development,https://www.jerseymikes.com/locations/coming-soon/US-TN,False,,2026-05-18
Jersey Mike's,"605 NW Parkway Street, Azle, TX 76020-2941",In Development,https://www.jerseymikes.com/locations/coming-soon/US-TX,False,,2026-05-18
Jersey Mike's,"6165 Promenade Shops Boulevard, Noblesville, IN 46062-5606",In Development,https://www.jerseymikes.com/locations/coming-soon/US-IN,False,,2026-05-18
Jersey Mike's,"6399 Atlantic Avenue, Bell, CA 90201-1227",In Development,https://www.jerseymikes.com/locations/coming-soon/US-CA,False,,2026-05-18
Jersey Mike's,"655 W Illinois Ave, Dallas, TX 75224-1880",In Development,https://www.jerseymikes.com/locations/coming-soon/US-TX,False,,2026-05-18
Jersey Mike's,"7200 East 136th Avenue, Thorton, CO 80602",In Development,https://www.jerseymikes.com/locations/coming-soon/US-CO,False,,2026-05-18
Jersey Mike's,"742 S Meadow Street, Ithaca, NY 14850-5321",In Development,https://www.jerseymikes.com/locations/coming-soon/US-NY,False,2026-05-19,2026-05-19
Jersey Mike's,"7507 East 36th Avenue, Denver, CO 80238-3443",In Development,https://www.jerseymikes.com/locations/coming-soon/US-CO,False,,2026-05-18
Jersey Mike's,"7735-04 West Long Drive, Littleton, CO 80123-1262",In Development,https://www.jerseymikes.com/locations/coming-soon/US-CO,False,,2026-05-18
Jersey Mike's,"7739 South 5600 West, West Jordan, UT 84081",In Development,https://www.jerseymikes.com/locations/coming-soon/US-UT,False,,2026-05-18
Jersey Mike's,"7801 Winchester Road, Memphis, TN 38125-2371",In Development,https://www.jerseymikes.com/locations/coming-soon/US-TN,False,,2026-05-18
Jersey Mike's,"791 South 930 West, Payson, UT 84651-3250",In Development,https://www.jerseymikes.com/locations/coming-soon/US-UT,False,,2026-05-18
Jersey Mike's,"80 Laurel Street, Christiansburg, VA 24073",In Development,https://www.jerseymikes.com/locations/coming-soon/US-VA,False,,2026-05-18
Jersey Mike's,"8230 N Highway 41, Post Falls, ID 83854",In Development,https://www.jerseymikes.com/locations/coming-soon/US-ID,False,,2026-05-18
Jersey Mike's,"840 Lexington Street, Waltham, MA 02452",In Development,https://www.jerseymikes.com/locations/coming-soon/US-MA,False,,2026-05-18
Jersey Mike's,"853 W. SH 71, Bastrop, TX 78602",In Development,https://www.jerseymikes.com/locations/coming-soon/US-TX,False,2026-06-01,2026-06-01
Jersey Mike's,"855 Omaha Street, Rapid City, SD 57701-2655",In Development,https://www.jerseymikes.com/locations/coming-soon/US-SD,False,,2026-05-18
Jersey Mike's,"879 State Route 13, Cortland, NY 13045-3525",In Development,https://www.jerseymikes.com/locations/coming-soon/US-NY,False,,2026-05-18
Jersey Mike's,"9055 S Eastern Avenue, Las Vegas, NV 89123-4856",In Development,https://www.jerseymikes.com/locations/coming-soon/US-NV,False,,2026-05-18
Jersey Mike's,"91-1121 Keaunui Drive, Ewa Beach, HI 96706-6360",In Development,https://www.jerseymikes.com/locations/coming-soon/US-HI,False,,2026-05-18
Jersey Mike's,"9101 Highland Road, White Lake, MI 48386-2033",In Development,https://www.jerseymikes.com/locations/coming-soon/US-MI,False,,2026-05-18
Jersey Mike's,"916 US 31 South, Traverse City, MI 49685-8019",In Development,https://www.jerseymikes.com/locations/coming-soon/US-MI,False,,2026-05-18
Jersey Mike's,"9451 Dayton Pike, Soddy Daisy, TN 37379",In Development,https://www.jerseymikes.com/locations/coming-soon/US-TN,False,,2026-05-18
Jersey Mike's,"9901 Brodie Lane, Austin, TX 78748-5802",In Development,https://www.jerseymikes.com/locations/coming-soon/US-TX,False,,2026-05-18
Jersey Mike's,"Coming Soon, Richmond Hill, GA 00000",In Development,https://www.jerseymikes.com/locations/coming-soon/US-GA,False,,2026-05-18
Jersey Mike's,"Maricopa Casa Grande Highway & North Porter Road, Maricopa, AZ 85138",In Development,https://www.jerseymikes.com/locations/coming-soon/US-AZ,False,,2026-05-18
Jersey Mike's,"Montgomery Ave & Dinah Shore Drive, Palm Desert, CA 92211",In Development,https://www.jerseymikes.com/locations/coming-soon/US-CA,False,,2026-05-18
Jersey Mike's,"NEC Bailey Boswell & Centerboard Lane, Fort Worth, TX 76179",In Development,https://www.jerseymikes.com/locations/coming-soon/US-TX,False,,2026-05-18
Jersey Mike's,"NEC Highway 71 & FM 969, Bastrop, TX 78602",In Development,https://www.jerseymikes.com/locations/coming-soon/US-TX,False,,2026-05-18
Jersey Mike's,"NEC Yuma Road & Estrella Parkway, Goodyear, AZ 85338",In Development,https://www.jerseymikes.com/locations/coming-soon/US-AZ,False,,2026-05-18
Jersey Mike's,"NEQ Highway 114 & Roaring River Road, Fort Worth, TX 76247",In Development,https://www.jerseymikes.com/locations/coming-soon/US-TX,False,,2026-05-18
Jersey Mike's,"NWC Route 54 & West Fenwick Boulevard, Selbyville, DE 19975",In Development,https://www.jerseymikes.com/locations/coming-soon/US-DE,False,,2026-05-18
Jersey Mike's,"NWC Val Vista Road & Germann Road, Gilbert, AZ 85297",In Development,https://www.jerseymikes.com/locations/coming-soon/US-AZ,False,,2026-05-18
Jersey Mike's,"Ohio Valley Mall, St. Clairsville, OH 43950",In Development,https://www.jerseymikes.com/locations/coming-soon/US-OH,False,,2026-05-18
Jersey Mike's,"Palmer Hills Court, Bettendorf, IA 52722-6720",In Development,https://www.jerseymikes.com/locations/coming-soon/US-IA,False,,2026-05-18
Jersey Mike's,"Power Road & 202 Freeway, Mesa, AZ 85212",In Development,https://www.jerseymikes.com/locations/coming-soon/US-AZ,False,,2026-05-18
Jersey Mike's,"SEC FM 720 & US 380, LIttle Elm, TX 75088",In Development,https://www.jerseymikes.com/locations/coming-soon/US-TX,False,,2026-05-18
Jersey Mike's,"SEC Winding Way & Manzanita Ave, Carmichael, CA 95608",In Development,https://www.jerseymikes.com/locations/coming-soon/US-CA,False,,2026-05-18
Jersey Mike's,"SEQ Highway 7 & 50th, Brighton, CO 80601",In Development,https://www.jerseymikes.com/locations/coming-soon/US-CO,False,,2026-05-18
Jersey Mike's,"TBD @ Dalton& North Goliad Street, Rockwall, TX 75087",In Development,https://www.jerseymikes.com/locations/coming-soon/US-TX,False,,2026-05-18
Jersey Mike's,"TBD @ E LaSalle Drive, Bismarck, ND 58503",In Development,https://www.jerseymikes.com/locations/coming-soon/US-ND,False,,2026-05-18
Jersey Mike's,"TBD @ N Loop 1604 E, San Antonio, TX 78266",In Development,https://www.jerseymikes.com/locations/coming-soon/US-TX,True,2026-06-04,2026-06-04
Jersey Mike's,"TBD @ NEC Ferrari Ranch Road & Lincoln Boulevard, Lincoln, CA 95648",In Development,https://www.jerseymikes.com/locations/coming-soon/US-CA,False,,2026-05-18
Jersey Mike's,"TBD @ NWC Claribel & Oakdale, Riverbank, CA 95367",In Development,https://www.jerseymikes.com/locations/coming-soon/US-CA,False,,2026-05-18
Jersey Mike's,"TBD @ NWQ US Highway 290 & FM 973, Manor, TX 786539",In Development,https://www.jerseymikes.com/locations/coming-soon/US-TX,False,,2026-05-18
Jersey Mike's,"TBD @ Old Ranch Way & East Bidwell Street, Folsom, CA 95630",In Development,https://www.jerseymikes.com/locations/coming-soon/US-CA,False,,2026-05-18
Jersey Mike's,"TBD @ SEQ SR-32 & Spring Mill Road, Westfield, IN 46074",In Development,https://www.jerseymikes.com/locations/coming-soon/US-IN,False,,2026-05-18
Jersey Mike's,"TBD @ SWC White Settlement Road & Academy Boulevard, Fort Worth, TX 76108",In Development,https://www.jerseymikes.com/locations/coming-soon/US-TX,False,,2026-05-18
Jersey Mike's,"TBD @ Spring Bluff Way, Knoxville, TN 37932",In Development,https://www.jerseymikes.com/locations/coming-soon/US-TN,False,,2026-05-18
Jersey Mike's,"TBD Dogwood Boulevard, Kannapolis, NC 28027",In Development,https://www.jerseymikes.com/locations/coming-soon/US-NC,False,,2026-05-18
Jersey Mike's,"TBD NWC Benns Church Boulevard & Josephine’s Crossing, Smithfield, VA 23430",In Development,https://www.jerseymikes.com/locations/coming-soon/US-VA,False,,2026-05-18
Jersey Mike's,"US-223, Adrian, MI 49221",In Development,https://www.jerseymikes.com/locations/coming-soon/US-MI,False,,2026-05-18
Jersey Mike's,"transferred, Battle Creek, MI 49015-4181",In Development,https://www.jerseymikes.com/locations/coming-soon/US-MI,False,,2026-05-18
Kirkland's,"Anderson, SC Anderson Station 166 Station Drive Anderson, SC 29621",Coming Soon,https://www.kirklands.com/content.jsp?pageName=openingstores&icid=storelocator_new,False,2026-05-18,2026-05-18
Kirkland's,"Ann Arbor, MI Maple Village 341 N. Maple Road Ann Arbor, MI 48103",Coming Soon,https://www.kirklands.com/content.jsp?pageName=openingstores&icid=storelocator_new,False,2026-05-18,2026-05-18
Kirkland's,"Deerfield Beach, FL Deerfield Mall 3888 West Hillsboro Blvd Deerfield, FL 33442",Coming Soon,https://www.kirklands.com/content.jsp?pageName=openingstores&icid=storelocator_new,False,2026-05-18,2026-05-18
Kirkland's,"Durham, NC Renaissance Village 8200 Renaissance Parkway Durham, NC 27713",Coming Soon,https://www.kirklands.com/content.jsp?pageName=openingstores&icid=storelocator_new,False,2026-05-18,2026-05-18
Kirkland's,"Freehold, NJ Freehold Raceway Mall 3710 Route 9 South Freehold, NJ 07728",Coming Soon,https://www.kirklands.com/content.jsp?pageName=openingstores&icid=storelocator_new,False,2026-05-18,2026-05-18
Kirkland's,"Nashville, TN One Bellevue Place 8167 Sawyer Brown Road Nashville, TN 37221",Coming Soon,https://www.kirklands.com/content.jsp?pageName=openingstores&icid=storelocator_new,False,2026-05-18,2026-05-18
Kirkland's,"Valley Stream, NY Green Acres Commons 2034 Sunrise Highway Valley Stream, NY 11581",Coming Soon,https://www.kirklands.com/content.jsp?pageName=openingstores&icid=storelocator_new,False,2026-05-18,2026-05-18
Kirkland's,"Washington, PA Tanger Outlet 2200 Tanger Boulevard Washington, PA 15301",Coming Soon,https://www.kirklands.com/content.jsp?pageName=openingstores&icid=storelocator_new,False,2026-05-18,2026-05-18
Kirkland's,"Wayne, PA Gateway Shopping Center 221 Swedesford Road, Space 183 Wayne, PA 19087",Coming Soon,https://www.kirklands.com/content.jsp?pageName=openingstores&icid=storelocator_new,False,2026-05-18,2026-05-18
Kirkland's,"West Long Branch, NJ Consumer Center 310 State Route 36 West Long Branch, NJ 07764",Coming Soon,https://www.kirklands.com/content.jsp?pageName=openingstores&icid=storelocator_new,False,2026-05-18,2026-05-18
Marshalls,"1310 Oklahoma Ave, Woodward, Oklahoma","April 23, 2026",https://www.marshalls.com/us/store/stores/directions.jsp?sid=1656&ref=grandOpenings,False,,2026-05-18
Marshalls,"13131 Ridgedale Dr, Minnetonka, Minnesota","May 21, 2026",https://www.marshalls.com/us/store/stores/directions.jsp?sid=184&ref=grandOpenings,False,,2026-05-18
Marshalls,"1379 Nashville Rd, Franklin, Kentucky","May 21, 2026",https://www.marshalls.com/us/store/stores/directions.jsp?sid=1655&ref=grandOpenings,False,,2026-05-18
Marshalls,"1395 North Verrado Way, Buckeye, Arizona","May 21, 2026",https://www.marshalls.com/us/store/stores/directions.jsp?sid=1652&ref=grandOpenings,False,,2026-05-18
Marshalls,"1610 Church St, Conway, South Carolina",Now Open!,https://www.marshalls.com/us/store/stores/directions.jsp?sid=1661&ref=grandOpenings,False,,2026-05-18
Marshalls,"5811 Worth Pkwy Ste109, San Antonio, Texas","April 16, 2026",https://www.marshalls.com/us/store/stores/directions.jsp?sid=652&ref=grandOpenings,False,,2026-05-18
Marshalls,"850 3rd Avenue, Brooklyn, New York","April 23, 2026",https://www.marshalls.com/us/store/stores/directions.jsp?sid=1290&ref=grandOpenings,False,,2026-05-18
Marshalls,"900 DeKalb Plaza Blvd, Fort Payne, Alabama","April 23, 2026",https://www.marshalls.com/us/store/stores/directions.jsp?sid=1653&ref=grandOpenings,False,,2026-05-18
Marshalls,"934 E. 23rd St, Fremont, Nebraska","March 26, 2026",https://www.marshalls.com/us/store/stores/directions.jsp?sid=1611&ref=grandOpenings,False,,2026-05-18
Marshalls,"995 North State 434, Altamonte Springs, Florida",Now Open!,https://www.marshalls.com/us/store/stores/directions.jsp?sid=67&ref=grandOpenings,False,,2026-05-18
Natural Grocers,"Abilene, TX",4/09/26,https://www.naturalgrocers.com/store/abilene,False,,2026-05-18
Natural Grocers,"Lake Geneva, WI",6/10/2026,https://www.naturalgrocers.com/store/lake-geneva,False,,2026-05-18
Natural Grocers,"McMinnville, OR",Summer 2026,https://www.naturalgrocers.com/new-store-announcements,False,,2026-05-18
Natural Grocers,"Rapid City, SD",Summer 2026,https://www.naturalgrocers.com/new-store-announcements,False,,2026-05-18
Natural Grocers,"Rock Springs, WY",4/29/2026,https://www.naturalgrocers.com/store/rock-springs,False,,2026-05-18
Natural Grocers,"Ruidoso, NM",3/18/26,https://www.naturalgrocers.com/store/ruidoso,False,,2026-05-18
Natural Grocers,"Walla Walla, WA",5/20/2026,https://www.naturalgrocers.com/store/walla-walla,False,,2026-05-18
TJ Maxx,"1233 Teakwood Ave, Coos Bay",Now open!,https://tjmaxx.tjx.com/store/stores/directions.jsp?sid=1681&ref=grandOpenings,False,,2026-05-18
TJ Maxx,"1384 Rombach Ave, Wilmington","May 28, 2026",https://tjmaxx.tjx.com/store/stores/directions.jsp?sid=1485&ref=grandOpenings,False,2026-05-28,2026-05-28
TJ Maxx,"1428 W. Airline Hwy, LaPlace","May 28, 2026",https://tjmaxx.tjx.com/store/stores/directions.jsp?sid=1683&ref=grandOpenings,False,,2026-05-18
TJ Maxx,"1935 Mineral Wells Ave, Paris","May 28, 2026",https://tjmaxx.tjx.com/store/stores/directions.jsp?sid=1695&ref=grandOpenings,False,,2026-05-18
TJ Maxx,"2530 Hylan Boulevard, Staten Island","May 28, 2026",https://tjmaxx.tjx.com/store/stores/directions.jsp?sid=165&ref=grandOpenings,False,,2026-05-18
TJ Maxx,"26015 104th Ave SE Ste 103, Kent",Now Open!,https://tjmaxx.tjx.com/store/stores/directions.jsp?sid=850&ref=grandOpenings,False,,2026-05-18
TJ Maxx,"2607 Decherd Blvd, Winchester","May 28, 2026",https://tjmaxx.tjx.com/store/stores/directions.jsp?sid=1687&ref=grandOpenings,False,,2026-05-18
TJ Maxx,"280 Black Gold Blvd, Hazard","May 17, 2026",https://tjmaxx.tjx.com/store/stores/directions.jsp?sid=1694&ref=grandOpenings,False,,2026-05-18
TJ Maxx,"283 Platinum Ave, Staten Island","May 28, 2026",https://tjmaxx.tjx.com/store/stores/directions.jsp?sid=165&ref=grandOpenings,False,2026-05-28,2026-05-28
TJ Maxx,"8540 Factory Shops Blvd, Jeffersonville","May 28, 2026",https://tjmaxx.tjx.com/store/stores/directions.jsp?sid=1485&ref=grandOpenings,False,,2026-05-18
TJ Maxx,"901 West 135th St, Kansas City","March 26, 2026",https://tjmaxx.tjx.com/store/stores/directions.jsp?sid=1457&ref=grandOpenings,False,,2026-05-18
TJ Maxx,"955 Poquonnock Rd, Groton",Now Open!,https://tjmaxx.tjx.com/store/stores/directions.jsp?sid=434&ref=grandOpenings,False,,2026-05-18
Target,"Arizona: Buckeye-Verrado, 1355 N. Verrado Way, Buckeye, AZ 85396",May 17,https://corporate.target.com/press/fact-sheet/2024/04/store-openings#arizona-buckeye-verrado,False,,2026-05-18
Target,"Arizona: Queen Creek Gantzel and Combs, 37854 N Gantzel Road, Queen Creek, AZ 85140",The following Target stores officially opened on Oct. 12:,https://corporate.target.com/press/fact-sheet/2024/04/store-openings#arizona-queen-creek-gantzel-and-combs,False,,2026-05-18
Target,"Arizona: Surprise West - Prasada Village, 14101 N. Prasada Parkway, Surprise, AZ 85388",April 13,https://corporate.target.com/press/fact-sheet/2024/04/store-openings#arizona-surprise-west---prasada-village,False,,2026-05-18
Target,"California: Bakersfield Panama and Gosford, 6301 Gosford Road, Bakersfield, CA 93313",March 15,https://corporate.target.com/press/fact-sheet/2024/04/store-openings#california-bakersfield-panama-and-gosford,False,,2026-05-18
Target,"California: Fresno Fancher Creek, 205 South Clovis Avenue, Fresno, CA 93727",The following Target stores officially opened on Oct. 19:,https://corporate.target.com/press/fact-sheet/2024/04/store-openings#california-fresno-fancher-creek,False,,2026-05-18
Target,"California: Jurupa Valley, 8063 Mission Boulevard, Jurupa Valley, CA 92509",The following Target stores officially opened on Aug. 17:,https://corporate.target.com/press/fact-sheet/2024/04/store-openings#california-jurupa-valley,False,,2026-05-18
Target,"California: South Lake Tahoe, 4000 Lake Tahoe Boulevard, No. 6, South Lake Tahoe, CA 96150",April 13,https://corporate.target.com/press/fact-sheet/2024/04/store-openings#california-south-lake-tahoe,False,,2026-05-18
Target,"Casa Grande Promenade, 951 N. Promenade Parkway, Casa Grande, AZ 85194",May 17,https://corporate.target.com/press/fact-sheet/2024/04/store-openings#casa-grande-promenade,False,,2026-05-18
Target,"Connecticut: Guilford, 900 Boston Post Road, Guilford, CT 06437",The following Target stores officially opened on Aug. 17:,https://corporate.target.com/press/fact-sheet/2024/04/store-openings#connecticut-guilford,False,,2026-05-18
Target,"Delano, 321 Woollomes Avenue, Delano, CA 93215",March 15,https://corporate.target.com/press/fact-sheet/2024/04/store-openings#delano,False,,2026-05-18
Target,"Florida: Bradenton Heritage Harbor, 725 Lighthouse Drive, Bradenton, FL 34212",The following Target stores officially opened on Aug. 17:,https://corporate.target.com/press/fact-sheet/2024/04/store-openings#florida-bradenton-heritage-harbor,False,,2026-05-18
Target,"Florida: Wesley Chapel Grove, 27920 Pink Flamingo Lane, Wesley Chapel, FL 33544",The following Target stores officially opened on Oct. 12:,https://corporate.target.com/press/fact-sheet/2024/04/store-openings#florida-wesley-chapel-grove,False,,2026-05-18
Target,"Missouri: Springfield Sunshine Centre, 3444 W. Sunshine Street, Springfield, MO 65807",March 15,https://corporate.target.com/press/fact-sheet/2024/04/store-openings#missouri-springfield-sunshine-centre,False,,2026-05-18
Target,"Missouri: University City Olive Boulevard, 8645 Olive Boulevard, St. Louis, MO 63132",May 17,https://corporate.target.com/press/fact-sheet/2024/04/store-openings#missouri-university-city-olive-boulevard,False,,2026-05-18
Target,"Nebraska: Grand Island, 3400 West 13th Street, Grand Island, NE 68803",The following Target stores officially opened on Oct. 12:,https://corporate.target.com/press/fact-sheet/2024/04/store-openings#nebraska-grand-island,False,,2026-05-18
Target,"New Jersey: Flemington, 325 Route 202, Flemington, NJ 08822",The following Target stores officially opened on Aug. 17:,https://corporate.target.com/press/fact-sheet/2024/04/store-openings#new-jersey-flemington,False,,2026-05-18
Target,"New Jersey: Jersey City (Journal Square), 104 Sip Avenue, Jersey City, NJ 07306",March 29,https://corporate.target.com/press/fact-sheet/2024/04/store-openings#new-jersey-jersey-city-journal-square,False,,2026-05-18
Target,"New Jersey: Jersey City Route 440, 381 Route 440, Jersey City, NJ 07305",May 17,https://corporate.target.com/press/fact-sheet/2024/04/store-openings#isPasted,False,,2026-05-18
Target,"New York: Queens Astoria, 22-11 31st Street, Astoria, NY 11105",July 20,https://corporate.target.com/press/fact-sheet/2024/04/store-openings#new-york-queens-astoria,False,,2026-05-18
Target,"North Carolina: Fuquay Varina, 3200 Gold Ring Road, Fuquay Varina, NC 27526",March 15,https://corporate.target.com/press/fact-sheet/2024/04/store-openings#north-carolina-fuquay-varina,False,,2026-05-18
Target,"North Carolina: Myrtle Grove, 5623 Carolina Beach Road, Wilmington, NC 28412",May 17,https://corporate.target.com/press/fact-sheet/2024/04/store-openings#north-carolina-myrtle-grove,False,,2026-05-18
Target,"Norwalk Connecticut Avenue, 680 Connecticut Avenue, Norwalk, CT 06854",The following Target stores officially opened on Aug. 17:,https://corporate.target.com/press/fact-sheet/2024/04/store-openings#norwalk-connecticut-avenue,False,,2026-05-18
Target,"Pennsylvania: West Goshen, 985 Paoli Pike, West Chester, PA 19380",The following Target stores officially opened on Aug. 17:,https://corporate.target.com/press/fact-sheet/2024/04/store-openings#pennsylvania-west-goshen,False,,2026-05-18
Target,"Selma, 551 St. Mark Avenue, Selma, NC 27576",May 17,https://corporate.target.com/press/fact-sheet/2024/04/store-openings#isPasted,False,,2026-05-18
Target,"South Carolina: Indian Land, 5345 Crossridge Boulevard, Indian Land, SC 29707",The following Target stores officially opened on Oct. 12:,https://corporate.target.com/press/fact-sheet/2024/04/store-openings#south-carolina-indian-land,False,,2026-05-18
Target,"Texas: Denton North, 2755 W. University Drive, Suite 1101, Denton, TX 76201",April 13,https://corporate.target.com/press/fact-sheet/2024/04/store-openings#texas-denton-north,False,,2026-05-18
Target,"Texas: Oak Cliff, 655 W. Illinois Avenue, Dallas, TX 75224",March 15,https://corporate.target.com/press/fact-sheet/2024/04/store-openings#texas-oak-cliff,False,,2026-05-18
Target,"Texas: Stafford Kirkwood Road, 12565 Arc Lane, Stafford, TX 77477",The following Target stores officially opened on Oct. 19:,https://corporate.target.com/press/fact-sheet/2024/04/store-openings#texas-stafford-kirkwood-road,False,,2026-05-18
Target,"Virginia: South Riding, Building 8, 24670 Arcola Landing Drive, Sterling, VA 20166",The following Target stores officially opened on Oct. 12:,https://corporate.target.com/press/fact-sheet/2024/04/store-openings#virginia-south-riding,False,,2026-05-18
Target,"West Orange, 235 Prospect Avenue, West Orange, NJ 07052",March 29,https://corporate.target.com/press/fact-sheet/2024/04/store-openings#west-orange,False,,2026-05-18
Target,"Wildwood, 5580 Seven Mile Drive, Wildwood, FL 34785",The following Target stores officially opened on Aug. 17:,https://corporate.target.com/press/fact-sheet/2024/04/store-openings#wildwood,False,,2026-05-18
Teso Life,"Coming Soon - 10436-10449 Town Center Dr, Westminster, CO 80021, Colorado",Coming Soon,https://www.tesolife.com#,False,,2026-05-18
Teso Life,"Coming Soon - 10550 SW 88th St Miami, FL 33176, Florida",Coming Soon,https://www.tesolife.com#,False,,2026-05-18
Teso Life,"Coming Soon - 12261 Eastlake Blvd El Paso, TX 79928, Texas",Coming Soon,https://www.tesolife.com#,False,,2026-05-18
Teso Life,"Coming Soon - 1659 Texas Ave S, College Station, TX 77840, Texas",Coming Soon,https://www.tesolife.com#,False,,2026-05-18
Teso Life,"Coming Soon - 17776 Tomball Pkwy Houston, TX 77064, Texas",Coming Soon,https://www.tesolife.com#,False,,2026-05-18
Teso Life,"Coming Soon - 2327 Cottman Ave store #5, Philadelphia, PA 19149, Pennsylvania",Coming Soon,https://www.tesolife.com#,False,,2026-05-18
Teso Life,"Coming Soon - 23330 Grand Cir Blvd Katy, TX 77449, Texas",Coming Soon,https://www.tesolife.com#,False,,2026-05-18
Teso Life,"Coming Soon - 2420 Walnut St Cary, NC 27518, North Carolina",Coming Soon,https://www.tesolife.com#,False,,2026-05-18
Teso Life,"Coming Soon - 3000 184th St SW, Lynnwood, WA 98037, Washington",Coming Soon,https://www.tesolife.com#,False,,2026-05-18
Teso Life,"Coming Soon - 3309 N Central Expy Plano, TX 75023, Texas",Coming Soon,https://www.tesolife.com#,False,,2026-05-18
Teso Life,"Coming Soon - 4502 S Steele St Tacoma, WA 98409, Washington",Coming Soon,https://www.tesolife.com#,False,,2026-05-18
Teso Life,"Coming Soon - 47100 Community Plaza, Sterling, VA 20164, Virginia",Coming Soon,https://www.tesolife.com#,False,,2026-05-18
Teso Life,"Coming Soon - 5001 Montgomery Blvd NE Albuquerque, NM 87109, New Mexico",Coming Soon,https://www.tesolife.com#,False,,2026-05-18
Teso Life,"Coming Soon - 5473 Blair Rd # 100 Dallas, TX 75231, Texas",Coming Soon,https://www.tesolife.com#,False,,2026-05-18
Teso Life,"Coming Soon - 5790 S Redwood Rd Taylorsville, UT 84123, Utah",Coming Soon,https://www.tesolife.com#,False,,2026-05-18
Teso Life,"Coming Soon - 6262 Sawmill Rd Dublin, OH 43017, Ohio",Coming Soon,https://www.tesolife.com#,False,,2026-05-18
Teso Life,"Coming Soon - 6398 Springfield Plaza Springfield, VA 22150, Virginia",Coming Soon,https://www.tesolife.com#,False,,2026-05-18
Teso Life,"Coming Soon - 6406 N Interstate 35 Frontage Rd #2700, Austin, TX 78752, Texas",Coming Soon,https://www.tesolife.com#,False,,2026-05-18
Teso Life,"Coming Soon - 7000 W Alameda Ave Lakewood, CO 80226, Colorado",Coming Soon,https://www.tesolife.com#,False,,2026-05-18
Teso Life,"Coming Soon - 7780 W Arrowhead Towne Center Glendale, AZ 85308, Arizona",Coming Soon,https://www.tesolife.com#,False,,2026-05-18
Teso Life,"Coming Soon - Q2 2026 - 1104 W Arbrook Blvd Arlington, TX 76015, Texas",Coming Soon,https://www.tesolife.com#,False,,2026-05-18
Teso Life,"Coming Soon - Q2 2026 - 196 Canal St, New York, NY 10013, New York",Coming Soon,https://www.tesolife.com#,False,,2026-05-18
Teso Life,"Coming Soon - Q2 2026 - 9278 Arlington Expy Jacksonville, FL 32225, Florida",Coming Soon,https://www.tesolife.com#,False,,2026-05-18
Teso Life,"Coming Soon - Q3 2026 - 1150 S Ironton St Aurora, CO 80012, Colorado",Coming Soon,https://www.tesolife.com#,False,,2026-05-18
Teso Life,"Coming Soon - Q3 2026 - 11940 Metcalf Ave Overland Park, KS 66213, Kansas",Coming Soon,https://www.tesolife.com#,False,,2026-05-18
Teso Life,"Coming Soon - Q3 2026 - 1476 Golf Rd Rolling Meadows, IL 60008, Illinois",Coming Soon,https://www.tesolife.com#,False,,2026-05-18
Teso Life,"Coming Soon - Q3 2026 - 1555 N Aurora Rd #113 Naperville, IL 60563, Illinois",Coming Soon,https://www.tesolife.com#,False,,2026-05-18
Teso Life,"Coming Soon - Q3 2026 - 3142 SE Military Dr San Antonio, TX 78235, Texas",Coming Soon,https://www.tesolife.com#,False,,2026-05-18
Teso Life,"Coming Soon - Q3 2026 - 3930 NE Loop 820 #200 Haltom City, TX 76137, Texas",Coming Soon,https://www.tesolife.com#,False,,2026-05-18
Teso Life,"Coming Soon - Q3 2026 - 459 Washington St Boston, MA 02111, Massachusetts",Coming Soon,https://www.tesolife.com#,False,,2026-05-18
Teso Life,"Coming Soon - Q3 2026 - 4600 Durham-Chapel Hill Blvd Durham, NC 27707, North Carolina",Coming Soon,https://www.tesolife.com#,False,,2026-05-18
Teso Life,"Coming Soon - Q3 2026 - 8226 Agora Pkwy Selma, TX 78154, Texas",Coming Soon,https://www.tesolife.com#,False,,2026-05-18
Teso Life,"Coming Soon - Q4 2026 - 300 Andover Park W Tukwila, WA 98188, Washington",Coming Soon,https://www.tesolife.com#,False,,2026-05-18
Teso Life,"Coming Soon - Q4 2026 - 7529 Broadway St #101 Pearland TX 77581, Other",Coming Soon,https://www.tesolife.com#,False,,2026-05-18
Teso Life,"New locations are on the way., Alabama",Coming Soon,https://www.tesolife.com#,False,,2026-05-18
Teso Life,"New locations are on the way., Alaska",Coming Soon,https://www.tesolife.com#,False,,2026-05-18
Teso Life,"New locations are on the way., Arkansas",Coming Soon,https://www.tesolife.com#,False,,2026-05-18
Teso Life,"New locations are on the way., California",Coming Soon,https://www.tesolife.com#,False,,2026-05-18
Teso Life,"New locations are on the way., Connecticut",Coming Soon,https://www.tesolife.com#,False,,2026-05-18
Teso Life,"New locations are on the way., Delaware",Coming Soon,https://www.tesolife.com#,False,,2026-05-18
Teso Life,"New locations are on the way., District of Columbia",Coming Soon,https://www.tesolife.com#,False,,2026-05-18
Teso Life,"New locations are on the way., Hawaii",Coming Soon,https://www.tesolife.com#,False,,2026-05-18
Teso Life,"New locations are on the way., Idaho",Coming Soon,https://www.tesolife.com#,False,,2026-05-18
Teso Life,"New locations are on the way., Indiana",Coming Soon,https://www.tesolife.com#,False,,2026-05-18
Teso Life,"New locations are on the way., Iowa",Coming Soon,https://www.tesolife.com#,False,,2026-05-18
Teso Life,"New locations are on the way., Kentucky",Coming Soon,https://www.tesolife.com#,False,,2026-05-18
Teso Life,"New locations are on the way., Louisiana",Coming Soon,https://www.tesolife.com#,False,,2026-05-18
Teso Life,"New locations are on the way., Maine",Coming Soon,https://www.tesolife.com#,False,,2026-05-18
Teso Life,"New locations are on the way., Minnesota",Coming Soon,https://www.tesolife.com#,False,,2026-05-18
Teso Life,"New locations are on the way., Mississippi",Coming Soon,https://www.tesolife.com#,False,,2026-05-18
Teso Life,"New locations are on the way., Missouri",Coming Soon,https://www.tesolife.com#,False,,2026-05-18
Teso Life,"New locations are on the way., Montana",Coming Soon,https://www.tesolife.com#,False,,2026-05-18
Teso Life,"New locations are on the way., Nebraska",Coming Soon,https://www.tesolife.com#,False,,2026-05-18
Teso Life,"New locations are on the way., New Hampshire",Coming Soon,https://www.tesolife.com#,False,,2026-05-18
Teso Life,"New locations are on the way., North Dakota",Coming Soon,https://www.tesolife.com#,False,,2026-05-18
Teso Life,"New locations are on the way., Oklahoma",Coming Soon,https://www.tesolife.com#,False,,2026-05-18
Teso Life,"New locations are on the way., Rhode Island",Coming Soon,https://www.tesolife.com#,False,,2026-05-18
Teso Life,"New locations are on the way., South Carolina",Coming Soon,https://www.tesolife.com#,False,,2026-05-18
Teso Life,"New locations are on the way., South Dakota",Coming Soon,https://www.tesolife.com#,False,,2026-05-18
Teso Life,"New locations are on the way., Tennessee",Coming Soon,https://www.tesolife.com#,False,,2026-05-18
Teso Life,"New locations are on the way., Vermont",Coming Soon,https://www.tesolife.com#,False,,2026-05-18
Teso Life,"New locations are on the way., West Virginia",Coming Soon,https://www.tesolife.com#,False,,2026-05-18
Teso Life,"New locations are on the way., Wisconsin",Coming Soon,https://www.tesolife.com#,False,,2026-05-18
Teso Life,"New locations are on the way., Wyoming",Coming Soon,https://www.tesolife.com#,False,,2026-05-18
Ulta Beauty,"11910 E US 290 Hwy WB, Manor, TX 78653",Apr 24-May 24,https://www.ulta.com/guestservices/ways-to-shop/in-store/grand-openings,False,2026-05-19,2026-05-19
Ulta Beauty,"1222 Cottage Ln, Conway, SC 29526",Jun 05-Jul 05,https://www.ulta.com/guestservices/ways-to-shop/in-store/grand-openings,False,2026-05-28,2026-05-28
Ulta Beauty,"1385 N Verrado Way, Buckeye, AZ 85396",May 29-Jun 29,https://www.ulta.com/guestservices/ways-to-shop/in-store/grand-openings,False,2026-05-19,2026-05-19
Ulta Beauty,"15320 Shawnee Mission Pkwy, Shawnee, KS 66217",Jun 19-Jul 19,https://www.ulta.com/guestservices/ways-to-shop/in-store/grand-openings,False,2026-05-28,2026-05-28
Ulta Beauty,"1645 Parkway, Sevierville, TN 37862",Jun 26-Jul 26,https://www.ulta.com/guestservices/ways-to-shop/in-store/grand-openings,False,2026-05-28,2026-05-28
Ulta Beauty,"2008 Paul Bunyan Dr NW, Bemidji, MN 56601",May 08-Jun 08,https://www.ulta.com/guestservices/ways-to-shop/in-store/grand-openings,False,2026-05-19,2026-05-19
Ulta Beauty,"2200 S 10th St, McAllen, TX 78503",Jun 26-Jul 26,https://www.ulta.com/guestservices/ways-to-shop/in-store/grand-openings,False,2026-05-28,2026-05-28
Ulta Beauty,"2317 New Hyde Park Rd, New Hyde Park, NY 11042",May 22-Jun 22,https://www.ulta.com/guestservices/ways-to-shop/in-store/grand-openings,False,2026-05-19,2026-05-19
Ulta Beauty,"25 Settlers Green Dr, North Conway, NH 03860",May 08-Jun 08,https://www.ulta.com/guestservices/ways-to-shop/in-store/grand-openings,False,2026-05-19,2026-05-19
Ulta Beauty,"2540 W 24th Ave, Emporia , KS 66801",May 15-Jun 15,https://www.ulta.com/guestservices/ways-to-shop/in-store/grand-openings,False,2026-05-19,2026-05-19
Ulta Beauty,"3389 U.S Highway 441 South, Okeechobee, FL 34974",May 08-Jun 08,https://www.ulta.com/guestservices/ways-to-shop/in-store/grand-openings,False,2026-05-19,2026-05-19
Ulta Beauty,"3714 Shaw Ave, Clovis, CA 93619",May 08-Jun 08,https://www.ulta.com/guestservices/ways-to-shop/in-store/grand-openings,False,2026-05-19,2026-05-19
Ulta Beauty,"40 Plaza Way, Mountain Home, AR 72653",Jun 26-Jul 26,https://www.ulta.com/guestservices/ways-to-shop/in-store/grand-openings,False,2026-05-28,2026-05-28
Ulta Beauty,"5506 New Fashion Way, Charlotte, NC 28278",Jun 12-Jul 12,https://www.ulta.com/guestservices/ways-to-shop/in-store/grand-openings,False,2026-05-28,2026-05-28
Wawa,"10 Stonegate Dr. Northampton, PA 18067",6/4/2026,https://wawa.a.bigcontent.io/v1/static/060426_Store8200_NorthamptonPA_Alert_Final,False,,2026-05-18
Wawa,"14251 S US Highway 301 Sun City Center, FL 33573",6/4/2026,https://wawa.a.bigcontent.io/v1/static/060426_SunCityCenterFL_Alert_Final,False,,2026-05-18
Wawa,"2890 E Osceola Pkwy. Kissimmee, FL 34743",6/18/2026,https://wawa.a.bigcontent.io/v1/static/061826_Store5487_Kissimmee_Alert_Final,False,,2026-05-18
Wawa,"3790 South St. Lafayette, IN 47905",6/24/2026,https://wawa.a.bigcontent.io/v1/static/062426_Store7418_LafayetteIN_Alert_Final,False,,2026-05-18
Wawa,"6800 Carolina Beach Rd. Wilmington, NC 28412",5/29/2026,https://wawa.a.bigcontent.io/v1/static/052926_WilmingtonNC_GrandOpening_Alert,False,,2026-05-18
Wawa,"7601 Vaughn Mill Rd. Louisville, KY 40228",5/21/2026,https://wawa.a.bigcontent.io/v1/static/052126_LouisvilleKY_MediaAlert_Final,False,,2026-05-18
Wawa,"9262 W Highway 98 Pensacola, FL 32506",5/21/2026,https://wawa.a.bigcontent.io/v1/static/052126_PensacolaFL_MediaAlert,False,,2026-05-18
