store_name,location,event_type,event_date,status,short_description,article_link,published_date,source_batch,Date_Appended
Chipotle Mexican Grill,"12 Royce Circle, Storrs Center, Storrs, CT",Opening,Not specified,planned for,"Chipotle filed for building permits on May 11th to convert the current Gansett Wraps space at 12 Royce Circle into a new Chipotle restaurant. The permits call for a fit-out of the existing space in a 5-story mixed-use building, with exterior and interior alterations. No opening date has been announced.",https://www.theconnecticutscoop.com/all-tolland-county-posts/storrs-scoop-chipotle-mexican-grill-planned-for-storrs-center,5/14/2026,ct_scoop_batch1_output,2026-05-15
Gansett Wraps,"33 Wilbur Cross Way (former Tang Karaoke Bar), Storrs Center, Storrs, CT",Opening,Not specified,planned for,"Gansett Wraps is building out a new space at 33 Wilbur Cross Way inside Storrs Center, the former Tang Karaoke Bar location. The new space is described as slightly larger than their current location and with improved parking. No opening date has been announced.",https://www.theconnecticutscoop.com/all-tolland-county-posts/storrs-scoop-chipotle-mexican-grill-planned-for-storrs-center,5/14/2026,ct_scoop_batch1_output,2026-05-15
Läderach Chocolatier Suisse,"Westfarms Mall (next to Lovisa, second floor), West Hartford, CT",Opening,"Summer 2026 (stated as ""this summer"")",Look for them to open this summer!,"Swiss chocolatier Läderach is coming soon to Westfarms mall next to Lovisa on the second floor. The brand produces over 100 varieties of chocolates including FrischSchoggi, pralines, truffles, and seasonal creations. No specific opening date was provided.",https://www.theconnecticutscoop.com/all-hartford-county-posts/west-hartford-scoop-more-changes-coming-to-westfarms-including-new-chocolate-shop,5/14/2026,ct_scoop_batch1_output,2026-05-15
The North Face,"Westfarms Mall (next to Alo), West Hartford, CT",Opening,Not specified,NOW OPEN,"The North Face has relocated within Westfarms mall to a new space next to Alo, with a brand new look. No specific opening date was given in the article.",https://www.theconnecticutscoop.com/all-hartford-county-posts/west-hartford-scoop-more-changes-coming-to-westfarms-including-new-chocolate-shop,5/14/2026,ct_scoop_batch1_output,2026-05-15
Riviera French Cafe,"Westfarms Mall (center court, near Claire's), West Hartford, CT",Opening,Not specified,NOW OPEN,"Riviera French Cafe is now open as a kiosk in the mall's center court serving coffee, espresso beverages, stuffed crepes, pastries, and French-inspired food. This is the second location for the Sarasota-based cafe.",https://www.theconnecticutscoop.com/all-hartford-county-posts/west-hartford-scoop-more-changes-coming-to-westfarms-including-new-chocolate-shop,5/14/2026,ct_scoop_batch1_output,2026-05-15
The Plourd Brewery,"1277 Main Street, East Hartford, CT",Opening,"May 2, 2026",recently opened,"The Plourd Brewery opened at 1277 Main Street in East Hartford, the former Paddle Creek Beer Company space, celebrating their opening on May 2nd. The brewery is owned by husband and wife Tyler and Melissa Plourd and focuses on contemporary hoppy beers and European-inspired lagers.",https://www.theconnecticutscoop.com/all-hartford-county-posts/east-hartford-scoop-the-plourd-brewery-opens-in-east-hartford,5/14/2026,ct_scoop_batch1_output,2026-05-15
Xtrait Perfumery,"968A Farmington Avenue, West Hartford, CT",Opening,Not specified (soft opened earlier in the week of the article),soft opened,"Xtrait Perfumery has opened at 968A Farmington Avenue in West Hartford, the former home of Center Framing & Art, with a soft open and more perfumes still to come. It is described as the first niche fragrance boutique in CT focused on independent brands not found in malls.",https://www.theconnecticutscoop.com/all-hartford-county-posts/west-hartford-scoop-xtrait-perfumery-brings-niche-fragrance-boutique-to-west-hartford-center,5/14/2026,ct_scoop_batch1_output,2026-05-15
Joey'z Shopping Spree,"348 Middle Turnpike West, Manchester Parkade, Manchester, CT",Closing,"Not specified (""in the coming weeks"")",permanently closing,"Joey'z Shopping Spree will be permanently closing their Manchester location in the coming weeks. The store is currently liquidating with items between 10% and 70% off, with mark-downs expected to increase.",https://www.theconnecticutscoop.com/all-hartford-county-posts/manchester-scoop-joeyz-shopping-spree-closing-in-manchester,5/14/2026,ct_scoop_batch1_output,2026-05-15
Mezzie's Ice Cream & Coffee,"State House Square (food court), Hartford, CT",Opening,Not specified,coming soon,Mezzie's Ice Cream & Coffee is coming soon to the food court at State House Square in Downtown Hartford. The shop makes ice cream in an Italian gelato machine for a silky texture and will serve New Harvest Coffee. No opening date has been announced.,https://www.theconnecticutscoop.com/all-hartford-county-posts/hartford-scoop-new-ice-cream-coffee-shop-coming-to-state-house-square,5/14/2026,ct_scoop_batch1_output,2026-05-15
Home Restaurant,"114 Main Street, Branford, CT",Closing,"May 31, 2026",will close its doors on May 31st,"Home Restaurant has announced it will close its doors on May 31st after 14 years in operation, having originally opened in 2012. Owner Jared Schulefand stated the closure was a hard but necessary decision, noting patrons can visit the owner's other restaurant concepts.",https://www.theconnecticutscoop.com/all-new-haven-county-posts/branford-scoop-home-restaurant-closing-in-branford-after-14-years,5/14/2026,ct_scoop_batch1_output,2026-05-15
Sally's Apizza,"100 North Water Street (The Sono Collection, restaurant level), Norwalk, CT",Opening,Sometime in 2026,work progressing,"Construction on Sally's Apizza at The SoNo Collection is continuing with exterior walls removed and new glass storefront windows installed, despite an ongoing lawsuit from the landlord alleging over $1.5 million in back-rent and damages. New Haven-based Sally's Apizza originally signed a lease at the location in 2019 with the opening timeline updated multiple times.",https://www.theconnecticutscoop.com/all-fairfield-county-posts/norwalk-scoop-work-progressing-on-sallys-apizza-despite-lawsuit,5/14/2026,ct_scoop_batch1_output,2026-05-15
Bagel City,"590 Main Street, Monroe, CT",Opening,"May 12, 2026",NOW OPEN,"Bagel City opened on May 12th at 590 Main Street in Monroe, the former Sip & Scoop ice cream shop location. The family-owned halal bagelry features fresh-made bagels, breakfast and lunch sandwiches, pastries, salads, coffees, and a wide variety of bagel and cream cheese flavors.",https://www.theconnecticutscoop.com/all-fairfield-county-posts/monroe-scoop-bagel-city-celebrates-its-opening-in-monroe,5/14/2026,ct_scoop_batch1_output,2026-05-15
Norwalk Bagel Company,"133 Washington Street, Norwalk, CT",Opening,"May 15, 2026",now open,"Norwalk Bagel Company opened on May 15th at 133 Washington Street in Norwalk, the former Pokemoto space. The shop is owned by Chef Gary King and Pastry Chef Emily King, the same team behind award-winning Ridgefield Bagels & Bakes, and serves a variety of bagels, sandwiches, coffees, and espresso beverages.",https://www.theconnecticutscoop.com/all-fairfield-county-posts/norwalk-scoop-new-bagel-shop-from-award-winning-team-opens-in-norwalk,5/14/2026,ct_scoop_batch1_output,2026-05-15
Yemerica Coffee,"1115 Riverdale Street (Riversale Center), West Springfield, MA",Opening,Late summer/early fall 2026,coming soon,"Yemerica Coffee is coming soon to 1115 Riverdale Street in West Springfield, located between Table & Vine and Hot Table Panini at Riversale Center. The cafe blends traditional Yemeni and American coffee cultures and will be the fourth Yemerica Coffee location.",https://www.theconnecticutscoop.com/all-mass-posts/west-springfield-scoop-yemerica-bringing-yemeni-coffee-to-west-springfield,5/14/2026,ct_scoop_batch1_output,2026-05-15
Morán Honduras Restaurant,"534 Middle Turnpike East, Manchester, CT",Opening,Not specified,NOW OPEN,"Morán Honduras Restaurant reopened at 534 Middle Turnpike East in Manchester under new ownership after briefly closing to complete the ownership transfer. The menu features nachos, burritos, quesadillas, pupusas, tacos, burgers, salads, and Hispanic breakfast options.",https://www.theconnecticutscoop.com/all-hartford-county-posts/manchester-scoop-moran-restaurant-reopens-under-new-owners,5/13/2026,ct_scoop_batch1_output,2026-05-15
7 Brew Coffee,"117 Washington Avenue (Washington Commons shopping center), North Haven, CT",Opening,"June 8, 2026",officially open on June 8th,"7 Brew Coffee has set June 8th as the official opening date for its new North Haven drive-thru location at 117 Washington Avenue. The opening festivities include a ""Pay What You Want"" charity weekend May 29–31 benefiting The Animal Haven and Friends & Family free-drink days June 5–7.",https://www.theconnecticutscoop.com/all-new-haven-county-posts/north-haven-scoop-7-brew-sets-opening-date,5/13/2026,ct_scoop_batch1_output,2026-05-15
The Wok Chinese Kitchen,"440 Boston Post Road, Orange, CT",Opening,Not specified,coming soon,"The Wok Chinese Kitchen is coming soon to the former Five Guys space at 440 Boston Post Road in Orange, serving Chinese cuisine in a fast-casual format. It is a growing chain with 3 existing Pennsylvania locations and additional openings planned in New Jersey.",https://www.theconnecticutscoop.com/all-new-haven-county-posts/orange-scoop-the-wok-chinese-kitchen-coming-to-former-five-guys-space,5/13/2026,ct_scoop_batch1_output,2026-05-15
Five Guys,"440 Boston Post Road, Orange, CT",Closing,Late 2025,closed abruptly,Five Guys closed abruptly in late 2025 at 440 Boston Post Road in Orange after over two decades of business at that location. The space is now being taken over by The Wok Chinese Kitchen.,https://www.theconnecticutscoop.com/all-new-haven-county-posts/orange-scoop-the-wok-chinese-kitchen-coming-to-former-five-guys-space,5/13/2026,ct_scoop_batch1_output,2026-05-15
Two Trees Inn,"240 Indiantown Road, Ledyard, CT",Opening,"May 12, 2026 (ribbon cutting described as ""yesterday"" in the 5/13 article)",officially reopened,"Two Trees Inn officially reopened with a ribbon cutting ceremony attended by members of the Mashantucket Pequot Tribal Nation and the new operator, Waterford Hotel Group. The 280-room hotel features an indoor pool, fitness center, walking trails, on-site breakfast, and a bar with light bites.",https://www.theconnecticutscoop.com/all-new-london-county-posts/ledyard-scoop-two-trees-inn-reopens-near-foxwoods,5/13/2026,ct_scoop_batch1_output,2026-05-15
No qualifying business found,N/A,N/A,N/A,N/A,"The article headline references a new mixed-use development eyed for the former Apple Cinemas building in Hartford County. However, the article body contains no readable content beyond site navigation — no business name, address, date, or status details are present.",https://www.theconnecticutscoop.com/all-hartford-county-posts/hartford-scoop-new-mixed-use-development-eyed-for-former-apple-cinemas-building,Not specified,ct_scoop_batch1_output,2026-05-26
Marianna's Pantry,"Stratford, CT (Address not specified)",Opening,Not specified,reopens,"The article headline states that Marianna's Pantry has reopened in Stratford. No further body text, address, zip code, or date details are available in the provided content.",https://www.theconnecticutscoop.com/all-fairfield-county-posts/stratford-scoop-mariannas-pantry-reopens-in-stratford,Not specified,ct_scoop_batch1_output,2026-05-26
Thena Pita Bar,"Moodus, CT (Address not specified)",Opening,Not specified,opens,"The article headline states that Thena Pita Bar has opened in Moodus. No further body text, address, zip code, or date details are available in the provided content.",https://www.theconnecticutscoop.com/all-middlesex-county-posts/moodus-scoop-thena-pita-bar-opens,Not specified,ct_scoop_batch1_output,2026-05-26
Augusta Street Kitchen,"Middletown, CT (Address not specified)",Closing,June 20th (year not specified),close on June 20th,"The article headline states that Augusta Street Kitchen is set to close on June 20th in Middletown. No further body text, address, zip code, or year details are available in the provided content.",https://www.theconnecticutscoop.com/all-middlesex-county-posts/middletown-scoop-augusta-street-kitchen-to-close-on-june-20th,Not specified,ct_scoop_batch1_output,2026-05-26
We-Li-Kit Ice Cream,"Pomfret, CT (Address not specified)",N/A,N/A,N/A,"The article headline states that We-Li-Kit Ice Cream was named Best Ice Cream Shop in Windham County. This is an award/recognition event, not an opening or closure; no qualifying business event details are present in the provided content.",https://www.theconnecticutscoop.com/all-windham-county-posts/pomfret-scoop-we-li-kit-ice-cream-named-as-best-ice-cream-shop-in-windham-county,Not specified,ct_scoop_batch1_output,2026-05-26
Mr. P's Frozen Treats,"Bristol, CT (Address not specified)",Opening,Not specified,coming soon,"The article headline states that Mr. P's Frozen Treats is coming soon to Bristol. No further body text, address, zip code, or opening date details are available in the provided content.",https://www.theconnecticutscoop.com/all-hartford-county-posts/bristol-scoop-mrps-frozen-treats-coming-soon-to-bristol,Not specified,ct_scoop_batch1_output,2026-05-26
,"775 Main Street South, Southbury, CT (Southbury Green shopping center)",Opening,2026-05-28,Opening confirmed / date announced,,,,ct_scoop_batch1_output,2026-05-27
,"430 Buckland Hills Drive, Manchester, CT",Opening (relocation),N/A,Under construction,,,,ct_scoop_batch1_output,2026-05-27
,"335 Salmon Brook Street, Granby, CT",Opening,N/A,Coming soon / no date announced,,,,ct_scoop_batch1_output,2026-05-27
,"3206 Berlin Turnpike, Newington, CT",Closure,N/A (reported week of 2026-05-25),Permanently closed,,,,ct_scoop_batch1_output,2026-05-27
,"1995–2001 Whitney Avenue, North Haven, CT",Opening,N/A (opened as of 2026-05-25),Open,,,,ct_scoop_batch1_output,2026-05-27
,"930 Chapel Street, New Haven, CT",Opening,N/A (opened weekend of 2026-05-25),Open,,,,ct_scoop_batch1_output,2026-05-27
Whole Foods Market,"2061 Highland Avenue, Cheshire, Connecticut",Opening,Not specified,recently opened,"Whole Foods Market is a grocery supermarket. It is listed among the tenants now open at The Shops at Stone Bridge, a new shopping center at 2061 Highland Avenue in Cheshire. The development finished major construction earlier this year with phased tenant openings starting in late 2025.",https://www.theconnecticutscoop.com/all-new-haven-county-posts/cheshire-scoop-update-on-the-shops-at-stone-bridge-here-is-what-is-open-and-what-is-coming-soon,6/8/2026,ct_scoop_batch1_output,2026-06-09
J Crew Factory,"2061 Highland Avenue, Cheshire, Connecticut",Opening,Not specified,recently opened,"J Crew Factory is a clothing retailer. It is listed among the tenants now open at The Shops at Stone Bridge, a new shopping center at 2061 Highland Avenue in Cheshire. The development is owned by Regency Centers and leased by Regency and Charter Realty.",https://www.theconnecticutscoop.com/all-new-haven-county-posts/cheshire-scoop-update-on-the-shops-at-stone-bridge-here-is-what-is-open-and-what-is-coming-soon,6/8/2026,ct_scoop_batch1_output,2026-06-09
Lovesac,"2061 Highland Avenue, Cheshire, Connecticut",Opening,Not specified,recently opened,"Lovesac is a furniture and home goods retailer. It is listed among the tenants now open at The Shops at Stone Bridge, a new shopping center at 2061 Highland Avenue in Cheshire. The development finished major construction earlier this year with phased tenant openings starting in late 2025.",https://www.theconnecticutscoop.com/all-new-haven-county-posts/cheshire-scoop-update-on-the-shops-at-stone-bridge-here-is-what-is-open-and-what-is-coming-soon,6/8/2026,ct_scoop_batch1_output,2026-06-09
Chase Bank,"2061 Highland Avenue, Cheshire, Connecticut",Opening,Not specified,recently opened,"Chase Bank is a financial services institution. It is listed among the tenants now open at The Shops at Stone Bridge, a new shopping center at 2061 Highland Avenue in Cheshire. The development is owned by Regency Centers and leased by Regency and Charter Realty.",https://www.theconnecticutscoop.com/all-new-haven-county-posts/cheshire-scoop-update-on-the-shops-at-stone-bridge-here-is-what-is-open-and-what-is-coming-soon,6/8/2026,ct_scoop_batch1_output,2026-06-09
Starbucks,"2061 Highland Avenue, Cheshire, Connecticut",Opening,Not specified,recently opened,"Starbucks is a coffeehouse chain. It is listed among the tenants now open at The Shops at Stone Bridge, a new shopping center at 2061 Highland Avenue in Cheshire. The development finished major construction earlier this year with phased tenant openings starting in late 2025.",https://www.theconnecticutscoop.com/all-new-haven-county-posts/cheshire-scoop-update-on-the-shops-at-stone-bridge-here-is-what-is-open-and-what-is-coming-soon,6/8/2026,ct_scoop_batch1_output,2026-06-09
Blender Bar,"2061 Highland Avenue, Cheshire, Connecticut",Opening,Not specified,recently opened,"Blender Bar is a food and beverage business. It is listed among the tenants now open at The Shops at Stone Bridge, a new shopping center at 2061 Highland Avenue in Cheshire. The development is owned by Regency Centers and leased by Regency and Charter Realty.",https://www.theconnecticutscoop.com/all-new-haven-county-posts/cheshire-scoop-update-on-the-shops-at-stone-bridge-here-is-what-is-open-and-what-is-coming-soon,6/8/2026,ct_scoop_batch1_output,2026-06-09
Saybrook Home,"2061 Highland Avenue, Cheshire, Connecticut",Opening,Not specified,recently opened,"Saybrook Home is a home furnishings retailer. It is listed among the tenants now open at The Shops at Stone Bridge, a new shopping center at 2061 Highland Avenue in Cheshire. The development finished major construction earlier this year with phased tenant openings starting in late 2025.",https://www.theconnecticutscoop.com/all-new-haven-county-posts/cheshire-scoop-update-on-the-shops-at-stone-bridge-here-is-what-is-open-and-what-is-coming-soon,6/8/2026,ct_scoop_batch1_output,2026-06-09
Club Pilates,"2061 Highland Avenue, Cheshire, Connecticut",Opening,Not specified,recently opened,"Club Pilates is a fitness studio. It is listed among the tenants now open at The Shops at Stone Bridge, a new shopping center at 2061 Highland Avenue in Cheshire. The development is owned by Regency Centers and leased by Regency and Charter Realty.",https://www.theconnecticutscoop.com/all-new-haven-county-posts/cheshire-scoop-update-on-the-shops-at-stone-bridge-here-is-what-is-open-and-what-is-coming-soon,6/8/2026,ct_scoop_batch1_output,2026-06-09
BIRDCODE,"2061 Highland Avenue, Cheshire, Connecticut",Opening,Not specified,recently opened,"BIRDCODE is a food business. It is listed among the tenants now open at The Shops at Stone Bridge, a new shopping center at 2061 Highland Avenue in Cheshire. The development finished major construction earlier this year with phased tenant openings starting in late 2025.",https://www.theconnecticutscoop.com/all-new-haven-county-posts/cheshire-scoop-update-on-the-shops-at-stone-bridge-here-is-what-is-open-and-what-is-coming-soon,6/8/2026,ct_scoop_batch1_output,2026-06-09
Shake Shack,"2061 Highland Avenue, Cheshire, Connecticut",Opening,Not specified,recently opened,"Shake Shack is a burger and shake restaurant chain. It is listed among the tenants now open at The Shops at Stone Bridge, a new shopping center at 2061 Highland Avenue in Cheshire. The development is owned by Regency Centers and leased by Regency and Charter Realty.",https://www.theconnecticutscoop.com/all-new-haven-county-posts/cheshire-scoop-update-on-the-shops-at-stone-bridge-here-is-what-is-open-and-what-is-coming-soon,6/8/2026,ct_scoop_batch1_output,2026-06-09
Verizon,"2061 Highland Avenue, Cheshire, Connecticut",Opening,Not specified,recently opened,"Verizon is a wireless carrier and electronics retailer. It is listed among the tenants now open at The Shops at Stone Bridge, a new shopping center at 2061 Highland Avenue in Cheshire. The development finished major construction earlier this year with phased tenant openings starting in late 2025.",https://www.theconnecticutscoop.com/all-new-haven-county-posts/cheshire-scoop-update-on-the-shops-at-stone-bridge-here-is-what-is-open-and-what-is-coming-soon,6/8/2026,ct_scoop_batch1_output,2026-06-09
Harvey & Lewis Opticians,"2061 Highland Avenue, Cheshire, Connecticut",Opening,Not specified,recently opened,"Harvey & Lewis Opticians is an optical retailer. It is listed among the tenants now open at The Shops at Stone Bridge, a new shopping center at 2061 Highland Avenue in Cheshire. The development is owned by Regency Centers and leased by Regency and Charter Realty.",https://www.theconnecticutscoop.com/all-new-haven-county-posts/cheshire-scoop-update-on-the-shops-at-stone-bridge-here-is-what-is-open-and-what-is-coming-soon,6/8/2026,ct_scoop_batch1_output,2026-06-09
Chipotle,"2061 Highland Avenue, Cheshire, Connecticut",Opening,Not specified,recently opened,"Chipotle is a fast-casual Mexican restaurant chain. It is listed among the tenants now open at The Shops at Stone Bridge, a new shopping center at 2061 Highland Avenue in Cheshire. The development finished major construction earlier this year with phased tenant openings starting in late 2025.",https://www.theconnecticutscoop.com/all-new-haven-county-posts/cheshire-scoop-update-on-the-shops-at-stone-bridge-here-is-what-is-open-and-what-is-coming-soon,6/8/2026,ct_scoop_batch1_output,2026-06-09
Barnes & Noble,"2061 Highland Avenue, Cheshire, Connecticut",Opening,Not specified,recently opened,"Barnes & Noble is a book and entertainment retailer. It is listed among the tenants now open at The Shops at Stone Bridge, a new shopping center at 2061 Highland Avenue in Cheshire. The development is owned by Regency Centers and leased by Regency and Charter Realty.",https://www.theconnecticutscoop.com/all-new-haven-county-posts/cheshire-scoop-update-on-the-shops-at-stone-bridge-here-is-what-is-open-and-what-is-coming-soon,6/8/2026,ct_scoop_batch1_output,2026-06-09
TJ Maxx,"2061 Highland Avenue, Cheshire, Connecticut",Opening,Not specified,recently opened,"TJ Maxx is an off-price department store chain. It is listed among the tenants now open at The Shops at Stone Bridge, a new shopping center at 2061 Highland Avenue in Cheshire. The development finished major construction earlier this year with phased tenant openings starting in late 2025.",https://www.theconnecticutscoop.com/all-new-haven-county-posts/cheshire-scoop-update-on-the-shops-at-stone-bridge-here-is-what-is-open-and-what-is-coming-soon,6/8/2026,ct_scoop_batch1_output,2026-06-09
Choice Pet,"2061 Highland Avenue, Cheshire, Connecticut",Opening,Not specified,recently opened,"Choice Pet is a pet supply retailer. It is listed among the tenants now open at The Shops at Stone Bridge, a new shopping center at 2061 Highland Avenue in Cheshire. The development is owned by Regency Centers and leased by Regency and Charter Realty.",https://www.theconnecticutscoop.com/all-new-haven-county-posts/cheshire-scoop-update-on-the-shops-at-stone-bridge-here-is-what-is-open-and-what-is-coming-soon,6/8/2026,ct_scoop_batch1_output,2026-06-09
Hartford Healthcare - Go Health Urgent Care,"2061 Highland Avenue, Cheshire, Connecticut",Opening,Not specified,recently opened,"Hartford Healthcare - Go Health Urgent Care is a medical urgent care provider. It is listed among the tenants now open at The Shops at Stone Bridge, a new shopping center at 2061 Highland Avenue in Cheshire. The development finished major construction earlier this year with phased tenant openings starting in late 2025.",https://www.theconnecticutscoop.com/all-new-haven-county-posts/cheshire-scoop-update-on-the-shops-at-stone-bridge-here-is-what-is-open-and-what-is-coming-soon,6/8/2026,ct_scoop_batch1_output,2026-06-09
Sephora,"2061 Highland Avenue, Cheshire, Connecticut",Opening,Not specified,recently opened,"Sephora is a beauty and cosmetics retailer. It is listed among the tenants now open at The Shops at Stone Bridge, a new shopping center at 2061 Highland Avenue in Cheshire. The development is owned by Regency Centers and leased by Regency and Charter Realty.",https://www.theconnecticutscoop.com/all-new-haven-county-posts/cheshire-scoop-update-on-the-shops-at-stone-bridge-here-is-what-is-open-and-what-is-coming-soon,6/8/2026,ct_scoop_batch1_output,2026-06-09
Atlantis Gas Station,"2061 Highland Avenue, Cheshire, Connecticut",Opening,Not specified,recently opened,"Atlantis Gas Station is a fuel retail business. It is listed among the tenants now open at The Shops at Stone Bridge, a new shopping center at 2061 Highland Avenue in Cheshire. The development finished major construction earlier this year with phased tenant openings starting in late 2025.",https://www.theconnecticutscoop.com/all-new-haven-county-posts/cheshire-scoop-update-on-the-shops-at-stone-bridge-here-is-what-is-open-and-what-is-coming-soon,6/8/2026,ct_scoop_batch1_output,2026-06-09
Dunkin,"2061 Highland Avenue, Cheshire, Connecticut",Opening,Not specified,recently opened,"Dunkin is a coffee and donut chain. It is listed among the tenants now open at The Shops at Stone Bridge, a new shopping center at 2061 Highland Avenue in Cheshire. The development is owned by Regency Centers and leased by Regency and Charter Realty.",https://www.theconnecticutscoop.com/all-new-haven-county-posts/cheshire-scoop-update-on-the-shops-at-stone-bridge-here-is-what-is-open-and-what-is-coming-soon,6/8/2026,ct_scoop_batch1_output,2026-06-09
Blu Pointe Prime Steak & Seafood,"2061 Highland Avenue, Cheshire, Connecticut",Opening,Fall 2026,Opening this fall!,"Blu Pointe Prime Steak & Seafood is a steak and seafood restaurant. It is listed among the coming soon tenants at The Shops at Stone Bridge, a new shopping center at 2061 Highland Avenue in Cheshire. The development is owned by Regency Centers and leased by Regency and Charter Realty.",https://www.theconnecticutscoop.com/all-new-haven-county-posts/cheshire-scoop-update-on-the-shops-at-stone-bridge-here-is-what-is-open-and-what-is-coming-soon,6/8/2026,ct_scoop_batch1_output,2026-06-09
Mercato Italian Kitchen & Bar,"2061 Highland Avenue, Cheshire, Connecticut",Opening,Summer 2026,Opening this summer!,"Mercato Italian Kitchen & Bar is an Italian restaurant. It is listed among the coming soon tenants at The Shops at Stone Bridge, a new shopping center at 2061 Highland Avenue in Cheshire. The development is owned by Regency Centers and leased by Regency and Charter Realty.",https://www.theconnecticutscoop.com/all-new-haven-county-posts/cheshire-scoop-update-on-the-shops-at-stone-bridge-here-is-what-is-open-and-what-is-coming-soon,6/8/2026,ct_scoop_batch1_output,2026-06-09
Ramen & Bao (R&B),"2061 Highland Avenue, Cheshire, Connecticut",Opening,Not specified,Stay tuned for an opening announcement!,"Ramen & Bao (R&B) is a ramen and bao restaurant. It is listed among the coming soon tenants at The Shops at Stone Bridge, a new shopping center at 2061 Highland Avenue in Cheshire. The development is owned by Regency Centers and leased by Regency and Charter Realty.",https://www.theconnecticutscoop.com/all-new-haven-county-posts/cheshire-scoop-update-on-the-shops-at-stone-bridge-here-is-what-is-open-and-what-is-coming-soon,6/8/2026,ct_scoop_batch1_output,2026-06-09
Paris Baguette,"2061 Highland Avenue, Cheshire, Connecticut",Opening,Not specified,Stay tuned for an opening announcement!,"Paris Baguette is a bakery café chain. It is listed among the coming soon tenants at The Shops at Stone Bridge, a new shopping center at 2061 Highland Avenue in Cheshire. The development is owned by Regency Centers and leased by Regency and Charter Realty.",https://www.theconnecticutscoop.com/all-new-haven-county-posts/cheshire-scoop-update-on-the-shops-at-stone-bridge-here-is-what-is-open-and-what-is-coming-soon,6/8/2026,ct_scoop_batch1_output,2026-06-09
Oasis Nails & Spa,"2061 Highland Avenue, Cheshire, Connecticut",Opening,Not specified,coming soon,"Oasis Nails & Spa is a nail salon and spa, previously announced as 90's Nails. It is listed among the coming soon tenants at The Shops at Stone Bridge, a new shopping center at 2061 Highland Avenue in Cheshire. The development is owned by Regency Centers and leased by Regency and Charter Realty.",https://www.theconnecticutscoop.com/all-new-haven-county-posts/cheshire-scoop-update-on-the-shops-at-stone-bridge-here-is-what-is-open-and-what-is-coming-soon,6/8/2026,ct_scoop_batch1_output,2026-06-09
Hand & Stone Massage & Facial Spa,"2061 Highland Avenue, Cheshire, Connecticut",Opening,Not specified,coming soon,"Hand & Stone Massage & Facial Spa is a massage and facial spa. It is listed among the coming soon tenants at The Shops at Stone Bridge, a new shopping center at 2061 Highland Avenue in Cheshire. The development is owned by Regency Centers and leased by Regency and Charter Realty.",https://www.theconnecticutscoop.com/all-new-haven-county-posts/cheshire-scoop-update-on-the-shops-at-stone-bridge-here-is-what-is-open-and-what-is-coming-soon,6/8/2026,ct_scoop_batch1_output,2026-06-09
Kay Jewelers,"2061 Highland Avenue, Cheshire, Connecticut",Opening,Not specified,coming soon,"Kay Jewelers is a jewelry retail chain. It is listed among the coming soon tenants at The Shops at Stone Bridge, a new shopping center at 2061 Highland Avenue in Cheshire. The development is owned by Regency Centers and leased by Regency and Charter Realty.",https://www.theconnecticutscoop.com/all-new-haven-county-posts/cheshire-scoop-update-on-the-shops-at-stone-bridge-here-is-what-is-open-and-what-is-coming-soon,6/8/2026,ct_scoop_batch1_output,2026-06-09
The Goddard School,"2061 Highland Avenue, Cheshire, Connecticut",Opening,Not specified,coming soon,"The Goddard School is a childcare and education center, described as part of the overall Stone Bridge development. It is listed among the coming soon tenants at The Shops at Stone Bridge in Cheshire. The development is owned by Regency Centers and leased by Regency and Charter Realty.",https://www.theconnecticutscoop.com/all-new-haven-county-posts/cheshire-scoop-update-on-the-shops-at-stone-bridge-here-is-what-is-open-and-what-is-coming-soon,6/8/2026,ct_scoop_batch1_output,2026-06-09
Homewood Suites,"2061 Highland Avenue, Cheshire, Connecticut",Opening,Not specified,coming soon,"Homewood Suites is an extended-stay hotel, described as part of the overall Stone Bridge development. It is listed among the coming soon tenants at The Shops at Stone Bridge in Cheshire. The development is owned by Regency Centers and leased by Regency and Charter Realty.",https://www.theconnecticutscoop.com/all-new-haven-county-posts/cheshire-scoop-update-on-the-shops-at-stone-bridge-here-is-what-is-open-and-what-is-coming-soon,6/8/2026,ct_scoop_batch1_output,2026-06-09
Centurion Wealth Management,"2061 Highland Avenue, Cheshire, Connecticut",Opening,Not specified,coming soon,"Centurion Wealth Management is a financial services business, described as part of the overall Stone Bridge development. It is listed among the coming soon tenants at The Shops at Stone Bridge in Cheshire. The development is owned by Regency Centers and leased by Regency and Charter Realty.",https://www.theconnecticutscoop.com/all-new-haven-county-posts/cheshire-scoop-update-on-the-shops-at-stone-bridge-here-is-what-is-open-and-what-is-coming-soon,6/8/2026,ct_scoop_batch1_output,2026-06-09
Kloter's Ice Cream Barn,"216 West Road, Ellington, Connecticut",N/A,N/A,N/A,"Kloter's Ice Cream Barn is an ice cream shop located at 216 West Road in Ellington, Connecticut. The article reports they were voted ""Best Ice Cream Shop"" in Tolland County by readers and will advance to further rounds of voting — no opening or closing event is described.",https://www.theconnecticutscoop.com/all-tolland-county-posts/ellington-scoop-kloters-ice-cream-barn-voted-best-ice-cream-shop-in-tolland-county,6/7/2026,ct_scoop_batch1_output,2026-06-09
Brew Lab Café,"1949 Silas Deane Highway, Rocky Hill, Connecticut",Opening,"June 13, 2026","soft open on Saturday, June 13th from 8am to 3pm","Brew Lab Café is a new coffee shop offering Vietnamese coffee, fruit teas, milk teas, espresso drinks, mochi donuts, and Taiwanese chicken. It will soft open on Saturday, June 13th from 8am to 3pm at 1949 Silas Deane Highway in Rocky Hill, previously home to a Dunkin. The shop is owned by Trung Ho and Thao Tran.",https://www.theconnecticutscoop.com/all-hartford-county-posts/rocky-hill-scoop-brew-lab-cafe-sets-opening-date-in-rocky-hill,6/7/2026,ct_scoop_batch1_output,2026-06-09
Plan B Burger Bar,"1638 Boston Post Road, Milford, Connecticut",Closing,"June 14, 2026",final day of operation will be June 14th,"Plan B Burger Bar is a locally owned burger restaurant chain located at 1638 Boston Post Road in Milford, part of the Milford Marketplace shopping center. The restaurant's final day of operation will be June 14th according to staff. The chain originally opened in Milford in the fall of 2011 and has closed numerous other locations in prior years; after this closure, two locations in Simsbury and Glastonbury will remain.",https://www.theconnecticutscoop.com/all-new-haven-county-posts/milford-scoop-plan-b-burger-bar-closing,6/7/2026,ct_scoop_batch1_output,2026-06-09
O'Reilly Auto Parts,"300 Cooley Street, Springfield, Massachusetts",Opening,Not specified,eyeing a new location,"O'Reilly Auto Parts is an auto parts retailer that has leased the former Casa Vallarta Mexican Restaurant space at Five Town Plaza for a new Springfield location. The space is located at 300 Cooley Street in Springfield and would be roughly 7,500 square feet; it is unclear whether they will reuse the existing building or demolish and rebuild. This would be the third Springfield location for O'Reilly Auto Parts, with other locations on State Street and Liberty Street.",https://www.theconnecticutscoop.com/all-mass-posts/springfield-scoop-oreilly-auto-parts-eyeing-new-springfield-location,6/7/2026,ct_scoop_batch1_output,2026-06-09
5CB (formerly Five Churches Brewing),"193 Arch Street, New Britain, Connecticut",Closing,"June 8, 2026","last day will be this Monday, June 8th","5CB, formerly known as Five Churches Brewing, is a brewery located at 193 Arch Street in New Britain that has announced its pending closure after 8 years of business. The brewery's last day will be Monday, June 8th, and they are offering $5 pours of any beer that weekend to close out the chapter. The brewery opened in 2018 as Five Churches Brewing and changed its name to 5CB in 2025 following a legal dispute with a Georgia restaurant over the name.",https://www.theconnecticutscoop.com/all-hartford-county-posts/new-britain-scoop-fcb-formerly-five-churches-brewing-closing-after-8-years,6/6/2026,ct_scoop_batch1_output,2026-06-09
Dollar Tree,"430 Buckland Hills Drive, Manchester, Connecticut",Opening,Later this summer,expected to relocate…later this summer,"Dollar Tree is a dollar store chain constructing a new Manchester location at 430 Buckland Hills Drive, near Walmart, with signage recently installed and interior fit-out progressing. The new store will occupy roughly 12,000 square feet and is expected to relocate from The Plaza at Buckland Hills to this new location later this summer. Renovation is underway including a new interior and refreshed exterior with the chain's signature green paint color accents.",https://www.theconnecticutscoop.com/all-hartford-county-posts/manchester-scoop-dollar-tree-work-progressing-in-manchester,6/6/2026,ct_scoop_batch1_output,2026-06-09
Namco Pools,"440 Buckland Hills Drive, Manchester, Connecticut",Opening,Not specified,Look for them to reopen soon,"Namco Pools is a pool and recreation retailer finishing work on a new space at 440 Buckland Hills Drive in Manchester, next to Mattress Firm. The new space is described as roughly half the size of their previous location. The article notes they are putting the finishing touches on and to look for them to reopen soon.",https://www.theconnecticutscoop.com/all-hartford-county-posts/manchester-scoop-dollar-tree-work-progressing-in-manchester,6/6/2026,ct_scoop_batch1_output,2026-06-09
The Cornerstone (mixed-use development),"North Main Street and Riverside Avenue, Bristol, Connecticut",Opening,Not specified,proposed,"The Cornerstone is a proposed 6-story mixed-use development by Carrier Homes planned for the corner of North Main Street and Riverside Avenue in Bristol, featuring 70 residential units, 5,000 square feet of retail/commercial space, and covered parking. According to the Mayor's office, the parcel will be sold for $250,000 and receive a standard 7-year tax abatement. The development is on the site of the former Mall at Bristol Centre, which operated until 2005 and was demolished in 2008.",https://www.theconnecticutscoop.com/all-hartford-county-posts/bristol-scoop-final-phase-of-bristol-mall-development-announced,6/6/2026,ct_scoop_batch1_output,2026-06-09
Mr. P's Frozen Treats,"North Main Street, Bristol, Connecticut",Opening,Not specified,will soon welcome new businesses including Mr. P's Frozen Treats,Mr. P's Frozen Treats is a frozen dessert business coming to the nearby Centre Square Village development in Bristol by Carrier Homes. The article notes their other developments will soon welcome this business along with Tavello Pizza on the ground levels. No specific address beyond the North Main Street area of Bristol is stated in the article.,https://www.theconnecticutscoop.com/all-hartford-county-posts/bristol-scoop-final-phase-of-bristol-mall-development-announced,6/6/2026,ct_scoop_batch1_output,2026-06-09
Tavello Pizza,"North Main Street, Bristol, Connecticut",Opening,Not specified,will soon welcome new businesses including…Tavello Pizza,Tavello Pizza is a pizza restaurant coming to the nearby Centre Square Village development in Bristol by Carrier Homes. The article notes their other developments will soon welcome this business along with Mr. P's Frozen Treats on the ground levels. No specific address beyond the North Main Street area of Bristol is stated in the article.,https://www.theconnecticutscoop.com/all-hartford-county-posts/bristol-scoop-final-phase-of-bristol-mall-development-announced,6/6/2026,ct_scoop_batch1_output,2026-06-09
Gas Burgers,"277 State Street, North Haven, Connecticut",Opening,Later this month (June 2026),opening its doors later this month,"Gas Burgers is a new retro 1950s-style burger joint at 277 State Street in North Haven, converting a former gas station into a restaurant featuring smash-burgers, milkshakes, ice cream, outdoor fire pits, bocce, cornhole, and live music. The restaurant will be opening its doors later this month, with an exact date to be announced via social media. The new venture is owned by Chris Allen, a North Haven resident.",https://www.theconnecticutscoop.com/all-new-haven-county-posts/north-haven-scoop-gas-burgers-preparing-to-open-later-this-month,6/6/2026,ct_scoop_batch1_output,2026-06-09
Mercado & Sips,"134 Church Street, Naugatuck, Connecticut",Opening,"June 6, 2026","opening its doors tomorrow, June 6th","Mercado & Sips is a dirty soda and drink shop located at 134 Church Street in Naugatuck, near Church Street Creamery, offering dirty sodas, coffee, espresso drinks, lemonade, teas, baked goods, and locally made goods. The shop opened on June 6th from 11am to 8pm, with hours on June 7th from 10am to 6pm. No additional ownership or franchise details are provided in the article.",https://www.theconnecticutscoop.com/all-new-haven-county-posts/naugatuck-scoop-mercado-sips-opens-on-church-street,6/6/2026,ct_scoop_batch1_output,2026-06-09
"277 State Street, North Haven",Opening,Not specified,opening its doors later this month,"Gas Burgers is a new retro-style burger restaurant occupying a converted former gas station in North Haven. It will open later this month at 277 State Street, with an exact date to be announced via social media. The restaurant will feature smash-burgers, milkshakes, ice cream, outdoor fire pits, bocce, cornhole, and live music, and will be owned by North Haven resident Chris Allen.",https://www.theconnecticutscoop.com/all-new-haven-county-posts/north-haven-scoop-gas-burgers-preparing-to-open-later-this-month,6/6/2026,,ct_scoop_batch2_output,2026-06-09
"134 Church Street, Naugatuck",Opening,"June 6, 2026","opening its doors tomorrow, June 6th","Mercado and Sips is a new dirty soda and drink shop in Naugatuck, Connecticut. It opened on June 6th at 134 Church Street, near Church Street Creamery, with hours of 11am–8pm on June 6th and 10am–6pm on June 7th. The shop offers dirty sodas, coffee, espresso drinks, lemonade, teas, baked goods, and locally made goods for sale.",https://www.theconnecticutscoop.com/all-new-haven-county-posts/naugatuck-scoop-mercado-sips-opens-on-church-street,6/6/2026,,ct_scoop_batch2_output,2026-06-09
"Sky Tower Lobby, Mohegan Sun, Uncasville, Connecticut",Opening,"June 19, 2026",scheduled to open June 19th,"The Tiki Bar at Mohegan Sun is a seasonal pop-up experience returning for another summer, offering tropical cocktails and entertainment in the Sky Tower Lobby. It is scheduled to open June 19th and run until September 6th. The article also notes the current seasonal Secret Garden Bar pop-up is open through June 14th before closing for the season.",https://www.theconnecticutscoop.com/all-new-london-county-posts/mohegan-sun-scoop-tiki-bar-returning-for-another-summer-at-mohegan-sun,6/5/2026,,ct_scoop_batch2_output,2026-06-09
"Sky Tower Lobby, Mohegan Sun, Uncasville, Connecticut",Closing,"June 14, 2026",closing for the season,"The Secret Garden Bar is a springtime seasonal pop-up at Mohegan Sun featuring flowers surrounding the bar. The article notes it will be open through June 14th, after which it closes for the season. It is mentioned within the Tiki Bar article as context for the upcoming seasonal transition.",https://www.theconnecticutscoop.com/all-new-london-county-posts/mohegan-sun-scoop-tiki-bar-returning-for-another-summer-at-mohegan-sun,6/5/2026,,ct_scoop_batch2_output,2026-06-09
"110 Boston Post Road, Westbrook",Opening,"June 10, 2026",opening its doors on June 10th,"Da Andrea Pizzeria - Trattoria is a new Italian restaurant opening at 110 Boston Post Road in Westbrook, Connecticut, a site previously occupied by Shore Pub and at least four other restaurants over the last decade. It will open June 10th, serving Italian classics, high-quality pizzas, and house-made dishes, with gnocchi-making classes planned for the future. The restaurant is owned by Anisa Moloney and Chef Michele Iuliano, who also own Luzzo's and Gnoccheria in New York City.",https://www.theconnecticutscoop.com/all-middlesex-county-posts/westbrook-scoop-da-andrea-pizzeria-trattoria-opening-on-june-10th-in-westbrook,6/5/2026,,ct_scoop_batch2_output,2026-06-09
Frida Mexican Cuisine,"Island Coffee Traders space, East Hampton (no address/zip given)",Opening,Not specified,coming soon,Frida Mexican Cuisine is coming soon to the former Island Coffee Traders space in East Hampton. No further detail available in provided text.,https://www.theconnecticutscoop.com/all-middlesex-county-posts/east-hampton-scoop-frida-mexican-cuisine-coming-soon-to-island-coffee-traders-space,Not specified,ct_scoop_batch3_output,2026-06-09
Birdcode,Enfield (no address/zip given),Opening,Not specified,eyeing new location,Birdcode is eyeing a new location in Enfield. No further detail available in provided text.,https://www.theconnecticutscoop.com/all-hartford-county-posts/enfield-scoop-birdcode-eyeing-new-location-in-enfield,Not specified,ct_scoop_batch3_output,2026-06-09
Joey B's Restaurant,Hartford (no address/zip given),Opening,Not specified,new (first look),The article gives a first look at the new Joey B's Restaurant in Hartford. No opening date or further detail available in provided text.,https://www.theconnecticutscoop.com/all-hartford-county-posts/hartford-scoop-first-look-at-the-new-joey-bs-restaurant-in-hartford,Not specified,ct_scoop_batch3_output,2026-06-09
Not specified (unnamed in headline),"The Shoppes at Buckland Hills, Manchester (no address/zip given)",Opening,Not specified,opens,A new restaurant has opened at The Shoppes at Buckland Hills in Manchester. Name not given in provided text.,https://www.theconnecticutscoop.com/all-hartford-county-posts/manchester-scoop-new-restaurant-opens-at-the-shoppes-at-buckland-hills-2-more-coming-soon,Not specified,ct_scoop_batch3_output,2026-06-09
Not specified (2 unnamed in headline),"The Shoppes at Buckland Hills, Manchester (no address/zip given)",Opening,Not specified,coming soon,Two additional restaurants are coming soon to The Shoppes at Buckland Hills. Names not given in provided text.,https://www.theconnecticutscoop.com/all-hartford-county-posts/manchester-scoop-new-restaurant-opens-at-the-shoppes-at-buckland-hills-2-more-coming-soon,Not specified,ct_scoop_batch3_output,2026-06-09
No qualifying business found,N/A,N/A,N/A,N/A,N/A,https://www.theconnecticutscoop.com/all-hartford-county-posts/simsbury-scoop-tim-hortons-not-coming-to-simsbury,N/A,ct_scoop_batch3_output,2026-06-09
Faro Breakfast House,East Windsor (no address/zip given),Opening,Not specified,coming soon,Faro Breakfast House is coming soon to East Windsor. No further detail available in provided text.,https://www.theconnecticutscoop.com/all-hartford-county-posts/east-windsor-scoop-faro-breakfast-house-coming-soon-to-east-windsor,Not specified,ct_scoop_batch3_output,2026-06-09
No qualifying business found,N/A,N/A,N/A,N/A,N/A,https://www.theconnecticutscoop.com/all-new-london-county-posts/north-franklin-scoop-meyers-crazy-hollow-creamery-voted-best-ice-cream-shop-in-new-london-county,N/A,ct_scoop_batch3_output,2026-06-09
Not specified (unnamed vegan bakery in headline),Middletown (no address/zip given),Opening,Not specified,coming,A new vegan bakery is coming to Middletown. Name not given in provided text.,https://www.theconnecticutscoop.com/all-middlesex-county-posts/middletown-scoop-new-vegan-bakery-coming-to-middletown,Not specified,ct_scoop_batch3_output,2026-06-09
Fairfield Inn & Suites,"East Hartford, Connecticut",Opening,Not specified,open,"Fairfield Inn & Suites is a Marriott-branded hotel. The article reports it has opened in East Hartford, Connecticut. Article content could not be fully retrieved due to a 403 error; details confirmed only from headline.",https://www.theconnecticutscoop.com/all-hartford-county-posts/east-hartford-scoop-fairfield-inn-suites-towneplace-suites-open-in-east-hartford,Not specified,ct_scoop_batch1_output,2026-06-16
TownePlace Suites,"East Hartford, Connecticut",Opening,Not specified,open,TownePlace Suites is a Marriott-branded extended-stay hotel. The article reports it has opened in East Hartford alongside the Fairfield Inn & Suites. Article content could not be fully retrieved due to a 403 error; details confirmed only from headline.,https://www.theconnecticutscoop.com/all-hartford-county-posts/east-hartford-scoop-fairfield-inn-suites-towneplace-suites-open-in-east-hartford,Not specified,ct_scoop_batch1_output,2026-06-16
Jersey Mike's,"135 West Road, Ellington, Connecticut",Opening,Not specified,sets opening date,Jersey Mike's is a national sandwich chain. The article reports the Ellington location has set an opening date at 135 West Road. Article content could not be fully retrieved due to a 403 error; address confirmed from CT Scoop's own earlier snippet on the same location.,https://www.theconnecticutscoop.com/all-tolland-county-posts/ellington-scoop-jersey-mikes-sets-opening-date,Not specified,ct_scoop_batch1_output,2026-06-16
Connecticut Golf Land,"Vernon, Connecticut",Opening,Not specified,coming soon,Connecticut Golf Land is a family entertainment complex in Vernon. The article reports a new attraction is coming soon to the existing site. Article content could not be fully retrieved due to a 403 error; details confirmed only from headline.,https://www.theconnecticutscoop.com/all-tolland-county-posts/vernon-scoop-new-attraction-coming-soon-to-connecticut-golf-land,Not specified,ct_scoop_batch1_output,2026-06-16
Dairy Cream,"Windsor Locks, Connecticut",N/A,N/A,N/A,"Dairy Cream is an ice cream shop in Windsor Locks. The article covers its recognition as the Best Ice Cream Shop in Hartford County, which is an award — not an opening, closing, or remodel event. No qualifying business event is described.",https://www.theconnecticutscoop.com/all-hartford-county-posts/windsor-locks-scoop-dairy-cream-in-windsor-locks-voted-best-ice-cream-shop-in-hartford-county,Not specified,ct_scoop_batch1_output,2026-06-16
7th Street Burger,"1054 Chapel Street, New Haven, Connecticut",Opening,June 29,planning June 29th opening,"7th Street Burger is a smash burger chain originating in New York City. The article reports the restaurant is planning a June 29th opening at 1054 Chapel Street in New Haven, the former Avocado Haven location. Article content could not be fully retrieved due to a 403 error; address and prior context confirmed from CT Scoop's own earlier snippet about the same location.",https://www.theconnecticutscoop.com/all-new-haven-county-posts/new-haven-scoop-7th-street-burger-planning-june-29th-opening-in-new-haven,Not specified,ct_scoop_batch1_output,2026-06-16
Farmers Tavern,"Southbury, Connecticut",Opening,Not specified,coming soon,"Farmers Tavern is a restaurant described as coming soon to Southbury. The article reports it is coming soon to Southbury, Connecticut. Article content could not be fully retrieved due to a 403 error; details confirmed only from headline.",https://www.theconnecticutscoop.com/all-new-haven-county-posts/southbury-scoop-farmers-tavern-is-coming-soon-to-southbury,Not specified,ct_scoop_batch1_output,2026-06-16
Just Salad,"1460 Boston Post Road, Milford, Connecticut",Opening,Not specified,opens in Milford,"Just Salad is a fast-casual salad, wrap, and warm bowl chain. The article reports the location has opened at 1460 Boston Post Road in Milford, the former Boston Market space. Article content could not be fully retrieved due to a 403 error; address confirmed from CT Scoop's own earlier ""coming soon"" snippet for the same location.",https://www.theconnecticutscoop.com/all-new-haven-county-posts/milford-scoop-just-salad-opens-in-milford,Not specified,ct_scoop_batch1_output,2026-06-16
Luca's Beach Kitchen,"99 Calf Pasture Beach Road, Norwalk, Connecticut",Opening,Not specified,opens new beach-side eatery,"Luca's Beach Kitchen is a coastal kitchen and dining concept in Norwalk. The article reports it has opened at 99 Calf Pasture Beach Road, the former site of Ripka's Beach Café & The Dugout. Article content could not be fully retrieved due to a 403 error; address confirmed from CT Scoop's own earlier snippet for the same location.",https://www.theconnecticutscoop.com/all-fairfield-county-posts/norwalk-scoop-lucas-beach-kitchen-opens-new-beach-side-eatery,Not specified,ct_scoop_batch1_output,2026-06-16
The Main Moose,"94 Route 66, Columbia, Connecticut",Opening,Not specified,will reopen its doors,"The Main Moose is a roadside eatery in Columbia serving burgers, seafood, and ice cream. The article reports that The Main Moose will reopen its doors after a previous closure. Article content could not be fully retrieved due to a 403 error; address confirmed from external sources referencing the same location.",https://www.theconnecticutscoop.com/all-tolland-county-posts/columbia-scoop-the-main-moose-will-reopen-its-doors,Not specified,ct_scoop_batch1_output,2026-06-16
Run Manchester by Kelley's Pace,"Downtown Manchester, Connecticut",Opening,Not specified,coming soon,"Run Manchester by Kelley's Pace is a running store described as coming soon to Downtown Manchester. The article reports it is coming soon to downtown Manchester, Connecticut. Article content could not be fully retrieved due to a 403 error; details confirmed only from headline.",https://www.theconnecticutscoop.com/all-hartford-county-posts/manchester-scoop-run-manchester-by-kelleys-pace-coming-soon-to-downtown-manchester,Not specified,ct_scoop_batch1_output,2026-06-16
Starbucks,"286 Branford Road, North Branford, Connecticut",Opening,Not specified,delays opening,Starbucks is a national coffeehouse chain. The article reports the North Branford location at 286 Branford Road has delayed its opening. Article content could not be fully retrieved due to a 403 error; address confirmed from CT Scoop's own earlier snippet for the same location.,https://www.theconnecticutscoop.com/all-new-haven-county-posts/north-branford-scoop-starbucks-delays-opening,Not specified,ct_scoop_batch1_output,2026-06-16
Beach Donut Shop,"Clinton, Connecticut",Opening,Not specified,reopening in former Friendly's,"Beach Donut Shop is a handcrafted donut and breakfast shop in Clinton, Connecticut. The article reports it is reopening in the former Friendly's location in Clinton. Article content could not be fully retrieved due to a 403 error; details confirmed only from headline.",https://www.theconnecticutscoop.com/all-middlesex-county-posts/clinton-scoop-beach-donut-shop-reopening-in-former-friendlys,Not specified,ct_scoop_batch1_output,2026-06-16
