title,link,date
Coming Soon Macon:  Everything Wafflez,https://www.businessdebut.com/coming-soon-macon-everything-wafflez/,2026-07-21
Coming Soon Jacksonville: Gastro Subs,https://www.businessdebut.com/coming-soon-jacksonville-gastro-subs/,2026-07-21
Coming Soon Fort Walton Beach: Mambo's Restaurant and Lounge,https://www.businessdebut.com/coming-soon-fort-walton-beach-mambos-restaurant-and-lounge/,2026-07-21
New Milk Tea Spot in Jacksonville: Cafe 55,https://www.businessdebut.com/new-milk-tea-spot-in-jacksonville-cafe-55/,2026-07-21
Coming Groveland: Kurosumi Brick and Mortar,https://www.businessdebut.com/coming-groveland-kurosumi-brick-and-mortar/,2026-07-21
6 New and Coming Soon Independent Restaurants in Georgia,https://www.businessdebut.com/6-new-and-coming-soon-independent-restaurants-in-georgia/,2026-07-20
Coming Soon Downtown Auburndale: Bebos Cajun Kitchen,https://www.businessdebut.com/coming-soon-downtown-auburndale-bebos-cajun-kitchen/,2026-07-20
Coming Soon Ocoee & Davenport: Barrio Burrito Bar,https://www.businessdebut.com/coming-soon-ocoee-davenport-barrio-burrito-bar/,2026-07-20
Coming Soon Daytona Beach: Bad Ass Coffee of Hawaii,https://www.businessdebut.com/coming-soon-daytona-beach-bad-ass-coffee-of-hawaii/,2026-07-20
Coming Soon Fort Pierce: Oasis Noir Lounge,https://www.businessdebut.com/coming-soon-fort-pierce-oasis-noir-lounge/,2026-07-20
3 New (& Coming Soon) Pinellas County Restaurants [July],https://www.businessdebut.com/3-new-coming-soon-pinellas-county-restaurants-july/,2026-07-17
Replacing Pop's Southern Buffet in Palatka: Crabby Ben's Seafood & Bar,https://www.businessdebut.com/replacing-pops-southern-buffet-in-palatka-crabby-bens-seafood-bar/,2026-07-17
Marina Grille at CW Hotel and Resort Opens Today,https://www.businessdebut.com/marina-grille-at-cw-hotel-and-resort-opens-today/,2026-07-15
2 New Restaurants Opening in Downtown Auburndale (owner intervews),https://www.businessdebut.com/2-new-restaurants-opening-in-downtown-auburndale-owner-intervews/,2026-07-15
Coming Soon St. Pete: Mrs. Thelma's Southern Cuisine [Details],https://www.businessdebut.com/coming-soon-st-pete-mrs-thelmas-southern-cuisine-details/,2026-07-14
Coming Soon to Rockledge: Gump's Golden Griddle [Details],https://www.businessdebut.com/coming-soon-to-rockledge-gumps-golden-griddle-details/,2026-07-14
Coming Soon to Johns Creek: Nonna Lucia Italian [Owner Interview],https://www.businessdebut.com/coming-soon-to-johns-creek-nonna-lucia-italian-owner-interview/,2026-07-14
Crazy Love Cafe Coming to Sandy Springs,https://www.businessdebut.com/crazy-love-cafe-coming-to-sandy-springs/,2026-07-14
Coming Soon to Calhoun: Casa Brasa Peruvian Restaurant [Owner Interview],https://www.businessdebut.com/coming-soon-to-calhoun-casa-brasa-peruvian-restaurant-owner-interview/,2026-07-14
Coming Soon in Brunswick: El Rey Tequilas Bar & Grill [Owner Interview],https://www.businessdebut.com/coming-soon-in-brunswick-el-rey-tequilas-bar-grill-owne/,2026-07-14
Orlando Restaurant News: Viet-Nomz Opening 4th Location [Owner Interview],https://www.businessdebut.com/orlando-restaurant-news-viet-nomz-opening-4th-location-owner-interview/,2026-07-14
Coming Soon Siesta Key: Whit's Frozen Custard,https://www.businessdebut.com/coming-soon-siesta-key-whits-frozen-custard/,2026-07-14
Coming Soon Titusville: Gump's Golden Griddle [Menu Sneak Peak],https://www.businessdebut.com/coming-soon-titusville-gumps-golden-griddle-menu-sneak-peak/,2026-07-14
Coming Soon to Homewood: NY Deli & Juice Bar,https://www.businessdebut.com/coming-soon-to-homewood-ny-deli-juice-bar/,2026-07-09
[VIDEO] Proving the American Dream is Still Alive in 2026,https://www.businessdebut.com/video-proving-the-american-dream-is-still-alive-in-2026/,2026-07-07
Replacing Speedi-Pig in Fayetteville: Santa Maria,https://www.businessdebut.com/replacing-speedi-pig-in-fayetteville-santa-maria/,2026-07-07
New Seafood Restaurant Opening in Fuquay-Varina: TrySeafood Grill,https://www.businessdebut.com/new-seafood-restaurant-opening-in-fuquay-varina-tryseafood-grill/,2026-06-30
Coming Soon to Prattville: Smash Mouth Foods,https://www.businessdebut.com/coming-soon-to-prattville-smash-mouth-foods/,2026-06-26
[VIDEO] Is it harder run a business today vs the 1990's?,https://www.businessdebut.com/interviewing-legendary-downtown-atl-pizzeria-rosas-pizza/,2026-06-26
This Rooftop Experience is Coming Soon to Rocky Mount,https://www.businessdebut.com/this-rooftop-experience-is-coming-soon-to-rocky-mount/,2026-06-01
Kabayan Bites Bringing Pinoy Comfort Food to Rocky Mount,https://www.businessdebut.com/kabayan-bites-bringing-pinoy-comfort-food-to-rocky-mount/,2026-05-29
Ladder Company Cafe Preparing Downtown Lumberton Debut,https://www.businessdebut.com/ladder-company-cafe-preparing-downtown-lumberton-debut/,2026-05-29
Burrito Shak Expanding Into Kannapolis with New Franchise Location,https://www.businessdebut.com/burrito-shak-expanding-into-kannapolis-with-new-franchise-location/,2026-05-26
La Victoria Raleigh Bringing Elevated Mexican Dining to Raleigh,https://www.businessdebut.com/la-victoria-raleigh-bringing-elevated-mexican-dining-to-raleigh/,2026-05-26
All Kinds Set to Open with Local Artisan Goods and Wine,https://www.businessdebut.com/all-kinds-set-to-open-with-local-artisan-goods-and-wine/,2026-05-26
"Is $250,000 Enough to Open a Small Cafe?",https://www.businessdebut.com/is-250-000-enough-to-open-a-small-cafe/,2025-12-27
How to Open a Restaurant as a Newcomer to the USA,https://www.businessdebut.com/how-to-open-a-restaurant-as-an-new-com-to-the-usa/,2025-12-05
Coming Soon to 2nd Ave in Miami: Kavacito [News Break],https://www.businessdebut.com/coming-soon-to-2nd-ave-in-miami-kavacito-news-break/,
Coming Soon in Plantation: Neo Coffee and Kava [Sneak Peak],https://www.businessdebut.com/coming-soon-in-plantation-neo-coffee-and-kava-sneak-peak/,
Coming Soon to West Palm Beach & Lake Worth Beach: Smalls Sliders [Details],https://www.businessdebut.com/coming-soon-to-west-palm-beach-lake-worth-beach-smalls-sliders-details/,
"4 New (& Coming Soon) Broward County Restaurants and Cafes [July 10, 2026]",https://www.businessdebut.com/4-new-coming-soon-broward-county-restaurants-and-cafes-july-10-2026/,
Here's the New Brewery and Restaurant Coming to Monticello [Interview],https://www.businessdebut.com/heres-the-new-brewery-and-restaurant-coming-to-monticello-interview/,
Jacksonville Sushi Spot is Opening With Full Menu and an Omakase Counter,https://www.businessdebut.com/jacksonville-sushi-spot-is-opening-with-full-menu-and-an-omakase-counter/,
