city,title,date,link,image
Austin,From running gear to dirty sodas: Check out 8 businesses now open in San Marcos,2h ago,https://communityimpact.com/san-marcos-buda-kyle/business/from-running-gear-to-dirty-sodas-check-out-8-businesses-now-open-in-san-marcos/,https://communityimpact.com/_next/image/?url=https%3A%2F%2Fassets.communityimpact.com%2Fuploads%2Fimages%2F2026%2F09%2F09%2F39d91215eee6c6ac2c53994b7b1bf373f985c003b42e75d383935fad39f58c1a.jpg&w=1920&q=75
Austin,Guzman Automotive to open in Hutto,7h ago,https://communityimpact.com/pflugerville-hutto/business/guzman-automotive-to-open-in-hutto/,https://communityimpact.com/_next/image/?url=https%3A%2F%2Fassets.communityimpact.com%2Fuploads%2Fimages%2F2026%2F09%2F08%2F439782.jpg&w=1920&q=75
Austin,"Rush Bowls now serving smoothie drinks, bowls in Round Rock",11h ago,https://communityimpact.com/round-rock/business/rush-bowls-now-serving-smoothie-drinks-bowls-in-round-rock/,https://communityimpact.com/_next/image/?url=https%3A%2F%2Fassets.communityimpact.com%2Fuploads%2Fimages%2F2026%2F09%2F08%2F439767.jpg&w=1920&q=75
Austin,11 things to do around Bastrop County through early October,1d ago,https://communityimpact.com/bastrop-cedar-creek/business/11-things-to-do-around-bastrop-county-through-early-october/,https://communityimpact.com/_next/image/?url=https%3A%2F%2Fassets.communityimpact.com%2Fuploads%2Fimages%2F2026%2F09%2F08%2F439804.jpg&w=1920&q=75
Austin,Sandy’s Southern Spice closes in Bastrop after owner’s death,1d ago,https://communityimpact.com/bastrop-cedar-creek/business/sandys-southern-spice-closes-in-bastrop-after-owners-death/,https://communityimpact.com/_next/image/?url=https%3A%2F%2Fassets.communityimpact.com%2Fuploads%2Fimages%2F2026%2F09%2F08%2F439807.jpg&w=1920&q=75
Austin,"Scheels, sandwiches and soccer: 13 Cedar Park-area business updates to know this September",1d ago,https://communityimpact.com/cedar-park/business/scheels-sandwiches-and-soccer-13-cedar-park-area-business-updates-to-know-this-september/,https://communityimpact.com/_next/image/?url=https%3A%2F%2Fassets.communityimpact.com%2Fuploads%2Fimages%2F2026%2F09%2F08%2F439703.jpg&w=1920&q=75
Dallas - Fort Worth,Syra Salon styles hair at Prosper studio,6h ago,https://communityimpact.com/prosper-celina/business/syra-salon-styles-hair-at-prosper-studio/,https://communityimpact.com/_next/image/?url=https%3A%2F%2Fassets.communityimpact.com%2Fuploads%2Fimages%2F2026%2F09%2F09%2F9249bf4d8d4c871bff43a55988cf7fc93268559a7350293f08c72d04b4150da7.png&w=1920&q=75
Dallas - Fort Worth,Game Show Studio to offer interactive play in Southlake,6h ago,https://communityimpact.com/grapevine-colleyville-southlake/business/game-show-studio-to-offer-interactive-play-in-southlake/,https://communityimpact.com/_next/image/?url=https%3A%2F%2Fassets.communityimpact.com%2Fuploads%2Fimages%2F2026%2F09%2F09%2Ff63db64506ce52d1b697f79cb508cee4843278ad98f44c1bdfbcef4fe94db68c.jpg&w=1920&q=75
Dallas - Fort Worth,Be Fit Modern Pilates celebrates 1st anniversary of Allen location,10h ago,https://communityimpact.com/allen/business/be-fit-modern-pilates-celebrates-1st-anniversary-of-allen-location/,https://communityimpact.com/_next/image/?url=https%3A%2F%2Fassets.communityimpact.com%2Fuploads%2Fimages%2F2026%2F09%2F08%2F439768.jpg&w=1920&q=75
Dallas - Fort Worth,"Burn Boot Camp offers fitness classes, play area in Celina",1d ago,https://communityimpact.com/prosper-celina/business/burn-boot-camp-offers-fitness-classes-play-area-in-celina/,https://communityimpact.com/_next/image/?url=https%3A%2F%2Fassets.communityimpact.com%2Fuploads%2Fimages%2F2026%2F09%2F08%2F439734.jpg&w=1920&q=75
Dallas - Fort Worth,Omaha Steaks sets opening date for Grapevine location,1d ago,https://communityimpact.com/grapevine-colleyville-southlake/business/omaha-steaks-sets-opening-date-for-grapevine-location/,https://communityimpact.com/_next/image/?url=https%3A%2F%2Fassets.communityimpact.com%2Fuploads%2Fimages%2F2026%2F09%2F08%2F439698.jpg&w=1920&q=75
Dallas - Fort Worth,"WaveMax Laundry now open, offers bulk laundry services in Denton",1d ago,https://communityimpact.com/denton/business/wavemax-laundry-now-open-offers-bulk-laundry-services-in-denton/,https://communityimpact.com/_next/image/?url=https%3A%2F%2Fassets.communityimpact.com%2Fuploads%2Fimages%2F2026%2F09%2F08%2F439711.jpeg&w=1920&q=75
Houston,"D’Limo Nail Lounge’s party limousine, nail-painting services to make permanent stop in Meyerland",2h ago,https://communityimpact.com/bellaire-meyerland-west-university/business/d-limo-nail-lounge-s-party-limousine-nail-painting-services-to-make-permanent-stop-in-meyerland/,https://communityimpact.com/_next/image/?url=https%3A%2F%2Fassets.communityimpact.com%2Fuploads%2Fimages%2F2026%2F08%2F20%2F437550.jpg&w=1920&q=75
Houston,The Collective Boutiques soft opens 2nd Greater Houston location in Katy,3h ago,https://communityimpact.com/katy-fulshear/business/the-collective-boutiques-soft-opens-2nd-greater-houston-location-in-katy/,https://communityimpact.com/_next/image/?url=https%3A%2F%2Fassets.communityimpact.com%2Fuploads%2Fimages%2F2026%2F09%2F09%2Fd4f3fd69e4b9831c83f77d90bfea6eef9a6aa4bfefa3722f0fc6136b0cd51e15.webp&w=1920&q=75
Houston,"7 events to get into in The Woodlands area this weekend, Sept. 11-13",6h ago,https://communityimpact.com/the-woodlands/business/7-events-to-get-into-in-the-woodlands-area-this-weekend-sept-11-13/,https://communityimpact.com/_next/image/?url=https%3A%2F%2Fassets.communityimpact.com%2Fuploads%2Fimages%2F2026%2F09%2F09%2F439892.JPG&w=1920&q=75
Houston,3 dental businesses coming soon to Spring,8h ago,https://communityimpact.com/spring-klein/business/3-dental-businesses-coming-soon-to-spring/,https://communityimpact.com/_next/image/?url=https%3A%2F%2Fassets.communityimpact.com%2Fuploads%2Fimages%2F2026%2F08%2F13%2F436765.jpeg&w=1920&q=75
Houston,Lowe's opens new Katy store in Texas Heritage Marketplace development,1d ago,https://communityimpact.com/katy-fulshear/business/lowes-opens-new-katy-store-in-texas-heritage-marketplace-development/,https://communityimpact.com/_next/image/?url=https%3A%2F%2Fassets.communityimpact.com%2Fuploads%2Fimages%2F2026%2F09%2F08%2F439838.jpg&w=1920&q=75
Houston,New car wash opens in Pearland,1d ago,https://communityimpact.com/pearland-friendswood-manvel/business/new-car-wash-opens-in-pearland/,https://communityimpact.com/_next/image/?url=https%3A%2F%2Fassets.communityimpact.com%2Fuploads%2Fimages%2F2026%2F09%2F08%2F2fbefb2019151a27038e83e5ffd50912eb31e379621cf8ffdca4b10071271ab0.jpg&w=1920&q=75
San Antonio,Feliz Modern now open in the San Antonio International Airport,"June 22, 2026",https://communityimpact.com/san-antonio/business/feliz-modern-now-open-in-the-san-antonio-international-airport/,https://communityimpact.com/_next/image/?url=https%3A%2F%2Fassets.communityimpact.com%2Fuploads%2Fimages%2F2026%2F06%2F22%2F429681.jpg&w=1920&q=75
San Antonio,James Avery Artisan Jewelry now open in Schertz Station,"June 19, 2026",https://communityimpact.com/san-antonio/business/james-avery-artisan-jewelry-now-open-in-schertz-station/,https://communityimpact.com/_next/image/?url=https%3A%2F%2Fassets.communityimpact.com%2Fuploads%2Fimages%2F2026%2F06%2F19%2F429448.jpg&w=1920&q=75
San Antonio,Arnold & Mane hair salon now open in New Braunfels,"April 30, 2026",https://communityimpact.com/san-antonio/austin/arnold-mane-hair-salon-now-open-in-new-braunfels/,https://communityimpact.com/_next/image/?url=https%3A%2F%2Fassets.communityimpact.com%2Fuploads%2Fimages%2F2026%2F04%2F30%2F418300.jpeg&w=1920&q=75
San Antonio,Roundup: 3 updates from San Antonio businesses in March,"April 8, 2026",https://communityimpact.com/san-antonio/business/roundup-3-updates-from-san-antonio-businesses-in-march/,https://communityimpact.com/_next/image/?url=https%3A%2F%2Fassets.communityimpact.com%2Fuploads%2Fimages%2F2026%2F02%2F11%2F408950.jpg&w=1920&q=75
San Antonio,Curator Coffee celebrates 5 years serving North San Antonio,"April 8, 2026",https://communityimpact.com/san-antonio/business/curator-coffee-celebrates-5-years-serving-north-san-antonio/,https://communityimpact.com/_next/image/?url=https%3A%2F%2Fassets.communityimpact.com%2Fuploads%2Fimages%2F2026%2F04%2F07%2F418302.jpg&w=1920&q=75
San Antonio,New family-owned pizza shop opens in North San Antonio,"April 7, 2026",https://communityimpact.com/san-antonio/business/new-family-owned-pizza-shop-opens-in-north-san-antonio/,https://communityimpact.com/_next/image/?url=https%3A%2F%2Fassets.communityimpact.com%2Fuploads%2Fimages%2F2026%2F04%2F07%2F417637.jpg&w=1920&q=75
Bryan - College Station,Liberty Hearing Center celebrates grand opening in College Station,1d ago,https://communityimpact.com/bryan-college-station/business/liberty-hearing-center-celebrates-grand-opening-in-college-station/,https://communityimpact.com/_next/image/?url=https%3A%2F%2Fassets.communityimpact.com%2Fuploads%2Fimages%2F2026%2F09%2F08%2F439773.png&w=1920&q=75
Bryan - College Station,College Station Dave & Buster's announces fall opening date,"September 1, 2026",https://communityimpact.com/bryan-college-station/business/college-station-dave-busters-announces-fall-opening-date/,https://communityimpact.com/_next/image/?url=https%3A%2F%2Fassets.communityimpact.com%2Fuploads%2Fimages%2F2026%2F09%2F01%2F439003.jpg&w=1920&q=75
Bryan - College Station,College Station mall to host new 'southern charm’ boutique,"August 31, 2026",https://communityimpact.com/bryan-college-station/business/college-station-mall-to-host-new-southern-charm-boutique/,https://communityimpact.com/_next/image/?url=https%3A%2F%2Fassets.communityimpact.com%2Fuploads%2Fimages%2F2026%2F08%2F31%2F438884.png&w=1920&q=75
Bryan - College Station,College Station nail salon reopens under new management,"August 24, 2026",https://communityimpact.com/bryan-college-station/business/college-station-nail-salon-reopens-under-new-management/,https://communityimpact.com/_next/image/?url=https%3A%2F%2Fassets.communityimpact.com%2Fuploads%2Fimages%2F2026%2F08%2F24%2F437985.png&w=1920&q=75
Bryan - College Station,Bryan Lucky Goat Coffee opens with large community turnout,"August 20, 2026",https://communityimpact.com/bryan-college-station/business/bryan-lucky-goat-coffee-opens-with-large-community-turnout/,https://communityimpact.com/_next/image/?url=https%3A%2F%2Fassets.communityimpact.com%2Fuploads%2Fimages%2F2026%2F08%2F20%2F437609.png&w=1920&q=75
Bryan - College Station,"Downtown Bryan bar expands with new bar, stage area","August 18, 2026",https://communityimpact.com/bryan-college-station/business/downtown-bryan-bar-expands-with-new-bar-stage-area/,https://communityimpact.com/_next/image/?url=https%3A%2F%2Fassets.communityimpact.com%2Fuploads%2Fimages%2F2026%2F08%2F18%2F437235.png&w=1920&q=75
