state,company,city,notice_date,layoff_date,employees_affected,closure_type,notes,State,Number of Workers,WARN Received Date,Closure/Layoff,Temporary/Permanent,Union,Notes
Louisiana,Einstein Charter Schools,New Orleans,,05/30/2026,,,Education,Louisiana,81,03/30/2026,,,,"5316 Michoud Boulevard New Orleans, LA 70129"
Louisiana,Stockhausen Superabsorber LLC,Garyville,,04/03/2026,,,Chemical Manufacturing,Louisiana,64,02/03/2026,,,,
Louisiana,Denka Performance Elastomer LLC,LaPlace,,04/01/2026,,,Chemical Manufacturing,Louisiana,45,01/30/2026,,,,
Louisiana,McGlinchey Stafford PLLC,New Orleans,,03/16/2026,,,Legal Services,Louisiana,101,01/13/2026,,,,
Louisiana,Westlake Corporation,Lake Charles,,12/14/2026,,,Petrochemical Manufacturing,Louisiana,121,12/15/2025,,,,
Louisiana,"Premier Health Consultants, LLC (Premier Health Urgent Care)",,,12/31/2025,,,Healthcare / Urgent Care Services,Louisiana,140,10/31/2025,,,,
Louisiana,"SafeSource Direct, L.L.C. – MMF PPE Manufacturing Facility",,,10/21/2025,,,PPE Manufacturing (Man-Made Fiber),Louisiana,87,08/22/2025,,,,
Louisiana,"SafeSource Direct, L.L.C. – MMF Facility (Second WARN)",,,11/25/2025,,,PPE Manufacturing (Man-Made Fiber),Louisiana,56,09/16/2025,,,,
Louisiana,"SafeSource Direct, L.L.C. – Nitrile Plant Facility",,,10/21/2025,,,PPE / Chemical Manufacturing,Louisiana,454,08/22/2025,,,,
Louisiana,Ensco Offshore LLC – DS-18 Drilling Rig,,,02/10/2026,,,Offshore Oil & Gas Drilling,Louisiana,75,12/05/2025,,,,
Louisiana,"The Service Companies, Inc. (Full Service Systems Corp.) – Horseshoe",Bossier City,,02/01/2026,,,Hospitality / Facilities Services,Louisiana,76,12/02/2025,,,,
Louisiana,General Dynamics Information Technology (GDIT),,,11/14/2025,,,IT Services / Federal Contracting,Louisiana,103,11/14/2025,,,,
Louisiana,"SafeSource Direct, LLC",Broussard,,10/21/2025,,,Manufacturing,Louisiana,541,08/22/2025,,,,
Louisiana,Smitty's Supply Inc,Roseland,,08/22/2025,,,Manufacturing,Louisiana,450,08/25/2025,,,,
Louisiana,PosiGen Developer LLC,St. Rose,,08/25/2025,,,Renewable Energy,Louisiana,166,08/25/2025,,,,
Louisiana,UPS (rescinded 09/05/2025),New Orleans,,09/08/2025,,,Transportation and Logistics,Louisiana,177,07/10/2025,,,,
Louisiana,Albertsons Baton Rouge #0709,Baton Rouge,,08/16/2025,,,Food and Beverage,Louisiana,90,06/11/2025,,,,
Louisiana,Roux 61,Baton Rouge,,05/31/2025,,,Food and Beverage,Louisiana,50,05/31/2025,,,,
Louisiana,Sodexo,New Orleans,,07/14/2025,,,Food and Beverage,Louisiana,881,05/16/2025,,,,
Louisiana,Syncom Space Services,New Orleans,,06/30/2025,,,Manufacturing,Louisiana,296,05/15/2025,,,,
Louisiana,Cornerstone Chemical Company,Waggaman,,07/31/2025-12/31/2025,,,Petrochemical Manufacturing,Louisiana,71,05/05/2025,,,,
Louisiana,Federal Express Corporation (BTRA Facility),Baton Rouge,,06/30/2025,,,Couriers and Express Delivery Services,Louisiana,74,04/30/2025,,,,
Louisiana,"IDEA Southern Louisiana (IDEA Innovation, IDEA Bridge)",Baton Rouge,,05/24/2025,,,Education,Louisiana,212,04/07/2025,,,,
Louisiana,Southern Glazer's Wine and Spirits of Louisiana,Lafayette,,05/16/2025,,,Sales and Distribution,Louisiana,48,03/14/2025,,,,
Louisiana,General Dynamics Information Technology,New Orleans,,05/14/2025,,,Information Technology,Louisiana,77,03/07/2025,,,,
Louisiana,Boeing Company,New Orleans,,04/18/2025,,,Manufacturing,Louisiana,89,02/15/2025,,,,
Louisiana,International Paper Company,Campti,,04/13/2025,,,Manufacturing,Louisiana,481,02/13/2025,,,,
Louisiana,Dr. Eddy’s Laboratories,Shreveport,,03/14/2025,,,Manufacturing,Louisiana,107,01/07/2025,,,,
Louisiana,Brown Eagle Contractors,St. Gabriel,,01/16/2025,,,Service,Louisiana,122,11/18/2024,,,,
Louisiana,Kaleo,"Richmond, VA",,11/30/2024,,,Retail Sales - Medical,Louisiana,1,09/30/2024,,,,58 affected nationwide
Louisiana,"Lost Boys Interactive, LLC",Remote,,09/09/2024,,,Software Publisher/Video Game Developer,Louisiana,3,09/09/2024,,,,139 affected nationwide
Louisiana,Young Williams,Bossier City,,10/31/2024,,,Call Center - Telemarketing Bureaus and Other Contact Centers,Louisiana,106,09/03/2024,,,,
Louisiana,"Sodexo, Inc and Affiliates - St. Francis ES",Monroe,,09/30/2024,,,Facilities Management,Louisiana,99,08/19/2024,,,,
Louisiana,Amentum,New Orleans,,09/02/2024,,,Other Support Activities/Air Transportation,Louisiana,102,07/31/2024,,,,
Louisiana,First Guaranty Bank,Hammond,,09/20/2024,,,Banking and Financial Institutions,Louisiana,,07/23/2024,,,,
Louisiana,Flowers Baking Co,Baton Rouge,,09/16/2024,,,Manufacturing,Louisiana,70,07/18/2024,,,,
Louisiana,Plymouth Tube Company USA,West Monroe,,09/20/2024,,,Manufacturing – Other Fabricated Metal Products,Louisiana,56,07/17/2024,,,,
Louisiana,Winn Dixie Store No. 1411,Metairie,,07/07/2024,,,Retail-Supermarkets & Grocery Stores,Louisiana,88,07/08/2024,,,,
Louisiana,Diamond Offshore West Vela Rig,Houma,,8/5/2024-9/15/2024,,,Oil & Gas,Louisiana,190,06/06/2024,,,,
Louisiana,WellPath - Orleans Justice Center,New Orleans,,05/31/2024-06/14/2024,,,Healthcare,Louisiana,113,05/02/2024,,,,
Louisiana,Restorix,Metairie,,06/28/2024,,,Healthcare,Louisiana,3,04/29/2024,,,,
Louisiana,The Boeing Company,New Orleans,,06/28/2024,,,Aerospace Manufacturer,Louisiana,55,04/29/2024,,,,
Louisiana,Franciscan Missionaries of Our Lady,Baton Rouge,,06/30/2024,,,Healthcare,Louisiana,59,04/26/2024,,,,
Louisiana,Savista@Lane Regional,Zachary,,07/01/2024,,,Healthcare Support Services,Louisiana,17,04/12/2024,,,,
Louisiana,"Sodexo, Inc. and Affiliates Tulane University",New Orleans,,06/30/2024,,,Restaurant/Cafeteria,Louisiana,434,03/07/2024,,,,some or all workers may be retained by new vendor
Louisiana,ABM Healthcare Support SVS Inc.,Shreveport,,05/02/2024,,,Environmental/Janitorial Services,Louisiana,179,03/01/2024,,,,some or all workers may be retained by new vendor
Louisiana,ADT Solar,Mandeville,,2/23/2024-12/31/2024,,,Contractor/Special Trade Contractor,Louisiana,40,02/23/2024,,,,292 affected nationwide
Louisiana,American Queen Steamboat Operating Company LLC,New Orleans,,2/23/2024-12/31/2024,,,"Travel, Recreation, & Leisure (Cruise Line)",Louisiana,63,02/20/2024,,,,508 affected nationwide
Louisiana,Diamond Offshore Auriga Rig,Houma,,3/1/2024-4/30/2024,,,Oil & Gas,Louisiana,176,01/26/2024,,,,
Louisiana,"Lost Boys Interactive, LLC","Madison, WI",,03/15/2024,,,Video Game Developer,Louisiana,1,01/11/2024,,,,125 affected nationwide
Louisiana,ABM Healthcare Support SVS Inc. *Update*,"Jefferson, Algiers, Belle Chase, Kenner, Metairie, New Orleans, Lacomb",,01/31/2024,,,Food Services,Louisiana,56,11/22/2023,,,,
Louisiana,ABM Healthcare Support SVS Inc.,"Shreveport, Monroe",,01/31/2024,,,Food Services,Louisiana,200,11/17/2023,,,,
Louisiana,GEO Secure Services LLC ICE Processing Center,Pine Prairie,,01/02/2024,,,Facility Support Services/Immigrations and Customs Support,Louisiana,119,11/03/2023,,,,rescinded
Louisiana,Ingevity Corporation,DeRidder,,2/5/2024-12/31/2025,,,Chemical Plant,Louisiana,182,11/01/2023,,,,
Louisiana,Teijin Automotive Technologies *Update*,Sarepta,,10/16/2023,,,Automotive Technology Mfg.,Louisiana,79,10/13/2023,,,,
Louisiana,Teijin Automotive Technologies *Update*,Sarepta,,10/02/2023,,,Automotive Technology Mfg.,Louisiana,70,09/28/2023,,,,
Louisiana,Teijin Automotive Technologies,Sarepta,,09/19/2023,,,Automotive Technology Mfg.,Louisiana,73,09/19/2023,,,,
Louisiana,Teijin Automotive Technologies,Sarepta,,09/21/2023,,,Automotive Technology Mfg.,Louisiana,6,09/19/2023,,,,
Louisiana,Aramark Services Inc @ Christus Highland Medical Center,Shreveport,,10/31/2023,,,Food Services,Louisiana,61,09/05/2023,,,,
Louisiana,Aramark Services Inc @ Christus St. Patrick Hospital,Lake Charles,,10/31/2023,,,Food Services,Louisiana,51,09/05/2023,,,,
Louisiana,Aramark Services Inc @ Christus St. Frances Cabrini,Alexandria,,10/31/2023,,,Food Services,Louisiana,79,09/05/2023,,,,
Louisiana,Custom Printed Products,Bossier City,,10/06/2023,,,Printing,Louisiana,,09/05/2023,,,,
Louisiana,Ardagh Glass Inc,Simsboro,,07/17/2023,,,Glass Industry,Louisiana,257,06/29/2023,,,,
Louisiana,Ampacet Corporation,DeRidder,,08/21/2023,,,Plastic Fabrication,Louisiana,65,06/21/2023,,,,
Louisiana,Coastal Cargo Company,New Orleans,,07/07/2023,,,Unload Ships at the Port of New Orleans,Louisiana,135,06/01/2023,,,,
Louisiana,Amentum/NAS JRB,New Orleans,,07/30/2023,,,Aviation Support Equipment Maintenance,Louisiana,26,05/18/2023,,,,
Louisiana,AMETEK/Orion Instruments,Baton Rouge,,09/15/2023,,,Manufacture innovative level controls for process industries,Louisiana,20,04/10/2023,,,,
Louisiana,AMETEK/Orion Instruments,Baton Rouge,,11/15/2023,,,Manufacture innovative level controls for process industries,Louisiana,44,04/10/2023,,,,
Louisiana,AMETEK/Orion Instruments,Baton Rouge,,12/15/2023,,,Manufacture innovative level controls for process industries,Louisiana,9,04/10/2023,,,,
Louisiana,Morrison Healthcare,Baton Rouge,,03/31/2023,,,Food Services,Louisiana,195,03/30/2023,,,,
Louisiana,Magnit Corporation,Baton Rouge,,04/29/2023,,,Business Support Services,Louisiana,207,02/28/2023,,,,
Louisiana,"Chipper - Critical Ideas, Inc.",CA,,02/17/2023,,,Software Development,Louisiana,1,02/16/2023,,,,
Louisiana,"BCH, Inc. dba Wellness Work",Lafayette,,05/11/2023,,,Healthcare,Louisiana,63,02/14/2023,,,,
Louisiana,"ASAP, Inc.",Lafayette,,01/10/2023,,,Delivery Services,Louisiana,89,11/11/2022,,,,
Louisiana,Prime Time Inc. (Head Start),Ouachita Parish,,11/30/2022,,,Child Care Services,Louisiana,98,10/27/2022,,,,
Louisiana,QuarterNorth Energy,Lafayette,,11/30/2022,,,Oil & Gas,Louisiana,135,10/03/2022,,,,
Louisiana,Amentum,New Orleans,,10/15/2022,,,Support Services,Louisiana,25,09/20/2022,,,,
Louisiana,City Park Improvement Association,New Orleans,,10/31/2022,,,Local Government,Louisiana,105,09/13/2022,,,,
Louisiana,Odle Management Group,New Orleans,,08/31/2022,,,Vocational Rehabilitation Services,Louisiana,58,06/24/2022,,,,
Louisiana,Utz Quality Foods,Gramercy,,05/20/2022,,,Healthcare,Louisiana,59,05/13/2022,,,,
Louisiana,Baton Rouge International School,Baton Rouge,,07/31/2022,,,Education,Louisiana,70,04/08/2022,,,,
Louisiana,Crothall Healthcare,Kenner,,06/07/2022,,,Janitorial Services,Louisiana,61,04/07/2022,,,,
Louisiana,Morrison Healthcare Food Services,Monroe,,05/31/2022,,,Food Service Contractors,Louisiana,79,03/23/2022,,,,
Louisiana,"Ready Responders, Inc",New Orleans,,02/18/2022,,,Healthcare,Louisiana,12,03/10/2022,,,,
Louisiana,Watsonville Community Hospital,Watsonville,,01/28/2022,,,Hospital,Louisiana,1,11/26/2021,,,,
Louisiana,Phillips 66 Company - Alliance Refinery,Belle Chasse,,01/07/2022,,,Petroleum Refineries,Louisiana,470,11/08/2021,,,,
Louisiana,Odle Management Group,New Orleans,,12/25/2021,,,Vocational Rehabilitation Services,Louisiana,50,10/29/2021,,,,
Louisiana,Cleco Dolet Hills Power Station,Mansfield,,12/31/2021,,,Utilities,Louisiana,54,10/18/2021,,,,
Louisiana,Maison DeVille Nursing Home in Houma,Houma,,09/10/2021,,,Nursing Care Facilities,Louisiana,152,09/14/2021,,,,
Louisiana,Maison DeVille Nursing Home in Harvey,Harvey,,09/10/2021,,,Nursing Care Facilities,Louisiana,94,09/14/2021,,,,
Louisiana,St. Elizabeth's Caring,Harvey,,09/10/2021,,,Nursing Care Facilities,Louisiana,137,09/14/2021,,,,
Louisiana,Park Place Healthcare,Gretna,,09/10/2021,,,Nursing Care Facilities,Louisiana,137,09/14/2021,,,,
Louisiana,River Palms Nursing and Rehab,New Orleans,,09/10/2021,,,Nursing Care Facilities,Louisiana,158,09/14/2021,,,,
Louisiana,Maison Orleans Health Care Center,New Orleans,,09/10/2021,,,Nursing Care Facilities,Louisiana,178,09/14/2021,,,,
Louisiana,South Lafourche Nursing and Rehab,Cut Off,,09/10/2021,,,Nursing Care Facilities,Louisiana,107,09/14/2021,,,,
Louisiana,Stupp Corp,Baton Rouge,,11/06/2021,,,Manufacturing,Louisiana,45,09/08/2021,,,,
Louisiana,Railserve,Hahnville,,11/01/2021,,,Support Activities for Rail Transportation,Louisiana,66,08/26/2021,,,,
Louisiana,Centerra Group LLC,"Plaquemine, New Orleans, Hackberry",,07/31/2021,,,Security Services,Louisiana,108,06/21/2021,,,,
Louisiana,Lawrence D. Crocker College Prep,New Orleans,,05/28/2021,,,Education,Louisiana,65,03/09/2021,,,,
Louisiana,Arcosa Marine Products,Madisonville,,05/04/2021,,,Manufacturing,Louisiana,100,03/04/2021,,,,
Louisiana,University View Academy at Tallulah Charter School,Tallulah,,06/09/2021,,,Education,Louisiana,57,03/04/2021,,,,
Louisiana,Shell Convent Refinery,Convent,,03/01/2021,,,Petroleum Refineries,Louisiana,698,12/21/2020,,,,
Louisiana,Libbey Inc.,Shreveport,,12/31/2020,,,Manufacturing,Louisiana,369,12/15/2020,,,,
Louisiana,Isle of Capri Casino,Westlake,,02/01/2021,,,Casino,Louisiana,336,12/04/2020,,,,
Louisiana,Bristow U.S. LLC,Galliano,,01/17/2021,,,Nonscheduled Air Transportation,Louisiana,96,12/02/2020,,,,
Louisiana,Bristow U.S. LLC,New Iberia,,01/17/2021,,,Nonscheduled Air Transportation,Louisiana,80,12/02/2020,,,,
Louisiana,Community Development Institute Head Start,St. Martinville,,12/31/2020,,,Child Day Care Services,Louisiana,271,11/17/2020,,,,
Louisiana,Sodexo - Nicholls State,Thibodaux,,03/17/2020,,,Support Services,Louisiana,112,11/06/2020,,,,
Louisiana,Aviation Exteriors Louisiana,New Iberia,,11/06/2020,,,Support Activities for Air Transportation,Louisiana,48,11/05/2020,,,,
Louisiana,Oceans Behavioral Hospital,Lake Charles,,10/05/2020,,,Healthcare,Louisiana,50,10/06/2020,,,,
Louisiana,Calcasieu Refining Company,Lake Charles,,12/01/2020,,,Petroleum Refineries,Louisiana,69,10/02/2020,,,,
Louisiana,Omni Riverfront Hotel,New Orleans,,03/30/2020,,,Hospitality,Louisiana,83,10/01/2020,,,,
Louisiana,Lake Charles Memorial Health System,Lake Charles,,09/28/2020,,,Healthcare,Louisiana,205,09/29/2020,,,,
Louisiana,Calcasieu Refining Company,Lakes,,09/28/2020,,,Petroleum Refineries,Louisiana,69,09/29/2020,,,,
Louisiana,Menzies Aviation - MSY,Kenner,,11/23/2020,,,Scheduled Air Transportation,Louisiana,73,09/25/2020,,,,
Louisiana,Audubon Nature Institute,New Orleans,,09/24/2020,,,Zoos and Botanical Gardens,Louisiana,532,09/24/2020,,,,
Louisiana,ABM Inc,Kenner,,10/04/2020,,,Support Services,Louisiana,,09/22/2020,,,,
Louisiana,Freeman Audio Visual,New Orleans,,09/23/2020,,,Support Services,Louisiana,15,09/18/2020,,,,
Louisiana,Freeman Expositions,New Orleans,,09/23/2020,,,Support Services,Louisiana,41,09/18/2020,,,,
Louisiana,The Freeman Company,New Orleans,,09/23/2020,,,Support Services,Louisiana,4,09/18/2020,,,,
Louisiana,P.F. Chang's China Bistro,Metairie,,03/17/2020,,,Hospitality,Louisiana,75,09/18/2020,,,,
Louisiana,P.F. Chang's China Bistro,Baton Rouge,,03/17/2020,,,Hospitality,Louisiana,75,09/18/2020,,,,
Louisiana,Omni Royal Orleans,New Orleans,,03/19/2020,,,Hospitality,Louisiana,145,09/18/2020,,,,
Louisiana,Royal Sonesta New Orleans,New Orleans,,11/10/2020,,,Hospitality,Louisiana,235,09/17/2020,,,,
Louisiana,Pat O'Brien's,New Orleans,,09/30/2020,,,Hospitality,Louisiana,80,09/16/2020,,,,
Louisiana,Emeril's Restaurant,New Orleans,,03/17/2020,,,Hospitality,Louisiana,97,09/15/2020,,,,
Louisiana,Dave & Buster's,New Orleans,,11/08/2020,,,Entertainment,Louisiana,97,09/08/2020,,,,
Louisiana,Sheraton Hotel,New Orleans,,11/06/2020,,,Hospitality,Louisiana,170,09/03/2020,,,,
Louisiana,Ace Hotel New Orleans,New Orleans,,09/15/2020,,,Hospitality,Louisiana,88,09/01/2020,,,,
Louisiana,Live Nation Entertainment,New Orleans,,04/24/2020,,,Entertainment,Louisiana,84,09/01/2020,,,,
Louisiana,"Avis Budget Group BTR, MSY, LFT, LCH",Multiple,,04/01/2020,,,Rental Services,Louisiana,7,08/28/2020,,,,
Louisiana,H.N. Fernandez Inc.,New Orleans,,03/16/2020,,,Hospitality,Louisiana,145,08/27/2020,,,,
Louisiana,Stupp Coatings,Baton Rouge,,10/01/2020,,,Manufacturing,Louisiana,75,08/26/2020,,,,
Louisiana,Stupp Corporation,Baton Rouge,,10/24/2020,,,Manufacturing,Louisiana,300,08/24/2020,,,,
Louisiana,Stellar HLL MSY Venture,Elmwood,,10/15/2020,,,Retail,Louisiana,38,08/18/2020,,,,
Louisiana,Arcosa Marine Products,Madisonville,,10/13/2020,,,Manufacturing,Louisiana,66,08/14/2020,,,,
Louisiana,HMS Host,Kenner,,10/16/2020,,,Hospitality,Louisiana,301,08/13/2020,,,,
Louisiana,Hotel Monteleone,New Orleans,,10/25/2020,,,Hospitality,Louisiana,197,08/13/2020,,,,
Louisiana,Hyatt Regency,New Orleans,,03/22/2020,,,Hospitality,Louisiana,35,08/02/2020,,,,
Louisiana,The Roosevelt Hotel,New Orleans,,03/22/2020,,,Hospitality,Louisiana,124,08/01/2020,,,,
Louisiana,Hilton New Orleans Riverside,New Orleans,,03/23/2020,,,Hospitality,Louisiana,666,07/31/2020,,,,
Louisiana,Wyndham Vacation Ownership,New Orleans,,07/03/2020,,,Hospitality,Louisiana,108,07/30/2020,,,,
Louisiana,Transdev Inc.,New Orleans,,09/28/2020,,,Transportation,Louisiana,750,07/29/2020,,,,
Louisiana,Commander's Palace,New Orleans,,03/17/2020,,,Hospitality,Louisiana,240,07/24/2020,,,,
Louisiana,American Queen Steamboat Company,New Albany,,09/24/2020,,,Hospitality/Tourism,Louisiana,76,07/24/2020,,,,
Louisiana,Arnaud's/Remoulades,New Orleans,,03/17/2020,,,Hospitality,Louisiana,150,07/23/2020,,,,
Louisiana,BJ Services,Shreveport,,08/02/2020,,,Oil & Gas,Louisiana,273,07/19/2020,,,,
Louisiana,Archdiocese of New Orleans,New Orleans,,09/15/2020,,,Religious Organization,Louisiana,19,07/17/2020,,,,
Louisiana,Hilton Capital Center,Baton Rouge,,09/20/2020,,,Hospitality,Louisiana,93,07/17/2020,,,,
Louisiana,Boomtown New Orleans,Harvey,,09/15/2020,,,Casino,Louisiana,28,07/13/2020,,,,
Louisiana,Sodexo - UNO,New Orleans,,08/31/2020,,,Support Services,Louisiana,63,07/09/2020,,,,
Louisiana,United Airlines - MSY,Kenner,,10/01/2020,,,Airline,Louisiana,72,07/08/2020,,,,
Louisiana,Delaware North Companies,Kenner,,03/17/2020,,,Hospitality,Louisiana,270,06/30/2020,,,,
Louisiana,Hilton Shreveport,Shreveport,,06/05/2020,,,Hospitality,Louisiana,33,06/26/2020,,,,
Louisiana,Cypress Bayou Casino Hotel,Charenton,,07/01/2020,,,Casino,Louisiana,229,06/25/2020,,,,
Louisiana,The Freeman Company,New Orleans,,06/30/2020,,,Support Services,Louisiana,23,06/23/2020,,,,
Louisiana,"Xanitos, Inc",Metairie,,08/18/2020,,,Support Services,Louisiana,138,06/18/2020,,,,
Louisiana,Link Restaurant Group,New Orleans,,03/17/2020,,,Hospitality,Louisiana,312,06/17/2020,,,,
Louisiana,L'Auberge Casino Resort,Lake Charles,,08/15/2020,,,Casino,Louisiana,441,06/13/2020,,,,
Louisiana,Boomtown New Orleans,Harvey,,08/15/2020,,,Casino,Louisiana,197,06/12/2020,,,,
Louisiana,Margaritaville Resort Casino,Bossier City,,08/15/2020,,,Casino,Louisiana,347,06/12/2020,,,,
Louisiana,L'Auberge Casino Hotel,Baton Rouge,,08/15/2020,,,Casino,Louisiana,161,06/12/2020,,,,
Louisiana,The Higgins Hotel & Conference Center,New Orleans,,06/09/2020,,,Hospitality,Louisiana,132,06/09/2020,,,,
Louisiana,The Ritz-Carlton Hotel,New Orleans,,03/14/2020,,,Hospitality,Louisiana,423,06/05/2020,,,,
Louisiana,JW Marriot Hotel,New Orleans,,03/21/2020,,,Hospitality,Louisiana,142,06/05/2020,,,,
Louisiana,Hyatt Regency,New Orleans,,03/22/2020,,,Hospitality,Louisiana,343,06/05/2020,,,,
Louisiana,Georgia-Pacific Wood,Dequincy,,07/13/2020,,,Sawmills,Louisiana,188,06/04/2020,,,,
Louisiana,Sheraton Hotel,New Orleans,,03/13/2020,,,Hospitality,Louisiana,431,06/04/2020,,,,
Louisiana,New Orleans Marriot Hotel,New Orleans,,03/21/2020,,,Hospitality,Louisiana,474,06/04/2020,,,,
Louisiana,W French Quarter,New Orleans,,03/18/2020,,,Hospitality,Louisiana,84,06/04/2020,,,,
Louisiana,Downtown Marriot at the Convention Center,New Orleans,,03/21/2020,,,Hospitality,Louisiana,109,06/04/2020,,,,
Louisiana,NAPA Auto Parts Distribution Center,New Orleans,,07/31/2020,,,Automotive Parts & Accessories,Louisiana,70,06/01/2020,,,,
Louisiana,Hilton New Orleans Airport,Kenner,,05/22/2020,,,Hospitality,Louisiana,85,06/01/2020,,,,
Louisiana,NOPSI Hotel,New Orleans,,05/26/2020,,,Hospitality,Louisiana,92,06/01/2020,,,,
Louisiana,Loews Hotel,New Orleans,,05/27/2020,,,Hospitality,Louisiana,132,05/29/2020,,,,
Louisiana,Blake International Rings,Houma,,06/03/2020,,,Oil & Gas,Louisiana,105,05/28/2020,,,,
Louisiana,Le Meridian Hotel,New Orleans,,07/28/2020,,,Hospitality,Louisiana,112,05/28/2020,,,,
Louisiana,Crowne Plaza New Orleans,New Orleans,,05/18/2020,,,Hospitality,Louisiana,107,05/26/2020,,,,
Louisiana,Sam's Town Hotel & Casino,Shreveport,,07/01/2020,,,Casino,Louisiana,414,05/22/2020,,,,
Louisiana,Treasure Chest Casino,Kenner,,07/01/2020,,,Casino,Louisiana,340,05/22/2020,,,,
Louisiana,Amelia Belle Casino,Amelia,,07/01/2020,,,Casino,Louisiana,180,05/22/2020,,,,
Louisiana,Delta Downs Racetrack Casino and Hotel,Vinton,,07/01/2020,,,Casino,Louisiana,354,05/22/2020,,,,
Louisiana,Evangeline Downs Racetrack Casino,Opelousas,,07/01/2020,,,Casino,Louisiana,246,05/22/2020,,,,
Louisiana,Renaissance New Orleans,New Orleans,,07/21/2020,,,Hospitality,Louisiana,76,05/20/2020,,,,
Louisiana,Renaissance New Orleans,New Orleans,,07/21/2020,,,Hospitality,Louisiana,63,05/20/2020,,,,
Louisiana,Louisiana Riverboat Gaming Partnership dba Diamond Jacks Casino & Hotel,Bossier City,,05/22/2020,,,Casino,Louisiana,349,05/15/2020,,,,
Louisiana,Enterprise Rent-A-Car,Metairie,,04/30/2020,,,Rental Services,Louisiana,13,04/30/2020,,,,
Louisiana,Benteler Steel/Tube Manufacturing Corp.,Shreveport,,07/01/2020,,,Manufacturing,Louisiana,375,04/30/2020,,,,
Louisiana,Graphic Packaging,West Monroe,,06/13/2020,,,Paper Mill,Louisiana,56,04/29/2020,,,,
Louisiana,GE Gas Power,New Orleans,,06/29/2020,,,Technology,Louisiana,71,04/29/2020,,,,
Louisiana,GE Aviation,New Orleans,,06/29/2020,,,Technology,Louisiana,31,04/29/2020,,,,
Louisiana,Enterprise Rent-A-Car,Kenner,,04/30/2020,,,Rental Services,Louisiana,27,04/29/2020,,,,
Louisiana,Enterprise Rent-A-Car,Kenner,,04/30/2020,,,Rental Services,Louisiana,9,04/29/2020,,,,
Louisiana,Enterprise Rent-A-Car,Baton Rouge,,04/30/2020,,,Rental Services,Louisiana,2,04/29/2020,,,,
Louisiana,Ensco Offshore Company,Offshore Gulf of Mexico,,05/30/2020,,,Oil & Gas,Louisiana,,04/23/2020,,,,
Louisiana,Aptim Maintenance (Cheniere Energy),Cameron,,04/27/2020,,,Support Services,Louisiana,122,04/23/2020,,,,
Louisiana,Harrah's Louisiana Downs,Bossier City,,03/31/2020,,,Casino,Louisiana,201,04/22/2020,,,,
Louisiana,Cactus Wellhead,Bossier City,,04/01/2020,,,Oil & Gas,Louisiana,67,04/22/2020,,,,
Louisiana,Horseshow Entertainment,Bossier City,,03/31/2020,,,Casino,Louisiana,978,04/22/2020,,,,
Louisiana,Turner Industries - Pipe Fabrication,Port Allen,,06/26/2020,,,Construction,Louisiana,350,04/21/2020,,,,
Louisiana,ASRC Energy Services Omega,Iberia,,06/05/2020,,,Oil & Gas,Louisiana,180,04/17/2020,,,,
Louisiana,Halliburton Energy Services,Broussard,,04/14/2020,,,Oil & Gas,Louisiana,36,04/14/2020,,,,
Louisiana,Cypress Grove Behvavioral Health,Monroe,,05/01/2020,,,Individual & Family Services,Louisiana,139,04/03/2020,,,,
Louisiana,"Coast Professional, Inc.",Monroe,,04/03/2020,,,Call Center,Louisiana,13,04/03/2020,,,,
Louisiana,Alsco Inc.,Shreveport,,03/18/2020,,,Linen & Laundry Service,Louisiana,41,04/02/2020,,,,
Louisiana,Cinemark,Stateiwde,,03/26/2020,,,Entertainment,Louisiana,237,04/01/2020,,,,
Louisiana,Dolet Hills Lignite,Pelican,,06/05/2020,,,Mining,Louisiana,100,03/30/2020,,,,
Louisiana,Lalumina,Burnside,,05/24/2020,,,Manufacturing,Louisiana,302,03/29/2020,,,,
Louisiana,"Coast Professional, Inc.",West Monroe,,03/20/2020,,,Call Center,Louisiana,98,03/27/2020,,,,
Louisiana,"Coast Professional, Inc.",West Monroe,,03/20/2020,,,Call Center,Louisiana,82,03/27/2020,,,,
Louisiana,Wemco,St. Rose,,03/23/2020,,,Wholesale,Louisiana,136,03/27/2020,,,,
Louisiana,Aptim Maintenance (Placid Refining),Port Allen,,03/22/2020,,,Support Services,Louisiana,112,03/10/2020,,,,
Louisiana,Waitr,Statewide,,04/06/2020,,,Food Service Delivery,Louisiana,2300,02/06/2020,,,,
Louisiana,Fort Dearborn Company,Harahan,,02/06/2020,,,Commercial Printing (Except Screen & Books),Louisiana,101,12/06/2019,,,,
Louisiana,Wyndham Garden Hotel,Baton Rouge,,01/30/2020,,,Hotel,Louisiana,28,11/19/2019,,,,
Louisiana,Jotun Paints Inc.,Belle Chase,,12/31/2019,,,Manufacturing,Louisiana,53,10/30/2019,,,,
Louisiana,Bayou Steel,LaPlace,,11/30/2019,,,Manufacturing,Louisiana,376,09/30/2019,,,,
Louisiana,New Orleans Air Ventures II,Kenner,,10/28/2019,,,Retail,Louisiana,121,08/29/2019,,,,
Louisiana,Aramark Services - Ochsner LSU Health,"Shreveport, Monroe",,10/31/2019,,,Facilities Support Services,Louisiana,257,08/26/2019,,,,
Louisiana,Epic Companies,Houma,,11/21/2019,,,Oil & Gas Support,Louisiana,16,08/22/2019,,,,
Louisiana,Epic Companies,Belle Chase,,11/21/2019,,,Oil & Gas Support,Louisiana,3,08/22/2019,,,,
Louisiana,MidSouth Bank,Lafayette,,09/20/2019,,,Banking,Louisiana,90,08/02/2019,,,,
Louisiana,CenturyLink,Shreveport,,10/18/2019,,,Telecommunications,Louisiana,54,07/11/2019,,,,
Louisiana,Aramark Campus Services - Grambling State University,Grambling,,06/30/2019,,,Food Services,Louisiana,135,05/28/2019,,,,
Louisiana,Aptim Maintenance,Westlake,,05/23/2019,,,Construction,Louisiana,344,05/24/2019,,,,
Louisiana,Compass Health dba Pathways,"Pineville, Lake Charles",,06/30/2019,,,Healthcare,Louisiana,121,05/02/2019,,,,
Louisiana,Advance Local Media,Metairie,,07/02/2019,,,Newspaper,Louisiana,161,05/02/2019,,,,
Louisiana,WestRock,Monroe,,06/24/2019,,,Manufacturing,Louisiana,83,04/23/2019,,,,
Louisiana,Aramark Educational Services - UNO,New Orleans,,06/30/2019,,,Food Services,Louisiana,124,04/11/2019,,,,
Louisiana,Entergy LA Station,Baton Rouge,,05/31/2019,,,Utilities,Louisiana,66,03/29/2019,,,,
Louisiana,National General Management Corp,Baton Rouge,,05/28/2019,,,Insurance,Louisiana,127,03/29/2019,,,,
Louisiana,New Orleans Air Ventures II,Kenner,,05/14/2019,,,Retail,Louisiana,130,03/11/2019,,,,
Louisiana,Wal-Mart Store #534,Lafayette,,05/10/2019,,,Retail,Louisiana,291,02/27/2019,,,,
Louisiana,Thompson Pipe Group - Flowtite,Zachary,,03/31/2019,,,Manufacturing,Louisiana,115,01/28/2019,,,,
Louisiana,Dolet Hills Lignite Co.,Pelican,,03/31/2019,,,Mining,Louisiana,85,01/21/2019,,,,
Louisiana,Georgia Pacific,Zachary,,03/12/2019,,,Paper Mill,Louisiana,603,01/10/2019,,,,
Louisiana,Sears Roebuck and Co,Metairie,,03/24/2019,,,Retail,Louisiana,68,01/03/2019,,,,
Louisiana,Saint-Gobain CertainTeed,Westlake,,03/02/2019,,,Manufacturing,Louisiana,50,01/03/2019,,,,
Louisiana,Raytheon Company,Leesville,,12/31/2018,,,Specialized Training,Louisiana,60,10/19/2018,,,,
Louisiana,K Mart Store #07223,Metairie,,12/31/2018,,,Retail,Louisiana,68,10/15/2018,,,,
Louisiana,State Farm Insurance,Baton Rouge,,11/30/2018,,,Insurance,Louisiana,47,08/27/2018,,,,
Louisiana,FTS International,Shreveport,,08/08/2018,,,Oil & Gas,Louisiana,192,08/08/2018,,,,
Louisiana,Community Development Institute - Head Start,Opelousas,,08/31/2018,,,Child Care,Louisiana,187,06/20/2018,,,,
Louisiana,CB&I Paint Dep't Shintech Project,Plaquemine,,06/08/2018,,,Construction,Louisiana,222,06/19/2018,,,,
Louisiana,CB&I Civil and Dirt Dep't Shintech Project,Plaquemine,,06/14/2018,,,Construction,Louisiana,148,06/19/2018,,,,
Louisiana,ReNEW Cultural Arts Academy,New Orleans,,07/01/2018,,,Education,Louisiana,60,06/18/2018,,,,
Louisiana,ReNEW McDonough City Park Academy #28,New Orleans,,07/01/2018,,,Education,Louisiana,60,06/18/2018,,,,
Louisiana,Ardagh Glass Inc.,Simsboro,,07/23/2018,,,Manufacturing,Louisiana,227,05/23/2018,,,,
Louisiana,Sodexo,Marrero,,05/25/2018,,,Business Support Services,Louisiana,169,03/22/2018,,,,
Louisiana,"ABM Aviation, Inc.",Kenner,,03/31/2018,,,Facilities Support Services,Louisiana,88,02/26/2018,,,,
Louisiana,Schenker Inc.,Pineville,,04/29/2018,,,Transportation & Warehousing,Louisiana,96,02/23/2018,,,,
Louisiana,Sam's Club #8204,Baton Rouge,,03/16/2018,,,Retail,Louisiana,176,01/11/2018,,,,
Louisiana,PAM Specialty Hospital,Lafayette,,03/08/2018,,,Healthcare,Louisiana,85,01/05/2018,,,,
Louisiana,Crescent Bank & Trust,Baton Rouge,,03/16/2018,,,Banking,Louisiana,94,01/04/2018,,,,
Louisiana,CB&I,Walker,,02/19/2018,,,Manufacturing,Louisiana,163,12/21/2017,,,,
Louisiana,Aptim Services LLC (Entergy Operations-Riverbend Station),St. Francisville,,01/12/2018,,,Support Services,Louisiana,123,12/20/2017,,,,
Louisiana,Aptim Services LLC (Entergy Operations-Waterford 3),Killona,,01/12/2018,,,Support Services,Louisiana,112,12/20/2017,,,,
Louisiana,Mondi Bags LLC,Arcadia,,12/29/2017,,,Manufacturing,Louisiana,69,10/18/2017,,,,
Louisiana,Albertson's #4220,Bossier City,,09/09/2017,,,Grocery,Louisiana,76,07/27/2017,,,,
Louisiana,Albertson's #4038,Denham Springs,,09/09/2017,,,Grocery,Louisiana,81,07/27/2017,,,,
Louisiana,CB&I,Delacambre,,10/15/2017,,,Construction,Louisiana,90,07/21/2017,,,,
Louisiana,Aviation Exteriors Louisiana,New Iberia,,06/28/2017,,,Air Transportation,Louisiana,44,06/27/2017,,,,
Louisiana,ExpressJet Airlines,Shreveport,,08/23/2017,,,Air Transportation,Louisiana,53,06/23/2017,,,,
Louisiana,Sears - Acadiana Mall,Lafayette,,09/17/2017,,,Retail,Louisiana,72,06/22/2017,,,,
Louisiana,Sears Auto Center,Lafayette,,09/17/2017,,,Auto Repair,Louisiana,10,06/22/2017,,,,
Louisiana,"The Geo Group, Inc.",Kinder,,08/20/2017,,,Corrections,Louisiana,200,06/21/2017,,,,
Louisiana,Rowan Companies,"Houston, TX",,08/21/2017,,,Oil & Gas,Louisiana,200,06/20/2017,,,,
Louisiana,J.C. Penney,Baton Rouge,,07/31/2017,,,Retail,Louisiana,78,05/24/2017,,,,
Louisiana,Kellogg Distribution Ctr.,Gonzales,,07/08/2017,,,Merchant Wholesale,Louisiana,206,05/04/2017,,,,
Louisiana,"ABB, Inc.",Baton Rouge,,06/06/2017,,,Manufacturing,Louisiana,59,04/06/2017,,,,
Louisiana,Dollar Express #3324,New Orleans,,06/30/2017,,,Retail,Louisiana,14,04/05/2017,,,,
Louisiana,Dollar Express #5489,Baton Rouge,,06/30/2017,,,Retail,Louisiana,9,04/05/2017,,,,
Louisiana,Dollar Express #8237,Lafayette,,06/30/2017,,,Retail,Louisiana,10,04/05/2017,,,,
Louisiana,LifeCare Specialty Hospital of North L.A.,Ruston,,04/05/2017,,,Healthcare,Louisiana,167,04/03/2017,,,,
Louisiana,Blue Cliff College,Shreveport,,02/01/2017,,,Education,Louisiana,40,02/02/2017,,,,
Louisiana,Freeport McMoran Oil & Gas (GoM Operations),Lafayette,,03/31/2017,,,Oil & Gas,Louisiana,17,02/01/2017,,,,
Louisiana,Macy's Espianade Mall,Kenner,,03/20/2017,,,Retail,Louisiana,116,01/05/2017,,,,
Louisiana,Freeport-McMoran Oil & Gas,Lafayette,,02/28/2017,,,Oilfield,Louisiana,16,12/30/2016,,,,
Louisiana,"ARKLATEX Energy Services, LLC",Shreveport,,12/20/2016,,,Oilfield,Louisiana,78,12/23/2016,,,,
Louisiana,"Deep Cor Marine, Inc.",Broussard,,01/03/2017,,,Oilfield,Louisiana,116,12/22/2016,,,,
Louisiana,Union Tank Car Co,Alexandria,,02/03/2017,,,Manufacturing,Louisiana,105,12/02/2016,,,,
Louisiana,Martin Mills,Vidalia,,03/31/2017,,,Warehousing/Distribution,Louisiana,100,11/30/2016,,,,
Louisiana,Housing Authority of New Orleans,New Orleans,,01/31/2017,,,Government,Louisiana,22,11/30/2016,,,,
Louisiana,"ExpressJet Airlines, Inc. (Aircraft Hanger)",Shreveport,,02/01/2017,,,Air Transportation,Louisiana,269,11/30/2016,,,,
Louisiana,"ExpressJet Airlines, Inc. (Aircraft Hanger)",Shreveport,,09/01/2017,,,AIr Transportation,Louisiana,17,11/30/2016,,,,
Louisiana,Rowan Companies (Offshore Rig),"Houston, TX",,01/14/2017,,,Oilfield,Louisiana,110,11/14/2016,,,,
Louisiana,Brand Direct Health LLC,Mandeville,,01/06/2017,,,Pharmacy,Louisiana,71,11/07/2016,,,,
Louisiana,Ryder Integrated Logistics,"Erlanger, KY",,12/16/2016,,,Trucking,Louisiana,1,11/04/2016,,,,
Louisiana,Stupp Corporation,Baton Rouge,,12/19/2016,,,Oilfield/Manufacturing,Louisiana,193,10/21/2016,,,,
Louisiana,"Aramark Healthcare Services, LLC Lafayette General Medical Center - EVS",Lafayette,,12/12/2016,,,Janitorial Services,Louisiana,243,10/11/2016,,,,
Louisiana,ATCO Structures & Logistics,Sulphur,,09/19/2016,,,Pre-fabricated Buildings,Louisiana,3,09/16/2016,,,,
Louisiana,Freeport-McMoran Oil & Gas,New Orleans,,11/12/2016,,,Oilfield,Louisiana,33,09/13/2016,,,,
Louisiana,Proactive Technologies,Barksdale,,10/31/2016,,,Educational Support Services,Louisiana,51,09/07/2016,,,,
Louisiana,Trinity Marine Products,Brusley,,10/31/2016,,,Shipbuilding and Repair,Louisiana,288,08/31/2016,,,,
Louisiana,Chevron Gulf of Mexico,Covington,,04/07/2016,,,Oilfield,Louisiana,465,08/30/2016,,,,
Louisiana,Bradken Inc.,Amite,,10/26/2016,,,Manufacturing,Louisiana,65,08/23/2016,,,,
Louisiana,Louis Dreyfus Company,Gramercy,,09/30/2016,,,Farm Product Warehousing/Distribution,Louisiana,49,08/01/2016,,,,
Louisiana,Gulf Island LLC,Houma,,08/30/2016,,,Oilfield/Manufacturing,Louisiana,219,07/01/2016,,,,
Louisiana,GE Oil & Gas,Pineville,,09/02/2016,,,Manufacturing,Louisiana,269,07/01/2016,,,,
Louisiana,Blue Sky Innovations,Lafayette,,07/30/2016,,,Aviation (Oil & Gas Support Services),Louisiana,58,06/30/2016,,,,
Louisiana,AAR Aircraft Maintenance,Lake Charles,,07/30/2016,,,Aviation,Louisiana,140,06/01/2016,,,,
Louisiana,Danos & Curole Marine Contractors,Morgan City,,07/13/2016,,,Oilfield,Louisiana,80,05/12/2016,,,,
Louisiana,Hexion,Norco,,07/01/2016,,,Manufacturing,Louisiana,97,04/28/2016,,,,
Louisiana,Union Tank Car Co,Alexandria,,06/24/2016,,,Manufacturing,Louisiana,250,04/26/2016,,,,
Louisiana,Southern Foods Group LLC dba Brown's Dairy,New Orleans,,07/29/2016,,,Milk Products,Louisiana,135,04/21/2016,,,,
Louisiana,"Helmerich & Payne, Inc H&P Rig 100","Tulsa, OK",,05/01/2016,,,Oilfield,Louisiana,50,04/19/2016,,,,
Louisiana,Carbo Ceramics,New Iberia,,06/17/2016,,,Oilfield/Manufacturing,Louisiana,61,04/18/2016,,,,
Louisiana,GE Drilling LLC,Broussard,,04/11/2016,,,Oilfield,Louisiana,77,04/11/2016,,,,
Louisiana,Maslow Media Group LLC dba Al Jazeera America LLC,New Orleans,,04/30/2016,,,Media,Louisiana,1,03/22/2016,,,,
Louisiana,Stupp Corporation,Baton Rouge,,03/18/2016,,,Oilfield/Manufacturing,Louisiana,226,03/11/2016,,,,
Louisiana,"Xerox State & Local Soltuions, Inc.",Baton Rouge,,05/06/2016,,,Data Processing and Related Services,Louisiana,84,03/05/2016,,,,
Louisiana,"Helmerich & Payne, Inc H&P Rig 105","Tulsa, OK",,02/15/2016,,,Oilfield,Louisiana,50,02/08/2016,,,,
Louisiana,Alcoa Calcined Coke Operations,Lake Charles,,01/20/2016,,,Manufacturing,Louisiana,37,01/20/2016,,,,
Louisiana,Garden City Group,Hammond,,03/31/2016,,,Legal,Louisiana,9,01/13/2016,,,,
Louisiana,Noble Drilling,"Sugarland, TX",,03/14/2016,,,Oilfield,Louisiana,120,01/12/2016,,,,
Louisiana,Trinity Marine Products *2015 Update*,Madisonville,,03/11/2016,,,Shipbuilding and Repair,Louisiana,9,01/11/2016,,,,
Louisiana,National Oilwell Varco,Houma,,03/07/2016,,,Oilfield/Manufacturing,Louisiana,80,01/07/2016,,,,
Louisiana,Macy's,Baton Rouge,,03/14/2016,,,Department Store,Louisiana,108,01/06/2016,,,,
Louisiana,Advance Central Services Louisiana,New Orleans,,,,,Periodical Publishers,Louisiana,129,12/07/2015,,,,
Louisiana,Cameron Valve,Hammond,,01/29/2016,,,Oilfield/Manufacturing,Louisiana,52,12/01/2015,,,,
Louisiana,"Noble Drilling, LLC","Sugarland, TX",,01/26/2016,,,Oilfield,Louisiana,130,11/25/2015,,,,
Louisiana,Flint Energy Services,Haynesville,,01/15/2016,,,Energy,Louisiana,55,11/17/2015,,,,
Louisiana,"Jacobs MSFOC Group, Jacobs Technology Michoud Assembly Facility",New Orleans,,01/31/2016,,,Aerospace and Transportation,Louisiana,195,11/12/2015,,,,
Louisiana,CHI,"Howell, MI",,10/8/2015-12/8/2015,,,Transportation/Oilfield,Louisiana,74,10/08/2015,,,,
Louisiana,Trinity Marine,Madisonville,,12/04/2015,,,Transportation-Construction and Energy,Louisiana,336,10/05/2015,,,,
Louisiana,Tango Transport,Shreveport,,10/14/2015,,,Transportation,Louisiana,80,09/30/2015,,,,
Louisiana,Magellan Health,Baton Rouge,,11/30/2015-2/28/2016,,,Healthcare,Louisiana,80,09/28/2015,,,,
Louisiana,Alcoa,Lake Charles,,11/30/2015,,,Manufacturing,Louisiana,130,09/25/2015,,,,
Louisiana,Hercules Offshore,"Houston, TX",,11/21/2015,,,Oilfield,Louisiana,50,09/22/2015,,,,
Louisiana,Baton Rouge General Medical Center,Baton Rouge,,9/10/2015-1/8/2016,,,Healthcare,Louisiana,70,09/10/2015,,,,
Louisiana,"Garden City Group, LLC",Hammond,,11/23/2015,,,Legal,Louisiana,68,09/01/2015,,,,
Louisiana,Baker Hughes,Shreveport,,08/27/2015,,,Oilfield,Louisiana,28,08/27/2015,,,,
Louisiana,Northrop Grumman Fort Polk,Fort Polk,,08/07/2015,,,Transportation,Louisiana,426,07/20/2015,,,,
Louisiana,Systems Integration and Management,,,7/31/2015-12/31/2015,,,Information Technology,Louisiana,100,06/30/2015,,,,
Louisiana,Exterran,Broussard,,8/28/2015-12/31/2015,,,Oilfield/Manufacturing,Louisiana,48,06/19/2015,,,,
Louisiana,Discover Home Loans Inc.,,,08/15/2015,,,Banking,Louisiana,1,06/16/2015,,,,
Louisiana,Total Community Action Inc.,New Orleans,,06/30/2015,,,Community Action Advocacy Organization,Louisiana,150,05/28/2015,,,,
Louisiana,CCA - Winn Correctional Center,Winnfield,,07/03/2015,,,Corrections,Louisiana,252,05/05/2015,,,,
Louisiana,First Student,Port Allen,,06/30/2015,,,Transportation,Louisiana,73,05/05/2015,,,,
Louisiana,BP Biofuels,Jennings,,07/03/2015,,,Oilfield,Louisiana,56,05/04/2015,,,,
Louisiana,Tenaris Hydril,Westwego,,06/05/2015,,,Oilfield,Louisiana,88,04/06/2015,,,,
Louisiana,Bollinger Marine and Fabrication,Amelia,,4/17/2015-7/22/2015,,,Oilfield/Fabrication,Louisiana,275,03/26/2015,,,,
Louisiana,Enable Midstream,Shreveport,,5/11/2015-12/31/2015,,,Oilfield,Louisiana,109,03/11/2015,,,,
Louisiana,"Coast Professional, Inc.",West Monroe,,3/5/2015-4/22/2015,,,Telephone Solicitation Services,Louisiana,91,03/05/2015,,,,
Louisiana,"Wingspan Portfolio Advisors, Inc.","Carrollton, TX",,04/30/2015,,,Telephone Solicitation Services,Louisiana,193,03/03/2015,,,,
Louisiana,Greif Packaging LLC,New Orleans,,05/15/2015,,,Manufacturing,Louisiana,39,03/02/2015,,,,
Louisiana,Helmerich & Payne International Drilling,,,03/15/2015,,,Oilfield,Louisiana,76,02/27/2015,,,,
Louisiana,Parker Drilling,New Iberia,,3/4/2015-3/18/2015,,,Oilfield,Louisiana,297,02/24/2015,,,,
Louisiana,McDermott Inc.,Morgan City,,4/21/2015-5/4/2015,,,Shipbuilding,Louisiana,6,02/19/2015,,,,
Louisiana,Baton Rouge General Medical Center,Baton Rouge,,04/30/2015,,,Healthcare,Louisiana,700,02/11/2015,,,,
Louisiana,Baker Hughes,Houma,,02/04/2015,,,Oilfield,Louisiana,60,02/04/2015,,,,
Louisiana,Advance Central Services Louisiana,New Orleans,,03/31/2015,,,Periodical Publishers,Louisiana,28,01/27/2015,,,,
Louisiana,Albertson's Store #2814,Mandeville,,2/77/15,,,Supermarkets and Other Grocery (except Convenience) Stores,Louisiana,83,01/06/2015,,,,
Louisiana,"St. James Stevedoring Partners, LLC",Convent,,02/03/2015,,,Marine Cargo Handling,Louisiana,215,12/05/2014,,,,
Louisiana,Community Development Institute Head Start - Rapides Parish,Alexandria,,01/31/2015,,,Child Day Care Services,Louisiana,166,12/04/2014,,,,
Louisiana,Hercules Offshore,"Houston, TX",,12/31/2014,,,Drilling Oil & Gas Wells,Louisiana,450,11/05/2014,,,,
Louisiana,"Chemtrusion-LA, Inc",Baton Rouge,,12/05/2014,,,All Other Plastics Product Manufacturing,Louisiana,44,10/29/2014,,,,
Louisiana,Northrop Grumman Technical Services Inc.,Fort Polk,,12/30/2014,,,Aircraft Engine and Engine Parts Manufacturing,Louisiana,390,10/29/2014,,,,
Louisiana,Printpack,Shreveport,,12/15/2014,,,Plastics Packaging Film and Sheet (including Laminated) Manufacturing,Louisiana,20,09/17/2014,,,,
Louisiana,Leidos,New Orleans,,11/14/2014,,,Commercial and Institutional Building Construction,Louisiana,70,09/12/2014,,,,
Louisiana,River Parishes Hospital,LaPlace,,10/31/2014,,,General Medical and Surgical Hospitals,Louisiana,153,09/10/2014,,,,
Louisiana,Textron Systems Marine and Land Systems,Slidell,,11/03/2014,,,"Military Armored Vehicle, Tank, and Tank Component Manufacturing",Louisiana,163,09/02/2014,,,,
Louisiana,Systems Integration and Management,New Orleans,,09/30/2014,,,Custom Computer Programming Services,Louisiana,100,09/02/2014,,,,
Louisiana,Northrop Grumman Technical Services Inc.,Fort Polk,,10/16/2014,,,Aircraft Engine and Engine Parts Manufacturing,Louisiana,346,08/19/2014,,,,
Louisiana,McDermott Inc.,Morgan City,,09/22/2014,,,Support Activities for Oil and Gas Operations,Louisiana,4,07/30/2014,,,,
Louisiana,St. Rose Nursery,St. Rose,,09/30/2014,,,"Flower, Nursey Stock, and Florists' Supplies Merchant Wholesalers",Louisiana,21,07/30/2014,,,,
Louisiana,"Professional Transportation, Inc",Livonia,,10/01/2014,,,Charter Bus,Louisiana,45,07/25/2014,,,,
Louisiana,CB&I Addis Shop,Addis,,09/22/2014,,,Industrial Building Construction,Louisiana,126,07/17/2014,,,,
Louisiana,K Mart Store #3347,Gretna,,09/07/2014,,,Discount Department Stores,Louisiana,94,06/12/2014,,,,
Louisiana,Northrop Grumman Technical Services Inc.,Fort Polk,,07/25/2014,,,Aircraft Engine and Engine Parts Manufacturing,Louisiana,144,06/04/2014,,,,
Louisiana,Community Development Institute Head Start - Iberville Parish,Plaquemine,,06/30/2014,,,Child Day Care Services,Louisiana,70,06/03/2014,,,,
Louisiana,Community Development Institute Head Start - Avoyelles Parish,Moreauville,,07/31/2014,,,Child Day Care Services,Louisiana,57,05/30/2014,,,,
Louisiana,Dr. Pepper Snapple Group,Gonzales,,07/03/2014,,,All Other Specialty Food Stores,Louisiana,86,05/07/2014,,,,
Louisiana,Cox Communications,Metairie,,06/01/2014,,,Wired Telecommunications Carriers,Louisiana,125,04/02/2014,,,,
Louisiana,Printpack,Shreveport,,05/31/2014,,,Plastics Packaging Film and Sheet (including Laminated) Manufacturing,Louisiana,42,03/31/2014,,,,
Louisiana,Teche Federal Bank,New Iberia,,06/01/2014,,,Commercial Banking,Louisiana,97,03/31/2014,,,,
Louisiana,McDermott Inc.,Morgan City,,05/16/2014,,,Support Activities for Oil and Gas Operations,Louisiana,2,03/20/2014,,,,
Louisiana,Northrop Grumman Technical Services Inc.,Fort Polk,,05/09/2014,,,Aircraft Engine and Engine Parts Manufacturing,Louisiana,332,03/09/2014,,,,
Louisiana,Cox Communications,Baton Rouge,,05/04/2014,,,Cable and Other Subscription Programming,Louisiana,63,02/27/2014,,,,
Louisiana,Cox Communications,Lafayette,,05/04/2014,,,Wired Telecommunications Carriers,Louisiana,58,02/27/2014,,,,
Louisiana,General Dynamics Information Technology,Bogalusa,,04/25/2014,,,Telephone Answering Services,Louisiana,155,02/18/2014,,,,
Louisiana,Stewart Enterprises Inc.,Jefferson,,04/01/2014,,,Funeral Homes and Funeral Services,Louisiana,130,02/12/2014,,,,
Louisiana,Printpack,Shreveport,,03/10/2014,,,Plastics Packaging Film and Sheet (including Laminated) Manufacturing,Louisiana,58,01/09/2014,,,,
Louisiana,Northrop Grumman Technical Services Inc.,Fort Polk,,03/09/2014,,,Aircraft Engine and Engine Parts Manufacturing,Louisiana,210,01/09/2014,,,,
Louisiana,Martin Mills,Vidalia,,03/10/2014,,,Other Apparel Accesories and Other Apparel Manufacturing,Louisiana,150,01/07/2014,,,,
Louisiana,CB&I (Lion Copolymer),Baton Rouge,,02/04/2014,,,Industrial Building Construction,Louisiana,80,12/27/2013,,,,
Louisiana,Louisiana Hardwood Products,Morrow,,12/31/2013,,,Forestry Support Activities,Louisiana,100,10/29/2013,,,,
Louisiana,McDermott International,Morgan City,,12/22/2013,,,Ship Building and Repairing,Louisiana,19,10/23/2013,,,,
Louisiana,McDermott International,Morgan City,,11/30/2013,,,Ship Building and Repairing,Louisiana,6,10/01/2013,,,,
Louisiana,McDermott International,Morgan City,,11/15/2013,,,Ship Building and Repairing,Louisiana,51,09/17/2013,,,,
Louisiana,Northrop Grumman,Fort Polk,,11/09/2013,,,Aircraft Manufacturing,Louisiana,332,09/06/2013,,,,
Louisiana,McDermott International,Morgan City,,11/01/2013,,,Ship Building and Repairing,Louisiana,15,09/03/2013,,,,
Louisiana,McDermott International,Morgan City,,10/21/2013,,,Ship Building and Repairing,Louisiana,4,08/20/2013,,,,
Louisiana,Accent Marketing,Monroe,,10/19/2013,,,Telemarketing Bureaus,Louisiana,60,08/15/2013,,,,
Louisiana,Blazer Construction,Sibley,,10/14/2013,,,Construction,Louisiana,157,08/14/2013,,,,
Louisiana,McDermott International,Morgan City,,10/07/2013,,,Ship Building and Repairing,Louisiana,94,08/07/2013,,,,
Louisiana,Lockheed Martin Corp.,New Orleans,,09/30/2013,,,Space Vehicle Propulsion Units and Parts Manufacturing,Louisiana,2,08/06/2013,,,,
Louisiana,"Alternative Home Care Specialists, Inc.",Lafayette,,09/15/2013,,,Home Health Care Services,Louisiana,64,07/15/2013,,,,
Louisiana,Christus Schumpert Medical Center,Shreveport,,07/27/2013,,,General Medical and Surgical Hospitals,Louisiana,200,07/02/2013,,,,
Louisiana,Trinity Marine Products,Brusly,,09/05/2013,,,Ship Building and Repairing,Louisiana,201,07/01/2013,,,,
Louisiana,Lockheed Martin Corp.,New Orleans,,08/29/2013,,,Space Vehicle Propulsion Units and Parts Manufacturing,Louisiana,2,06/30/2013,,,,
Louisiana,Durham School Services,New Orleans,,06/30/2013,,,School Bus Transportation,Louisiana,110,05/15/2013,,,,
Louisiana,Bradken Steel,Amite,,04/16/2013,,,"Steel Foundries, Steel Castings",Louisiana,105,04/23/2013,,,,
Louisiana,"Libbey, Inc.",Shreveport,,05/29/2013,,,Other Pressed and Blown Glass and Glassware Manufacturing,Louisiana,170,03/27/2013,,,,
Louisiana,"Southern Foods Group, LLC",Shreveport,,05/14/2013,,,Fluid Milk Manufacturing,Louisiana,178,03/14/2013,,,,
Louisiana,Lockheed Martin Corp.,New Orleans,,04/25/2013,,,Space Vehicle Propulsion Units and Parts Manufacturing,Louisiana,3,03/01/2013,,,,
Louisiana,"Schenker Logistics, Inc.","Virginia Beach, VA",,04/21/2013,,,"Process, Physical Distribution, and Logistics Consulting",Louisiana,100,02/21/2013,,,,
Louisiana,Lockheed Martin Corp.,New Orleans,,03/28/2013,,,Space Vehicle Propulsion Units and Parts Manufacturing,Louisiana,1,02/01/2013,,,,
Louisiana,Lockheed Martin Corp.,New Orleans,,02/28/2013,,,Space Vehicle Propulsion Units and Parts Manufacturing,Louisiana,4,01/10/2013,,,,
Louisiana,Lockheed Martin Corp.,New Orleans,,01/31/2013,,,Space Vehicle Propulsion Units and Parts Manufacturing,Louisiana,3,12/05/2012,,,,
Louisiana,Lockheed Martin Corp.,New Orleans,,01/11/2013,,,Space Vehicle Propulsion Units and Parts Manufacturing,Louisiana,2,11/14/2012,,,,
Louisiana,Lockheed Martin Corp.,New Orleans,,12/31/2012,,,Space Vehicle Propulsion Units and Parts Manufacturing,Louisiana,10,11/11/2012,,,,
Louisiana,Pepsi Beverages Co.,Reserve,,11/09/2012,,,Soft Drink Manufacturing,Louisiana,60,11/09/2012,,,,
Louisiana,Staples,Baton Rouge,,11/30/2012,,,Other Services Related to Advertising,Louisiana,75,09/21/2012,,,,
Louisiana,Kindred Hospital,Marrero,,11/09/2012,,,Nursing Care Facilities,Louisiana,122,09/07/2012,,,,
Louisiana,Lockheed Martin Corp.,New Orleans,,09/13/2012,,,Space Vehicle Propulsion Units and Parts Manufacturing,Louisiana,14,08/06/2012,,,,
Louisiana,The Home Depot,Baton Rouge,,09/21/2012,,,Call Center,Louisiana,200,07/19/2012,,,,
Louisiana,Durham School Services,New Orleans,,08/06/2012,,,School Bus Transportation,Louisiana,212,07/13/2012,,,,
Louisiana,"Johnson Controls, Inc.",Shreveport,,08/30/2012,,,All Other Motor Vehicle Parts Manufacturing,Louisiana,71,06/25/2012,,,,
Louisiana,Xanodyne,"Newport, KY",,08/20/2012,,,Wholesale Trade Agent and Brokers,Louisiana,3,06/21/2012,,,,
Louisiana,Times Picayune,New Orleans,,09/30/2012,,,Newspaper Publisher,Louisiana,200,06/15/2012,,,,
Louisiana,General Motors,Shreveport,,08/16/2012,,,Automobile and Truck Manufacturing,Louisiana,764,06/11/2012,,,,
Louisiana,Lockheed Martin Corp.,New Orleans,,07/27/2012,,,Space Vehicle Propulsion Units and Parts Manufacturing,Louisiana,4,05/30/2012,,,,
Louisiana,International Paper,Minden,,07/07/2012,,,Paper Mill,Louisiana,64,05/18/2012,,,,
Louisiana,Pinnacle Business Solutions,Baton Rouge,,08/10/2012,,,All Other Business Support Services,Louisiana,87,05/11/2012,,,,
Louisiana,Android,Shreveport,,08/30/2012,,,Automobile Manufacturing,Louisiana,95,05/09/2012,,,,
Louisiana,Hostess Brands,Opelousas,,07/04/2012,,,Retail Bakeries,Louisiana,13,05/04/2012,,,,
Louisiana,Hostess Brands,Natchitoches,,07/04/2012,,,Retail Bakeries,Louisiana,8,05/04/2012,,,,
Louisiana,Hostess Brands,Monroe,,07/04/2012,,,Retail Bakeries,Louisiana,26,05/04/2012,,,,
Louisiana,Hostess Brands,Monroe,,07/04/2012,,,Retail Bakeries,Louisiana,1,05/04/2012,,,,
Louisiana,Hostess Brands,Lake Charles,,07/04/2012,,,Retail Bakeries,Louisiana,16,05/04/2012,,,,
Louisiana,Hostess Brands,Lafayette,,07/04/2012,,,Retail Bakeries,Louisiana,14,05/04/2012,,,,
Louisiana,Hostess Brands,Kenner,,07/04/2012,,,Retail Bakeries,Louisiana,18,05/04/2012,,,,
Louisiana,Hostess Brands,Houma,,07/04/2012,,,Retail Bakeries,Louisiana,12,05/04/2012,,,,
Louisiana,Hostess Brands,Hammond,,07/04/2012,,,Retail Bakeries,Louisiana,8,05/04/2012,,,,
Louisiana,Hostess Brands,Deridder,,07/04/2012,,,Retail Bakeries,Louisiana,3,05/04/2012,,,,
Louisiana,Hostess Brands,Bossier City,,07/04/2012,,,Retail Bakeries,Louisiana,23,05/04/2012,,,,
Louisiana,Hostess Brands,Bogalusa,,07/04/2012,,,Retail Bakeries,Louisiana,13,05/04/2012,,,,
Louisiana,Hostess Brands,Shreveport,,07/04/2012,,,Retail Bakeries,Louisiana,2,05/04/2012,,,,
Louisiana,Hostess Brands,West Monroe,,07/04/2012,,,Retail Bakeries,Louisiana,2,05/04/2012,,,,
Louisiana,Hostess Brands,Alexandria,,07/04/2012,,,Retail Bakeries,Louisiana,2,05/04/2012,,,,
Louisiana,Hostess Brands,Baton Rouge,,07/04/2012,,,Retail Bakeries,Louisiana,38,05/04/2012,,,,
Louisiana,Hostess Brands,Alexandria,,07/04/2012,,,Retail Bakeries,Louisiana,16,05/04/2012,,,,
Louisiana,Hostess Brands,Alexandria,,07/04/2012,,,Retail Bakeries,Louisiana,2,05/04/2012,,,,
Louisiana,Hostess Brands,Alexandria,,07/04/2012,,,Retail Bakeries,Louisiana,202,05/04/2012,,,,
Louisiana,Lockheed Martin Corp.,New Orleans,,06/29/2012,,,Space Vehicle Propulsion Units and Parts Manufacturing,Louisiana,7,05/01/2012,,,,
Louisiana,Advance Baton Rouge,Baton Rouge,,07/31/2012,,,Elementary and Secondary Schools,Louisiana,238,04/25/2012,,,,
Louisiana,Lockheed Martin Corp.,New Orleans,,05/31/2012,,,Space Vehicle Propulsion Units and Parts Manufacturing,Louisiana,11,04/02/2012,,,,
Louisiana,Rockwell Collins,Bossier City,,06/20/2012,,,Commercial Machinery Repair and Maintenance,Louisiana,58,03/29/2012,,,,
Louisiana,Lockheed Martin Corp.,New Orleans,,04/16/2012,,,Space Vehicle Propulsion Units and Parts Manufacturing,Louisiana,7,03/01/2012,,,,
Louisiana,Lockheed Martin Corp.,New Orleans,,03/07/2012,,,Space Vehicle Propulsion Units and Parts Manufacturing,Louisiana,50,02/10/2012,,,,
Louisiana,"Sodexo, Inc.",New Orleans,,02/29/2012,,,Cafeterias,Louisiana,100,01/18/2012,,,,
Louisiana,Rockwell Collins,Bossier City,,03/27/2012,,,Commercial Machinery Repair and Maintenance,Louisiana,58,12/27/2011,,,,
Louisiana,Lockheed Martin Corp.,New Orleans,,01/27/2012,,,Space Vehicle Propulsion Units and Parts Manufacturing,Louisiana,47,12/01/2011,,,,
Louisiana,Transcom Inc.,Lafayette,,01/21/2012,,,Telemarketing Bureaus,Louisiana,265,11/28/2011,,,,
Louisiana,"KBR, Inc.",Deridder,,12/04/2011,,,New Single Family General Contractor,Louisiana,70,11/04/2011,,,,
Louisiana,Lockheed Martin Corp.,New Orleans,,12/30/2011,,,Space Vehicle Propulsion Units and Parts Manufacturing,Louisiana,54,11/01/2011,,,,
Louisiana,Lowe's Home Center,Chalmette,,12/16/2011,,,Home Centers,Louisiana,93,10/17/2011,,,,
Louisiana,Lockheed Martin Corp.,New Orleans,,11/30/2011,,,Space Vehicle Propulsion Units and Parts Manufacturing,Louisiana,10,10/04/2011,,,,
Louisiana,Louisiana Binding Service,Deridder,,09/27/2011,,,Tradebinding and Related Work,Louisiana,40,09/20/2011,,,,
Louisiana,Lockheed Martin Corp.,New Orleans,,10/28/2011,,,Space Vehicle Propulsion Units and Parts Manufacturing,Louisiana,62,09/01/2011,,,,
Louisiana,Lockheed Martin Corp.,New Orleans,,09/30/2011,,,Space Vehicle Propulsion Units and Parts Manufacturing,Louisiana,8,08/03/2011,,,,
Louisiana,Lockheed Martin Corp.,New Orleans,,09/30/2011,,,Space Vehicle Propulsion Units and Parts Manufacturing,Louisiana,15,07/28/2011,,,,
Louisiana,Rockwell Collins,Bossier City,,09/27/2011,,,Commercial Machinery Repair and Maintenance,Louisiana,57,07/15/2011,,,,
Louisiana,Lockheed Martin Corp.,New Orleans,,08/26/2011,,,Space Vehicle Propulsion Units and Parts Manufacturing,Louisiana,160,06/27/2011,,,,
Louisiana,Flextronics Americas,Shreveport,,07/25/2011,,,Printed Circuit Assembly Manufacturing,Louisiana,2,05/25/2011,,,,
Louisiana,Sitel Operating Corp,Bogalusa,,07/18/2011,,,All Other Professional and Technical Services,Louisiana,149,05/17/2011,,,,
Louisiana,Lockheed Martin Corp.,New Orleans,,06/24/2011,,,Space Vehicle Propulsion Units and Parts Manufacturing,Louisiana,6,04/25/2011,,,,
Louisiana,Areva NP Inc.,"Lynchburg, VA",,06/14/2011,,,Engineering Services,Louisiana,1,04/14/2011,,,,
Louisiana,Lockheed Martin Corp.,New Orleans,,05/27/2011,,,Space Vehicle Propulsion Units and Parts Manufacturing,Louisiana,4,03/29/2011,,,,
Louisiana,Lockheed Martin Corp.,New Orleans,,04/29/2011,,,Space Vehicle Propulsion Units and Parts Manufacturing,Louisiana,3,03/01/2011,,,,
Louisiana,Home Depot,New Orleans,,04/14/2011,,,Home Centers,Louisiana,81,02/10/2011,,,,
Louisiana,Jacobs Field Services,Baton Rouge,,02/18/2011,,,General Contractors,Louisiana,152,01/20/2011,,,,
Louisiana,Sonoco Products,Bastrop,,12/17/2010,,,Miscellaneous Wood Product Manufacturing,Louisiana,50,12/14/2010,,,,
Louisiana,StarTek,Alexandria,,01/29/2011,,,Telemarketing Bureaus,Louisiana,330,11/30/2010,,,,
Louisiana,CNC Applied Technology,Fort Polk,,01/29/2011,,,Security Guards and Patrol Services,Louisiana,60,10/29/2010,,,,
Louisiana,Lockheed Martin Corp.,New Orleans,,12/31/2010,,,Space Vehicle Propulsion Units and Parts Manufacturing,Louisiana,59,10/27/2010,,,,
Louisiana,Imperial Sugar,Gramercy,,12/31/2010,,,Sugar Cane Refinery,Louisiana,170,10/26/2010,,,,
Louisiana,Union Underwear Co.,Jeanerette,,12/31/2010,,,Men's and Boy's Clothing Merchant Wholesalers,Louisiana,178,10/01/2010,,,,
Louisiana,Xanodyne Pharmaceuticals,"Newport, KY",,11/21/2010,,,Wholesale Trade Agent and Brokers,Louisiana,194,09/21/2010,,,,
Louisiana,Northrop Grumman,Avondale,,10/04/2010,,,Shipbuilding,Louisiana,4703,08/02/2010,,,,
Louisiana,Northrop Grumman,Tallulah,,09/29/2010,,,Shipbuilding,Louisiana,95,08/02/2010,,,,
Louisiana,Northrop Grumman,Belle Chase,,09/30/2010,,,Shipbuilding,Louisiana,51,07/30/2010,,,,
Louisiana,Lockheed Martin Corp.,New Orleans,,09/30/2010,,,Space Vehicle Propulsion Units and Parts Manufacturing,Louisiana,544,07/28/2010,,,,
Louisiana,Rockwell Collins,Barksdale AFB,,09/28/2010,,,Commercial Machinery Repair and Maintenance,Louisiana,65,07/28/2010,,,,
Louisiana,Devon Energy Corporation,Lafayette,,09/27/2010,,,Support Activities for Oil and Gas Operations,Louisiana,2,07/27/2010,,,,
Louisiana,Coca Cola Enterprises Inc.,Monroe,,09/10/2010,,,Soft Drink Manufacturing,Louisiana,80,07/12/2010,,,,
Louisiana,Butler America,"Shelton, CT",,08/29/2010,,,Engineering Services,Louisiana,50,07/02/2010,,,,
Louisiana,Devon Energy Corporation,Lafayette,,09/01/2010,,,Support Activities for Oil and Gas Operations,Louisiana,50,07/01/2010,,,,
Louisiana,Lockheed Martin Corp.,New Orleans,,08/13/2010,,,Space Vehicle Propulsion Units and Parts Manufacturing,Louisiana,33,06/10/2010,,,,
Louisiana,Devon Energy Corporation,Lafayette,,07/25/2010,,,Support Activities for Oil and Gas Operations,Louisiana,50,06/02/2010,,,,
Louisiana,Wells Fargo & Co.,Baton Rouge,,07/26/2010,,,Commercial Banking,Louisiana,72,05/25/2010,,,,
Louisiana,Lockheed Martin Corp.,New Orleans,,07/30/2010,,,Space Vehicle Propulsion Units and Parts Manufacturing,Louisiana,94,05/25/2010,,,,
Louisiana,Coca Cola Enterprises Inc.,Thibodaux,,07/16/2010,,,Soft Drink Manufacturing,Louisiana,111,05/07/2010,,,,
Louisiana,"Sodexo, Inc.",New Orleans,,08/29/2010,,,Food Service Contractors,Louisiana,178,04/28/2010,,,,
Louisiana,"Sodexo, Inc",New Orleans,,05/20/2010,,,Food Service Contractors,Louisiana,154,04/28/2010,,,,
Louisiana,Allen Canning Company,Hessmer,,04/26/2010,,,Fruit and Vegetable Canning,Louisiana,62,04/26/2010,,,,
Louisiana,Devon Energy Corporation,Lafayette,,06/12/2010,,,Support Activities for Oil and Gas Operations,Louisiana,50,04/12/2010,,,,
Louisiana,Steel Fabricators,Monroe,,04/26/2010,,,Fabricated Structural Metal Manufacturing,Louisiana,55,04/12/2010,,,,
Louisiana,ENI US Operating Co.,New Orleans,,06/10/2010,,,Oil and Gas Extraction,Louisiana,138,04/09/2010,,,,
Louisiana,Lockheed Martin Corp.,New Orleans,,05/28/2010,,,Space Vehicle Propulsion Units and Parts Manufacturing,Louisiana,39,03/24/2010,,,,
Louisiana,JP Morgan Chase,Baton Rouge,,04/25/2010,,,Commercial Banking,Louisiana,239,02/25/2010,,,,
Louisiana,Trane Inc,Cullen,,04/30/2010,,,Air Purification and Equipment Manufacturing,Louisiana,163,02/24/2010,,,,
Louisiana,Lockheed Martin Corp.,New Orleans,,04/30/2010,,,Space Vehicle Propulsion Units and Parts Manufacturing,Louisiana,184,02/24/2010,,,,
Louisiana,Devon Energy Corporation,Lafayette,,04/22/2010,,,Support Activities for Oil and Gas Operations,Louisiana,50,02/22/2010,,,,
Louisiana,Morgan Research Corp.,Fort Polk,,02/25/2010,,,Engineering Services,Louisiana,98,02/11/2010,,,,
Louisiana,Steel Fabricators,Monroe,,03/08/2010,,,Fabricated Structural Metal Manufacturing,Louisiana,44,02/10/2010,,,,
Louisiana,Lockheed Martin Corp.,New Orleans,,03/26/2010,,,Space Vehicle Propulsion Units and Parts Manufacturing,Louisiana,35,01/20/2010,,,,
Louisiana,"Accent Marketing Services, LLC",Monroe,,03/07/2010,,,Telecommunications,Louisiana,342,01/06/2010,,,,
Louisiana,Morgan Research Co.,Huntsville,,01/20/2010,,,Engineering Services,Louisiana,134,12/22/2009,,,,
Louisiana,Lockheed Martin Corp.,New Orleans,,02/26/2010,,,Space Vehicle Propulsion Units and Parts Manufacturing,Louisiana,40,12/17/2009,,,,
Louisiana,"Dresser, Inc.",Alexandria,,01/15/2010,,,Industrial Valve Manufacturing,Louisiana,86,12/14/2009,,,,
Louisiana,Steel Fabricators,Monroe,,12/18/2009,,,Fabricated Structural Metal Manufacturing,Louisiana,114,12/11/2009,,,,
Louisiana,Verizon Wireless,Shreveport,,04/03/2010,,,Wireless Telecommunications Carrier,Louisiana,312,12/03/2009,,,,
Louisiana,LAFOP Fundraising Ctr,Alexandria,,11/27/2009,,,Telemarketing Bureaus,Louisiana,38,11/24/2009,,,,
Louisiana,Bollinger Marine Fabricators,Amelia,,01/19/2010,,,Shipbuilding and Repairing,Louisiana,88,11/18/2009,,,,
Louisiana,Lockheed Martin,New Orleans,,01/29/2010,,,Space Vehicle Propulsion Units and Parts Manufacturing,Louisiana,143,11/18/2009,,,,
Louisiana,Shaw,Addis,,01/04/2010,,,Industrial Building Construction,Louisiana,60,11/05/2009,,,,
Louisiana,Allstate,Shreveport,,12/31/2009,,,Insurance Agencies and Brokerages,Louisiana,55,11/02/2009,,,,
Louisiana,"Chart Energy & Chemical, Inc.",New Iberia,,12/31/2009,,,Power Boiler and Heat Exchanger Manufacturing,Louisiana,6,10/30/2009,,,,
Louisiana,International Paper,Pineville,,12/26/2009,,,Paper Mill,Louisiana,230,10/22/2009,,,,
Louisiana,Steel Fabricators,Monroe,,10/16/2009,,,Fabricated Structural Metal Manufacturing,Louisiana,138,10/12/2009,,,,
Louisiana,Blake International,Houma,,10/07/2009,,,Drilling Oil & Gas Wells,Louisiana,49,10/09/2009,,,,
Louisiana,Boise Cascade LLC,Florien,,11/30/2009,,,Softwood Veneer & Plywood Manufacturing,Louisiana,130,10/01/2009,,,,
Louisiana,Crossmark Home Improvement Services,"Plano, TX",,10/31/2009,,,Wholesale Trade Agent and Brokers,Louisiana,1021,08/27/2009,,,,
Louisiana,"Brown-Eagle, Inc.",Baton Rouge,,10/04/2009,,,Packaging and Labeling Services,Louisiana,84,08/04/2009,,,,
Louisiana,Lockheed Martin Corp.,New Orleans,,10/02/2009,,,Space Vehicle Propulsion Units and Parts Manufacturing,Louisiana,134,07/28/2009,,,,
Louisiana,"Trinity Marine Products, Inc.",Madisonville,,09/19/2009,,,Ship Building and Repairing,Louisiana,235,07/20/2009,,,,
Louisiana,"Chart Energy & Chemical, Inc.",New Iberia,,09/25/2009,,,Power Boiler and Heat Exchanger Manufacturing,Louisiana,109,07/10/2009,,,,
Louisiana,United Retail Service,"Kennesaw, GA",,09/08/2009,,,Home Centers,Louisiana,25,07/08/2009,,,,
Louisiana,"Offshore Specialty Fabricator, Inc.",Houma,,08/07/2009,,,Ship Building and Repairing,Louisiana,90,06/05/2009,,,,
Louisiana,"Equistar Chemicals, LP",Sulphur,,07/27/2009,,,Petrochemical Manufacturing,Louisiana,2,05/26/2009,,,,
Louisiana,First Student,"Kennesaw, GA",,06/30/2009,,,School and Employee Bus Transportation,Louisiana,80,05/19/2009,,,,
Louisiana,"Trinity Marine Products, Inc.",Brusly,,07/18/2009,,,Ship Building and Repairing,Louisiana,190,05/18/2009,,,,
Louisiana,The Wackenhut Corp.,Hahnville,,06/01/2009,,,Security Guards and Patrol Services,Louisiana,122,05/14/2009,,,,
Louisiana,UTLX Manufacturing,Alexandria,,07/10/2009,,,Plant and System Operators,Louisiana,159,05/08/2009,,,,
Louisiana,Saturn of Metairie,Metairie,,05/13/2009,,,New Car Dealers,Louisiana,14,05/08/2009,,,,
Louisiana,Saturn of Slidell,Slidell,,05/13/2009,,,New Car Dealers,Louisiana,17,05/08/2009,,,,
Louisiana,Saturn of New Orleans,Harvey,,05/13/2009,,,New Car Dealers,Louisiana,10,05/08/2009,,,,
Louisiana,Waste Management of St. Tammany,Slidell,,07/01/2009,,,Solid Waste Landfill,Louisiana,55,05/01/2009,,,,
Louisiana,Lyondell Chemical Co.,Westlake,,06/29/2009,,,Urethane & Other Foam Product Manufacturing,Louisiana,4,04/30/2009,,,,
Louisiana,Continental Structural Plastics,Sarepta,,06/15/2009,,,Plastics Material and Resin Manufacturing,Louisiana,108,04/29/2009,,,,
Louisiana,"Boise Paper Holdings, LLC",Deridder,,08/09/2009,,,Softwood Veneer & Plywood Manufacturing,Louisiana,105,04/27/2009,,,,
Louisiana,Shaw,Baton Rouge,,06/27/2009,,,Industrial Building Construction,Louisiana,202,04/27/2009,,,,
Louisiana,Lockheed Martin,New Orleans,,06/26/2009,,,Data Processing and Related Services,Louisiana,66,04/26/2009,,,,
Louisiana,"National Service Co. of Iowa, Inc.",Farmerville,,06/30/2009,,,Animal Slaughtering and Processing,Louisiana,83,04/07/2009,,,,
Louisiana,Doctors' Hospital,Opelousas,,04/30/2009,,,Medical,Louisiana,126,03/31/2009,,,,
Louisiana,UST,Baton Rouge,,06/05/2009,,,All Other Professional and Technical Services,Louisiana,56,03/31/2009,,,,
Louisiana,ICF International,Baton Rouge,,05/29/2009,,,All Other Professional and Technical Services,Louisiana,22,03/30/2009,,,,
Louisiana,Exide Technologies,Baton Rouge,,04/17/2009,,,Primary Batter Manufacturer,Louisiana,120,03/23/2009,,,,
Louisiana,Northrop Grumman,New Orleans,,04/08/2009,,,Shipbuilding,Louisiana,66,03/20/2009,,,,
Louisiana,Weyerhaeuser,Dodson,,03/11/2009,,,Softwood Veneer & Plywood Manufacturing,Louisiana,136,03/11/2009,,,,
Louisiana,Hunt Forest Products Inc.,Natalbany,,05/10/2009,,,Plywood and Engineered Wood Product Manufacturing,Louisiana,198,03/05/2009,,,,
Louisiana,Quadel Housing,Baton Rouge,,05/01/2009,,,All Other Professional and Technical Services,Louisiana,109,03/02/2009,,,,
Louisiana,ICF International,Baton Rouge,,05/01/2009,,,All Other Professional and Technical Services,Louisiana,202,03/02/2009,,,,
Louisiana,Pilgrim's Pride,Farmerville,,04/28/2009,,,Animal Slaughtering and Processing,Louisiana,1294,02/27/2009,,,,
Louisiana,Equistar,Sulphur,,04/28/2009,,,Petrochemical Manufacturing,Louisiana,4,02/26/2009,,,,
Louisiana,Pride Offshore Inc.,"Houston, TX",,03/01/2009,,,Drilling Oil & Gas Wells,Louisiana,115,02/19/2009,,,,
Louisiana,Lockheed Martin,New Orleans,,04/30/2009,,,Plant and System Operators,Louisiana,160,02/02/2009,,,,
Louisiana,Louisiana Hardwood Products,LeMoyen,,01/30/2009,,,Wood Product Manufacturing,Louisiana,396,01/30/2009,,,,
Louisiana,Capital One,Shreveport,,04/03/2009,,,Sales Financing,Louisiana,150,01/27/2009,,,,
Louisiana,ICF International,Baton Rouge,,03/27/2009,,,All Other Professional and Technical Services,Louisiana,135,01/26/2009,,,,
Louisiana,Quadel Housing Services,Baton Rouge,,03/27/2009,,,All Other Professional and Technical Services,Louisiana,70,01/26/2009,,,,
Louisiana,CITGO Petroleum,Lake Charles,,08/12/2008,,,Petroleum Refineries,Louisiana,192,08/12/2008,,,,
Louisiana,Lockheed Martin Space Systems Company,New Orleans,,10/03/2008,,,Space Vehicle Propulsion Units and Parts Manufacturing,Louisiana,200,08/01/2008,,,,
Louisiana,Magna Decoma International,Shreveport,,09/29/2008,,,Automobile Manufacturing,Louisiana,62,07/30/2008,,,,
Louisiana,AI –Shreveport LLC,Shreveport,,09/29/2008,,,Automatic Environmental Control Manufacturing,Louisiana,91,07/29/2008,,,,
Louisiana,"Tango Transport, Inc.",Shreveport,,09/29/2008,,,"General Freight Trucking, Long Distance",Louisiana,60,07/28/2008,,,,
Louisiana,General Motors,Shreveport,,09/26/2008,,,Motor Vehicle Manufacturing,Louisiana,200,07/28/2008,,,,
Louisiana,Quadel Housing Services,Baton Rouge,,09/13/2008,,,All Other Professional and Technical Services,Louisiana,67,07/15/2008,,,,
Louisiana,ICF International,Baton Rouge,,09/13/2008,,,All Other Professional and Technical Services,Louisiana,94,07/15/2008,,,,
Louisiana,American Airlines,Kenner,,09/05/2008,,,Scheduled Passenger Air Transportation,Louisiana,8,07/07/2008,,,,
Louisiana,"ABB, Inc.",Mansfield,,08/31/2008,,,Computer Systems Design Services,Louisiana,204,07/01/2008,,,,
Louisiana,The Home Depot,Opelousas,,08/05/2008,,,Home Centers,Louisiana,80,06/03/2008,,,,
Louisiana,IFCO Systems,Hammond,,05/31/2008,,,Wood Container and Pallet Manufacturing,Louisiana,56,05/19/2008,,,,
Louisiana,Blake International,Houma,,05/23/2008,,,Drilling Oil & Gas Wells,Louisiana,245,05/07/2008,,,,
Louisiana,Plastech,Shreveport,,06/30/2008,,,Motor Vehicle Manufacturing,Louisiana,168,05/07/2008,,,,
Louisiana,Skyline Corporation,Bossier City,,07/05/2008,,,"Manufactured Home, Mobile Home, Manufacturing",Louisiana,82,05/07/2008,,,,
Louisiana,"Kenneth Gordon, USA",Harahan,,06/08/2008,,,"Men's Shirt, Except Work Shirt, Manufacturing",Louisiana,83,04/09/2008,,,,
Louisiana,ICF International,Baton Rouge,,05/31/2008,,,All Other Professional and Technical Services,Louisiana,200,04/01/2008,,,,
Louisiana,Georgia Pacific,Springhill,,03/28/2008,,,Softwood Veneer & Plywood Manufacturing,Louisiana,401,03/25/2008,,,,
Louisiana,"Hood Industries, Inc.",Coushatta,,05/16/2008,,,Sawmills,Louisiana,119,03/20/2008,,,,
Louisiana,Capital One Bank,New Orleans,,05/19/2008,,,Sales Financing,Louisiana,160,03/19/2008,,,,
Louisiana,Raytheon Technical Services Company Ft. Polk US Army Base,Fort Polk,,04/30/2008,,,Engineering Services,Louisiana,114,02/26/2008,,,,
Louisiana,Gerdau Ameristeel,Harahan,,03/31/2008,,,Other Fabricated Wire Product Manufacturing,Louisiana,67,02/01/2008,,,,
Louisiana,Macy's,Lake Charles,,03/18/2008,,,Department Stores,Louisiana,66,12/31/2007,,,,
Louisiana,"WinCup Holdings, Inc.",Shreveport,,02/12/2008,,,Polystyrene Foam Product Manufacturing,Louisiana,62,12/17/2007,,,,
Louisiana,Ideal Merchandising,"Apollo Beach, FL",,01/20/2008,,,Durable Goods Merchant Wholesaler,Louisiana,751,12/13/2007,,,,
Louisiana,"FloorServe, Inc.","Dalton, GA",,01/31/2008,,,All Other Support Services,Louisiana,159,12/11/2007,,,,
Louisiana,"Pinnacle Business Solutions, Inc.",Shreveport,,02/29/2008,,,Direct Health and Medical Insurance Carriers,Louisiana,23,12/03/2007,,,,
Louisiana,Georgia Pacific Corporation,Logansport,,10/30/2007,,,Paper Mill,Louisiana,294,10/30/2007,,,,
Louisiana,Valentine Paper,Lockport,,12/28/2007,,,Paper Mill,Louisiana,83,10/29/2007,,,,
Louisiana,United States Gypsum Company,New Orleans,,12/31/2007,,,Gypsym Product Manufacturing,Louisiana,45,10/23/2007,,,,
Louisiana,AT&T,Metairie,,12/29/2007,,,Wired Telecommunications Carrier,Louisiana,55,10/17/2007,,,,
Louisiana,East Jordan Iron Works,"East Jordan, MI",,12/28/2007,,,Iron Foundries,Louisiana,50,08/25/2007,,,,
Louisiana,Aegis Mortgage Corporation,"Houston, TX",,10/31/2007,,,Sales Financing,Louisiana,45,08/07/2007,,,,
Louisiana,Wells Fargo Home Mortgage,Baton Rouge,,09/25/2007,,,Real Estate Credit,Louisiana,59,07/26/2007,,,,
Louisiana,Capital One Mortgage,Baton Rouge,,09/14/2007,,,Sales Financing,Louisiana,118,07/09/2007,,,,
Louisiana,Albertson's LLC,Monroe,,08/05/2007,,,Supermarket and other Grocery Stores,Louisiana,100,06/28/2007,,,,
Louisiana,Abita Springs Water Company,Metairie,,08/29/2007,,,Bottled Water Manufacturing,Louisiana,155,06/14/2007,,,,
Louisiana,Capital One-Indirect Collections,Denham Springs,,08/15/2007,,,Sales Financing,Louisiana,65,06/12/2007,,,,
Louisiana,"Tembec USA, LLC",St. Francisville,,07/31/2007,,,Paper Mill,Louisiana,539,06/01/2007,,,,
Louisiana,Lockheed Martin Government Services Inc.,New Orleans,,07/31/2007,,,Data Processing and Related Services,Louisiana,28,05/25/2007,,,,
Louisiana,McKesson Specialty Pharmacy,Harahan,,03/30/2007,,,Pharmarcy Products Distribution,Louisiana,10,03/30/2007,,,,
Louisiana,Murphy Exploration & Production Company,New Orleans,,06/01/2007,,,Crude Oil Exploration and Petroleum Production,Louisiana,120,03/14/2007,,,,
Louisiana,Marsulex Refinery Environmental Services,Baton Rouge,,03/31/2007,,,Refinery Environmental Services,Louisiana,78,02/07/2007,,,,
Louisiana,Martco Limited Partnership,LeMoyen,,01/30/2007,,,Manufacturing of Reconstituted Wood Products,Louisiana,195,01/30/2007,,,,
Louisiana,McKesson Specialty Pharmacy,Harahan,,03/29/2007,,,Pharmarcy Products Distribution,Louisiana,88,01/25/2007,,,,
Louisiana,Bellsouth Telecommunications,Hammond,,03/10/2007,,,Call Center,Louisiana,65,01/18/2007,,,,
Louisiana,Morton International,New Iberia,,04/06/2007,,,Salt Mining,Louisiana,55,01/12/2007,,,,
Louisiana,Sewell Cadillac Incorporated,New Orleans,,03/06/2007,,,Automotive Dealership,Louisiana,98,01/08/2007,,,,
Louisiana,International Shipholding,New Orleans,,03/31/2007,,,"Sea, Coastal, and Great Lakes Transportation",Louisiana,28,01/03/2007,,,,
