state,company,city,notice_date,layoff_date,employees_affected,closure_type,notes,State,WARN Received Date,Closure/Layoff,Temporary/Permanent,Union,Region,Industry,Notes
Rhode Island,Ideal US Talent Systems Worker OpCo LLC ,Remote,,2026-07-01 00:00:00,2.0,,,Rhode Island,2026-05-05,,,,,,"2 remote workers affected in RI; 9,891 affected nationwide"
Rhode Island,"Allied Group, LLC",Cumberland,,05/05/2026-06/06/2026,154.0,,,Rhode Island,2026-03-31,Closure,,,,,
Rhode Island,Northeast Transportation Services LLC,Pawtucket,,2026-05-09 00:00:00,52.0,,,Rhode Island,2026-03-19,Closure,,Teamsters Local 251,,,
Rhode Island,EaglePicher,East Greenwich,,2026-03-15 00:00:00,38.0,,,Rhode Island,2026-01-13,Closure,,,,,
Rhode Island,UNFI,Lincoln,,2025-11-14 00:00:00,2.0,,,Rhode Island,2025-09-10,Layoff,,,,,
Rhode Island,Hotel Viking,Newport,,2025-11-05 00:00:00,105.0,,,Rhode Island,2025-09-03,Layoff,,,,,
Rhode Island,Vertex Pharmaceuticals,Providence,,2025-08-05 00:00:00,125.0,,,Rhode Island,2025-06-06,Layoff,,,,,
Rhode Island,UNFI,Lincoln,,2025-05-23 00:00:00,20.0,,,Rhode Island,2025-03-20,Closure,,,,,
Rhode Island,CVS,Woonsocket,,2025-06-07 00:00:00,38.0,,,Rhode Island,2025-02-06,Layoff,,,,,
Rhode Island,CVS,Woonsocket,,2025-01-25 00:00:00,796.0,,,Rhode Island,2024-11-25,Layoff,,,,,
Rhode Island,UNFI,Lincoln,,2025-01-24 00:00:00,121.0,,,Rhode Island,2024-11-21,Layoff,,,,,
Rhode Island,Gannett Publishing,Providence,,2025-03-10 00:00:00,136.0,,,Rhode Island,2024-11-12,Closure,,"Teamsters Local 251, 1201 Elmwood Ave., Prov., RI 02907, Teamsters Local 3, Graphic Communications Conference, 1073 Hancock St., Suite 303, Quincy, MA 02169",,,
Rhode Island,CVS,Statewide,,12/08/2024-12/21/2024,632.0,,,Rhode Island,2024-10-07,Layoff,,,,,
Rhode Island,Kaleo,Statewide,,2024-11-30 00:00:00,1.0,,,Rhode Island,2024-10-02,Layoff,,,,,
Rhode Island,Riley Power Group,North Kingston,,11/22/2024-12/06/2024,13.0,,,Rhode Island,2024-09-25,,,,,,
Rhode Island,Riley Power Group,North Kingston,,10/21/2024-11/04/2024,117.0,,,Rhode Island,2024-08-22,,,,,,
Rhode Island,Ennovi Advanced Mobility Solutions Rhode Island Inc,East Providence,,2025-01-01 00:00:00,205.0,,,Rhode Island,2024-07-31,Closure,,,,,
Rhode Island,Kirby Perkins Construction,Middletown,,2024-09-06 00:00:00,58.0,,,Rhode Island,2024-07-12,Layoff,,,,,
Rhode Island,The Claflin Company,Warwick,,2024-07-15 00:00:00,30.0,,,Rhode Island,2024-05-20,Layoff,,"Rhode Island laborers' Local Union 1322 of the Laborers' International Union of North America, AFL-CIO, 410 South Main Street, Providence, RI 02903.",,,
Rhode Island,ASM Global,Providence,,2024-06-30 00:00:00,1029.0,,,Rhode Island,2024-05-09,Layoff,,,,,
Rhode Island,National Marker Company (NMC),North Smithfield,,5/2/2024-7/1/2024,36.0,,,Rhode Island,2024-05-02,Closure,,,,,
Rhode Island,UPS (Update),Warwick,,2024-04-30 00:00:00,16.0,,,Rhode Island,2024-04-01,Layoff,,"Teamsters Local 251, 121 Brightridge Avenue, East Providence, RI 02914",,,additional workers laid off in relation to 2/6/2024 notice
Rhode Island,Volta Inc.,Woonsocket,,2024-05-01 00:00:00,1.0,,,Rhode Island,2024-04-01,Closure,,,,,
Rhode Island,Lakeside Book Company,Cumberland,,2024-11-15 00:00:00,48.0,,,Rhode Island,2024-02-27,Closure,,,,,
Rhode Island,UPS,Warwick,,2024-04-02 00:00:00,130.0,,,Rhode Island,2024-02-06,Layoff,,"Teamsters Local 251, 121 Brightridge Avenue, East Providence, RI 02914",,,
Rhode Island,"Los Angeles Times Communications, LLC",Statewide,,2024-01-25 00:00:00,1.0,,,Rhode Island,2024-01-25,Layoff,,,,,
Rhode Island,Newport Harbor Island Resort,Newport,,2023-11-22 00:00:00,136.0,,,Rhode Island,2023-09-22,Closure,,,,,
Rhode Island,CVS Health,Cumberland/Woonsocket,,10/21/2023-12/30/2023,198.0,,,Rhode Island,2023-08-18,Temporary,,,,,
Rhode Island,TPI Composites Inc,Warren,,2023-08-15 00:00:00,52.0,,,Rhode Island,2023-08-15,Closure,,,,,
Rhode Island,"Aramark Facility Services, LLC",Providence,,2023-07-31 00:00:00,211.0,,,Rhode Island,2023-07-05,Closure,,"226 South Main Street #2 Providence, RI 02903",,,
Rhode Island,"Aramark Facility Services, LLC",Providence,,2023-07-31 00:00:00,249.0,,,Rhode Island,2023-07-04,Closure,,"226 South Main Street #2 Providence, RI 02903",,,
Rhode Island,"Sodexo, Inc and Affiliates",Smithfield,,2023-06-09 00:00:00,169.0,,,Rhode Island,2023-05-17,Closure,,"Local Union 1033, 410 S Main Street 3rd floor, Providence, RI 02906",,,
Rhode Island,Northeast Transportation Services LLC,Smithfield,,2023-03-25 00:00:00,75.0,,,Rhode Island,2023-01-23,Closure,,"Teamster Local Union 251 121 Brightridge Ave. East Providence, RI 02914",,,
Rhode Island,Monitronics International Inc (Brinks Home),"Dallas, TX",,2023-03-05 00:00:00,81.0,,,Rhode Island,2023-01-04,Temporary,,,,,
Rhode Island,BayFirst Financial Corporation,Warwick,,2022-09-23 00:00:00,1.0,,,Rhode Island,2022-09-27,Temporary,,,,,
Rhode Island,Rubius Therapeutics,Smithfield,,2022-09-13 00:00:00,77.0,,,Rhode Island,2022-09-13,Temporary,,,,,
Rhode Island,Santander,East Providence,,2022-04-08 00:00:00,198.0,,,Rhode Island,2022-02-02,Temporary,,,,,
Rhode Island,Honeywell,Smithfield,,2021-07-26 00:00:00,464.0,,,Rhode Island,2021-05-26,Temporary,,,,,
Rhode Island,Angelica,Pawtucket,,2021-07-17 00:00:00,94.0,,,Rhode Island,2021-05-18,Closure,,"Teamster Local Union 251 121 Brightridge Ave. East Providence, RI 02914",,,
Rhode Island,Santander,Rhode Island,,2020-10-01 00:00:00,13.0,,,Rhode Island,2020-09-30,Temporary,,,,,COVID-19
Rhode Island,Hotel Viking,Newport,,2020-08-21 00:00:00,40.0,,,Rhode Island,2020-08-25,Temporary,,,,,COVID-19
Rhode Island,Providence Mariott,Providence,,2020-08-14 00:00:00,106.0,,,Rhode Island,2020-08-17,Temporary,,,,,COVID-19
Rhode Island,Omni Hotel & Resorts,Providence,,2020-08-06 00:00:00,272.0,,,Rhode Island,2020-08-13,Temporary,,Yes,,,COVID-19
Rhode Island,RHD Rhode Island,Providence,,2020-09-01 00:00:00,73.0,,,Rhode Island,2020-07-30,Closure,,,,,COVID-19
Rhode Island,Twin River - Lincoln,Lincoln,,2020-08-11 00:00:00,1043.0,,,Rhode Island,2020-07-28,Temporary,,Yes,,,COVID-19
Rhode Island,Twin River - Tiverton,Lincoln,,2020-08-11 00:00:00,296.0,,,Rhode Island,2020-07-28,Temporary,,Yes,,,COVID-19
Rhode Island,"McLaughlin & Moran, Inc",Cranston,,2020-08-01 00:00:00,127.0,,,Rhode Island,2020-07-10,Closure,,"Teamster Local Union 251 121 Brightridge Ave. East Providence, RI 02914",,,COVID-19
Rhode Island,Upserve,Providence,,2020-06-30 00:00:00,65.0,,,Rhode Island,2020-06-30,Temporary,,,,,COVID-19
Rhode Island,YMCA of Pawtucket ,Multiple Locations,,2020-05-22 00:00:00,71.0,,,Rhode Island,2020-06-22,Temporary,,,,,COVID-19
Rhode Island,Newport Marriot,Providence,,2020-03-14 00:00:00,65.0,,,Rhode Island,2020-06-03,Temporary,,,,,COVID-19
Rhode Island,The Preservation Society of Newport County,RI,,2020-05-29 00:00:00,231.0,,,Rhode Island,2020-05-29,Temporary,,,,,COVID-19
Rhode Island,Hotel Viking,Newport,,2020-05-07 00:00:00,72.0,,,Rhode Island,2020-04-27,Temporary,,,,,COVID-19
Rhode Island,Bloomin Brands,RI,,2020-03-16 00:00:00,136.0,,,Rhode Island,2020-04-27,Temporary,,,,,COVID-19
Rhode Island,CB Chadwick-BaRoss,West Warwick,,2020-04-20 00:00:00,1.0,,,Rhode Island,2020-04-23,Temporary,,,,,COVID-19
Rhode Island,Eastern Speciality/Check n GO,RI,,2020-04-21 00:00:00,5.0,,,Rhode Island,2020-04-21,Temporary,,,,,COVID-19
Rhode Island,FGX Int,Smithfield,,2020-04-17 00:00:00,13.0,,,Rhode Island,2020-04-17,Temporary,,,,,COVID-19
Rhode Island,Massage Envy,Cranston,,2020-03-16 00:00:00,51.0,,,Rhode Island,2020-04-14,Temporary,,,,,COVID-19
Rhode Island,Moo,Lincoln,,2020-04-06 00:00:00,110.0,,,Rhode Island,2020-04-04,Temporary,,,,,COVID-19
Rhode Island,The Vanderbuilt,Newport,,2020-03-26 00:00:00,37.0,,,Rhode Island,2020-03-27,Temporary,,,,,COVID-19
Rhode Island,HM Host,Warwick,,2020-03-16 00:00:00,110.0,,,Rhode Island,2020-03-23,Temporary,,,,,COVID-19
Rhode Island,Highgate,Providence,,2020-03-08 00:00:00,146.0,,,Rhode Island,2020-03-23,Temporary,,"Local 26 1010 Station Landing, 4th fl Medford Ma, 02155",,,COVID-19
Rhode Island,Greystone,Lincoln,,2020-03-20 00:00:00,87.0,,,Rhode Island,2020-03-20,Temporary,,,,,COVID-19
Rhode Island,Spectrum Pharmaceuticals,Portsmouth,,2019-04-12 00:00:00,1.0,,,Rhode Island,2019-02-14,Closure,,,,,
Rhode Island,Tuition Management Systems,Warwick,,4/1/2019-8/30/2019,59.0,,,Rhode Island,2019-01-21,Closure,,,,,
Rhode Island,"Agoda Travel Operations USA, Inc.",Providence,,2019-03-18 00:00:00,62.0,,,Rhode Island,2019-01-14,Closure,,,,,
Rhode Island,"DAL Global Services, LLC (DGS)",Warwick,,2018-01-31 00:00:00,51.0,,,Rhode Island,2018-11-09,Temporary,,,,,
Rhode Island,Nordstrom Providence Place,Providence,,2019-01-04 00:00:00,181.0,,,Rhode Island,2018-11-01,Closure,,,,,
Rhode Island,"Hooper Holmes, Inc. dba Provant Health",Warwick,,2018-12-31 00:00:00,92.0,,,Rhode Island,2018-11-01,Closure,,,,,
Rhode Island,Matlet/Group,Pawtucket,,2018-10-09 00:00:00,180.0,,,Rhode Island,2018-10-09,Closure,,,,,
Rhode Island,"United Builders Supply Co., Inc.",Westerly,,2018-11-30 00:00:00,83.0,,,Rhode Island,2018-09-20,Closure,,,,,
Rhode Island,Chase Corp dba Neptco,Pawtucket,,2018-08-27 00:00:00,64.0,,,Rhode Island,2018-06-25,Closure,,IBEW Local 1499,,,
Rhode Island,Pinnacle Logistics,North Kingstown,,2018-07-31 00:00:00,149.0,,,Rhode Island,2018-06-01,Closure,,,,,
Rhode Island,Memorial Hospital of Rhode Island,Pawtucket,,2018-01-12 00:00:00,477.0,,,Rhode Island,2017-11-03,Closure,,United Nurses and Allied Professionals Local 5082,,,
Rhode Island,Benny's,Smithfield,,11/30/2017-12/31/2017,171.0,,,Rhode Island,2017-09-12,Closure,,,,,
Rhode Island,Homemade Real Foods,Cumberland,,2016-05-02 00:00:00,187.0,,,Rhode Island,2016-05-06,Closure,,,,,
Rhode Island,First Student,North Scituate,,2016-06-30 00:00:00,20.0,,,Rhode Island,2016-05-05,Closure,,SEIU Local 1199,,,
Rhode Island,Aramark,Smithfield,,2016-06-07 00:00:00,154.0,,,Rhode Island,2016-04-08,Temporary,,,,,
Rhode Island,Optum,Providence,,4/01/2016-4/07/2016,60.0,,,Rhode Island,2016-02-01,Closure,,,,,
Rhode Island,Sam's Club,Warwick,,2016-02-05 00:00:00,131.0,,,Rhode Island,2016-01-15,Closure,,,,,
Rhode Island,Blue Cross Blue Shield of RI,Providence,,1/04/2016-8/1/2017,241.0,,,Rhode Island,2015-11-18,Temporary,,,,,
Rhode Island,"Fresenius Management Services, Inc.",East Providence,,1/11/2016-3/31/2016,,,,Rhode Island,2015-11-12,Closure,,,,,
Rhode Island,"Teespring, Inc.",Providence,,2015-08-24 00:00:00,70.0,,,Rhode Island,2015-06-25,Temporary,,,,,
Rhode Island,"United Airlines, Inc.'s Airport Operations Division",Warwick,,2015-05-17 00:00:00,57.0,,,Rhode Island,2015-03-11,Closure,,"International Assoc. of Machinists and Aerospace Workers, 1771 Commerce Drive, Suite 103 Elkgrove Village, IL 60007",,,
Rhode Island,Honeywell,Cranston,,5/1/2015-6/30/2016,290.0,,,Rhode Island,2015-03-02,Temporary,,,,,
Rhode Island,IntegraMed Inc.,Providence and Middletown,,2014-09-30 00:00:00,5.0,,,Rhode Island,2014-07-30,Temporary,,,,,
Rhode Island,Cox Communications,West Warwick,,2014-08-31 00:00:00,142.0,,,Rhode Island,2014-07-01,Temporary,,,,,
Rhode Island,Sodexo,Smithfield,,2014-05-15 00:00:00,115.0,,,Rhode Island,2014-03-31,Closure,,USAWR 90 Printery St. Providence,,,
Rhode Island,Money Management International,Lincoln,,2014-01-15 00:00:00,49.0,,,Rhode Island,2013-11-18,Closure,,,,,
Rhode Island,Dessert Services Inc.,Warwick,,2013-11-30 00:00:00,1.0,,,Rhode Island,2013-09-30,Closure,,,,,
Rhode Island,"Landauef Metropolitan, Inc.",Warwick,,2013-10-08 00:00:00,66.0,,,Rhode Island,2013-08-16,Temporary,,,,,
Rhode Island,Essential Salon Products Inc.,Cranston,,2013-05-31 00:00:00,3.0,,,Rhode Island,2013-06-13,Closure,,,,,
Rhode Island,Sodexho Inc,Warwick,,2013-07-30 00:00:00,62.0,,,Rhode Island,2013-05-23,Closure,,,,,
Rhode Island,American Suzuki Motor Corporation,Washington County,,2013-03-14 00:00:00,,,,Rhode Island,2013-01-11,Closure,,,,,
Rhode Island,Portola Tech International Inc.,Cumberland,,2012-08-27 00:00:00,51.0,,,Rhode Island,2012-06-27,Closure,,,,,
Rhode Island,Pawtuxet Village Care & Rehabilitation Center,Cranston,,2012-06-11 00:00:00,150.0,,,Rhode Island,2012-04-12,Closure,,"North America AFL-CIO 410 South Main Street, Providence RI",,,
Rhode Island,"John Crane, Inc.",Cranston,,2012-04-01 00:00:00,70.0,,,Rhode Island,2012-01-31,Closure,,"Sealol Shop Union, 15 Pioneer Ave., Warwick RI 02888",,,
Rhode Island,Lowe’s Home Center,North Kingstown,,2011-10-17 00:00:00,110.0,,,Rhode Island,2011-10-17,Closure,,,,,
Rhode Island,WSI,Newport,,2011-10-30 00:00:00,16.0,,,Rhode Island,2011-09-02,Closure,,,,,
Rhode Island,Lockheed Martin Corp - Global Training & Logistics,Newport,,2011-09-30 00:00:00,9.0,,,Rhode Island,2011-08-03,Closure,,,,,
Rhode Island,BNY Mellon,Pawtucket,,10/28/2011-11/10/2011,98.0,,,Rhode Island,2011-08-01,Closure,,,,,
Rhode Island,Flextronics Americas LLC,"North Kingstown, Providence, Smithfield and Warwick",,,21.0,,,Rhode Island,2011-05-27,Closure,,,,,
Rhode Island,Bank of New York Mellon (BNY Mellon),Pawtucket,,6/6/2011-10/30/2011,98.0,,,Rhode Island,2011-04-01,Closure,,,,,
Rhode Island,Stanley Black & Decker,East Greenwich,,2011-04-11 00:00:00,5.0,,,Rhode Island,2011-02-15,Temporary,,,,,
Rhode Island,"Wal-Mart Stores, Inc. /Sam’s Club",Warwick,,2011-02-18 00:00:00,122.0,,,Rhode Island,2011-01-25,Temporary,,,,,
Rhode Island,Bank of America,Lincoln,,2010-10-01 00:00:00,89.0,,,Rhode Island,2010-08-23,Temporary,,,,,
Rhode Island,Stanley Works Nail Dept.,East Greenwich,,10/1/2010-12/17/2010,26.0,,,Rhode Island,2010-02-08,Temporary,,,,,
Rhode Island,Stanley Works Nail Dept.,East Greenwich,,2010-02-08 00:00:00,165.0,,,Rhode Island,2010-02-08,Temporary,,,,,
Rhode Island,The Ski Market,Warwick,,2010-02-01 00:00:00,8.0,,,Rhode Island,2010-01-04,Closure,,,,,
Rhode Island,Liz Clayborne,Lincoln,,4/19/2010-4/30/2010,103.0,,,Rhode Island,2009-11-24,Closure,,"NE Joint Board, Local 324, UNITE HERE",,,
Rhode Island,Leviton Mfg,Warwick,,1/20/2010-2/19/2010,66.0,,,Rhode Island,2009-11-24,Closure,,,,,
Rhode Island,Aramark,Providence,,2009-11-30 00:00:00,80.0,,,Rhode Island,2009-10-08,Temporary,,,,,
Rhode Island,A.T. Cross,Lincoln,,2009-12-01 00:00:00,63.0,,,Rhode Island,2009-10-05,Temporary,,,,,
Rhode Island,A.T. Cross,Lincoln,,2009-03-23 00:00:00,16.0,,,Rhode Island,2009-08-25,Temporary,,,,,
Rhode Island,Victoria & Company,East Providence,,2009-07-07 00:00:00,26.0,,,Rhode Island,2009-07-14,Closure,,,,,
Rhode Island,Portola,Woonsocket,,2009-03-23 00:00:00,130.0,,,Rhode Island,2009-07-14,Closure,,,,,
Rhode Island,HGA Quest,Nationwide - RI,,2009-08-16 00:00:00,10.0,,,Rhode Island,2009-07-02,Temporary,,,,,
Rhode Island,Providence Public Library,Providence,,2009-06-30 00:00:00,171.0,,,Rhode Island,2009-04-29,Temporary,,"United Service & Allied Workers of RI 90 Printery St. Providence, RI 02904",,,
Rhode Island,First Student,Burrillville,,2009-06-30 00:00:00,55.0,,,Rhode Island,2009-04-15,Closure,,,,,
Rhode Island,A.T. Cross,Lincoln,,2009-03-23 00:00:00,14.0,,,Rhode Island,2009-03-23,Temporary,,,,,
Rhode Island,Honeywell,Pawtucket,,2009-05-10 00:00:00,29.0,,,Rhode Island,2009-03-10,Closure,,,,,
Rhode Island,Victoria & Company,East Providence,,2009-05-08 00:00:00,71.0,,,Rhode Island,2009-03-09,Temporary,,,,,
Rhode Island,APC by Schneider Electric,West Warwick,,2009-05-02 00:00:00,54.0,,,Rhode Island,2009-03-06,Closure,,,,,
Rhode Island,Leviton Mfg,Warwick,,2009-05-10 00:00:00,119.0,,,Rhode Island,2009-03-05,Closure,,,,,
Rhode Island,"Colibri Group, Inc.",East Providence and Providence,,2009-01-15 00:00:00,270.0,,,Rhode Island,2009-02-20,Closure,,,,,
Rhode Island,Bank of America,Lincoln,,2009-01-08 00:00:00,121.0,,,Rhode Island,2009-01-12,Temporary,,,,,
