state,company,city,notice_date,layoff_date,employees_affected,closure_type,notes,Address_1__c (WARN Location),Measure Names,Year of Date Received,Address_1__c (WARN Location).1,Company Name.1,Industry Sector,WARN Number
North Carolina,"Conduent Commercial Solutions, LLC",Florham Park NJ,"June 30, 2026","August 28, 2026",67,Permanent Layoff,,100 Campus Dr.,Employees  Impacted,2026,100 Campus Dr.,"Conduent Commercial Solutions, LLC",Admin. & Waste Services,202600041
North Carolina,"Firestone Fibers and Textiles, LLC",Kings Mountain,"January 27, 2026","April 28, 2026",77,Permanent Layoff,Gaston County,100 Firestone Lane,Employees  Impacted,2026,100 Firestone Lane,"Firestone Fibers and Textiles, LLC",Manufacturing,202600009
North Carolina,Parkdale Mills,Lexington,"April 9, 2026","June 7, 2026",68,Permanent Closure,Davidson County,100 Mill St,Employees  Impacted,2026,100 Mill St,Parkdale Mills,Manufacturing,202600029
North Carolina,Merck Sharp & Dohme LLC,Durham,"February 24, 2026","May 1, 2026",7,Permanent Layoff,Durham County,100 Rodolphe Street,Employees  Impacted,2026,100 Rodolphe Street,Merck Sharp & Dohme LLC,Manufacturing,202600016
North Carolina,"Lowe's Companies, Inc.",Charlotte,"February 13, 2026","May 1, 2026",49,Permanent Layoff,Mecklenburg County,100 W Worthington Avenue,Employees  Impacted,2026,100 W Worthington Avenue,"Lowe's Companies, Inc.",Retail Trade,202600014
North Carolina,"Vitacost.com, Inc.",Lexington,"April 29, 2026","July 1, 2026",130,Permanent Closure,Davidson County,130 Lexington Parkway,Employees  Impacted,2026,130 Lexington Parkway,"Vitacost.com, Inc.",Retail Trade,202600032
North Carolina,AVMAC LLC,Jacksonville,"July 23, 2026","August 23, 2026",62,Permanent Layoff,Onslow County,178 Curtis Road,Employees  Impacted,2026,178 Curtis Road,AVMAC LLC,Manufacturing,202600046
North Carolina,"CJ Logistics America, LLC",Rural Hall,"January 20, 2026","March 23, 2026",99,Permanent Closure,Forsyth County,200 Forum Parkway,Employees  Impacted,2026,200 Forum Parkway,"CJ Logistics America, LLC",Transport. & Warehousing,202600008
North Carolina,"Down-Lite International, Inc.",Monroe,"June 4, 2026","August 14, 2026",113,Permanent Closure,Union County,201 Cuthbertson Street,Employees  Impacted,2026,201 Cuthbertson Street,"Down-Lite International, Inc.",Manufacturing,202600035
North Carolina,Perdue Foods Feed Mill,Cofield,"March 16, 2026","April 19, 2026",104,Temporary Closure,Hertford County,242 Perdue Road,Employees  Impacted,2026,242 Perdue Road,Perdue Foods Feed Mill,Manufacturing,202600023
North Carolina,Thermo Fisher Scientific,Asheville,"January 8, 2026","December 31, 2027",423,Permanent Closure,Buncombe County,275 Aiken Road,Employees  Impacted,2026,275 Aiken Road,Thermo Fisher Scientific,Profess. & Technical Services,202600003
North Carolina,SMBC MANUBANK,New York NY,"January 8, 2026","August 3, 2026",19,Permanent Layoff,,277 Park Avenue,Employees  Impacted,2026,277 Park Avenue,SMBC MANUBANK,Finance and Insurance,202600004
North Carolina,LTI Holdings Inc. DBA Boyd,Monroe,"February 11, 2026","September 1, 2026",63,Permanent Closure,Union County,300 Acme Dr.,Employees  Impacted,2026,300 Acme Dr.,LTI Holdings Inc. DBA Boyd,Manufacturing,202600013
North Carolina,ECU Health Home Health and Hospice,Windsor,"April 7, 2026","May 1, 2026",14,Permanent Closure,Bertie County,304 W. Granville St,Employees  Impacted,2026,304 W. Granville St,ECU Health Home Health and Hospice,Health Care,202600028
North Carolina,"Firestone Fibers and Textiles, LLC",Gastonia,"January 27, 2026","April 28, 2026",4,Permanent Layoff,Gaston County,315 S. Dalton Street,Employees  Impacted,2026,315 S. Dalton Street,"Firestone Fibers and Textiles, LLC",Manufacturing,202600009
North Carolina,ECU Health Home Health and Hospice,Kenansville,"April 7, 2026","May 1, 2026",37,Permanent Closure,Duplin County,401 North Main Street,Employees  Impacted,2026,401 North Main Street,ECU Health Home Health and Hospice,Health Care,202600028
North Carolina,Fortrex,Clinton,"March 3, 2026","March 20, 2026",121,Permanent Closure,Sampson County,424 E Railroad Street,Employees  Impacted,2026,424 E Railroad Street,Fortrex,Profess. & Technical Services,202600018
North Carolina,ECU Health Home Health and Hospice,Ahoskie,"April 7, 2026","May 1, 2026",4,Permanent Closure,Hertford County,521 West Myers St,Employees  Impacted,2026,521 West Myers St,ECU Health Home Health and Hospice,Health Care,202600028
North Carolina,DHL Supply Chain,Rural Hall,"June 9, 2026","December 31, 2026",81,Permanent Closure,Forsyth County,540 Northridge Park Drive,Employees  Impacted,2026,540 Northridge Park Drive,DHL Supply Chain,Transport. & Warehousing,202600036
North Carolina,"Avantor Fluid Handling, LLC",Morrisville,"February 6, 2026","July 10, 2026",54,Permanent Closure,Wake County,606 Church St.,Employees  Impacted,2026,606 Church St.,"Avantor Fluid Handling, LLC",Manufacturing,202600012
North Carolina,"Epic Games, Inc.",Cary,"March 24, 2026","March 27, 2026",211,Permanent Layoff,Wake County,620 Crossroads Boulevard,Employees  Impacted,2026,620 Crossroads Boulevard,"Epic Games, Inc.",Profess. & Technical Services,202600027
North Carolina,"Barrette Outdoor Living, Inc.",Salisbury,"July 1, 2026","July 1, 2026",63,Permanent Layoff,Rowan County,745 Mid S Drive,Employees  Impacted,2026,745 Mid S Drive,"Barrette Outdoor Living, Inc.",Manufacturing,202600042
North Carolina,Compass Group USA Inc. dba Chartwells,Chapel Hill,"April 9, 2026","June 12, 2026",91,Permanent Layoff,Orange County,750 S. Merritt Mill Road,Employees  Impacted,2026,750 S. Merritt Mill Road,Compass Group USA Inc. dba Chartwells,Accommodation & Food,202600030
North Carolina,"Mars Petcare US, Inc.",Henderson,"April 20, 2026","December 31, 2026",149,Permanent Closure,Vance County,845 Commerce Drive,Employees  Impacted,2026,845 Commerce Drive,"Mars Petcare US, Inc.",Manufacturing,202600031
North Carolina,"Elevate Textiles, Inc.",Burlington,"July 22, 2026","December 31, 2026",150,Permanent Closure,Alamance County,906 Anthony Street,Employees  Impacted,2026,906 Anthony Street,"Elevate Textiles, Inc.",Manufacturing,202600045
North Carolina,ECU Health Home Health and Hospice,Greenville,"April 7, 2026","May 1, 2026",35,Permanent Closure,Pitt County,920 Wellness Drive,Employees  Impacted,2026,920 Wellness Drive,ECU Health Home Health and Hospice,Health Care,202600028
North Carolina,"Electric Glass Fiber America, LLC",Shelby,"July 6, 2026","September 30, 2027",282,Permanent Layoff,Cleveland County,940 Washburn Switch Road,Employees  Impacted,2026,940 Washburn Switch Road,"Electric Glass Fiber America, LLC",Manufacturing,202600043
North Carolina,"Lowe's Companies, Inc.",Mooresville,"February 13, 2026","May 1, 2026",178,Permanent Layoff,Iredell County,1000 Lowe's Boulevard,Employees  Impacted,2026,1000 Lowe's Boulevard,"Lowe's Companies, Inc.",Retail Trade,202600014
North Carolina,"Asensus Surgical, Inc.",Morrisville,"June 16, 2026","March 31, 2027",108,Permanent Layoff,Wake County,1001 Airport Blvd,Employees  Impacted,2026,1001 Airport Blvd,"Asensus Surgical, Inc.",Manufacturing,202600039
North Carolina,ECU Health Home Health and Hospice,Greenville,"April 7, 2026","May 1, 2026",61,Permanent Closure,Pitt County,1005 WH Smith Blvd,Employees  Impacted,2026,1005 WH Smith Blvd,ECU Health Home Health and Hospice,Health Care,202600028
North Carolina,Wells Fargo,Raleigh,"February 3, 2026","June 27, 2026",138,Permanent Layoff,Wake County,1100 Corporate Center Drive,Employees  Impacted,2026,1100 Corporate Center Drive,Wells Fargo,Finance and Insurance,202600011
North Carolina,Fortrex,Siler City,"January 12, 2026","February 6, 2026",170,Permanent Layoff,Chatham County,1101 East 3rd Street,Employees  Impacted,2026,1101 East 3rd Street,Fortrex,Profess. & Technical Services,202600005
North Carolina,"Focus Services, LLC",Greenville,"February 27, 2026","April 30, 2026",94,Permanent Closure,Pitt County,1130 Sugg Parkway,Employees  Impacted,2026,1130 Sugg Parkway,"Focus Services, LLC",Admin. & Waste Services,202600017
North Carolina,ECU Health Home Health and Hospice,Washington,"April 7, 2026","May 1, 2026",10,Permanent Closure,Beaufort County,1211 Highland Dr,Employees  Impacted,2026,1211 Highland Dr,ECU Health Home Health and Hospice,Health Care,202600028
North Carolina,Carolina West Wireless,Wilkesboro,"June 24, 2026","August 24, 2026",127,Permanent Closure,Wilkes County,1435 US Highway 421 Business,Employees  Impacted,2026,1435 US Highway 421 Business,Carolina West Wireless,Information,202600040
North Carolina,Parkdale Mills,Walnut Cove,"January 15, 2026","January 13, 2026",72,Permanent Closure,Stokes County,1660 US 311 Hwy. North,Employees  Impacted,2026,1660 US 311 Hwy. North,Parkdale Mills,Manufacturing,202600006
North Carolina,"Avelo Airlines, Inc.",Wilmington,"January 7, 2026","March 6, 2026",82,Permanent Closure,New Hanover County,1740 Airport Blvd.,Employees  Impacted,2026,1740 Airport Blvd.,"Avelo Airlines, Inc.",Transport. & Warehousing,202600001
North Carolina,Access East,Greenville,"January 20, 2026","March 31, 2026",31,Permanent Layoff,Pitt County,2100 Stantonsburg Road,Employees  Impacted,2026,2100 Stantonsburg Road,Access East,Health Care,202600007
North Carolina,"Avelo Airlines, Inc.",Morrisville,"January 7, 2026","March 6, 2026",78,Permanent Closure,Wake County,2400 John Brantley Boulevard,Employees  Impacted,2026,2400 John Brantley Boulevard,"Avelo Airlines, Inc.",Transport. & Warehousing,202600002
North Carolina,"Vestis Services, LLC",Lexington KY,"June 15, 2026","August 17, 2026",1,Permanent Layoff,,2680 Palumbo Drive,Employees  Impacted,2026,2680 Palumbo Drive,"Vestis Services, LLC",Other Services,202600038
North Carolina,"Red Storm Entertainment, Inc.",Cary,"March 19, 2026","September 18, 2026",105,Permanent Layoff,Wake County,3001 Weston Pkwy,Employees  Impacted,2026,3001 Weston Pkwy,"Red Storm Entertainment, Inc.","Arts, Entertainment, Rec",202600025
North Carolina,Ubisoft,Cary,"June 10, 2026","August 10, 2026",17,Permanent Layoff,Wake County,3001 Weston Pkwy,Employees  Impacted,2026,3001 Weston Pkwy,Ubisoft,Information,202600037
North Carolina,Prepac Manufacturing US LLC,Whitsett,"March 3, 2026","May 2, 2026",200,Permanent Layoff,Guilford County,3031 Hendren Rd,Employees  Impacted,2026,3031 Hendren Rd,Prepac Manufacturing US LLC,Manufacturing,202600019
North Carolina,"GMRI, Inc. dba Bahama Breeze",Raleigh,"February 3, 2026","April 5, 2026",75,Permanent Closure,Wake County,3309 Wake Forest Drive,Employees  Impacted,2026,3309 Wake Forest Drive,"GMRI, Inc. dba Bahama Breeze",Accommodation & Food,202600010
North Carolina,"Lions Services, Inc.",Charlotte,"May 1, 2026","July 1, 2026",107,Permanent Layoff,Mecklenburg County,4600 North Tryon Street,Employees  Impacted,2026,4600 North Tryon Street,"Lions Services, Inc.",Health Care,202600033
North Carolina,Merck Sharp & Dohme LLC,Durham,"February 24, 2026","May 1, 2026",147,Permanent Layoff,Durham County,5325 Old Oxford Road,Employees  Impacted,2026,5325 Old Oxford Road,Merck Sharp & Dohme LLC,Manufacturing,202600016
North Carolina,AmeriPark LLC and Republic Parking System LLC dba Reimagined Parking,Charlotte,"March 20, 2026","June 30, 2026",188,Permanent Closure,Mecklenburg County,5601 Wilkinson Blvd,Employees  Impacted,2026,5601 Wilkinson Blvd,AmeriPark LLC and Republic Parking System LLC dba Reimagined Parking,Other Services,202600026
North Carolina,"Republic National Distributing Company, LLC",Charlotte,"June 2, 2026","July 31, 2026",39,Permanent Closure,Mecklenburg County,6701-H Northpark Blvd,Employees  Impacted,2026,6701-H Northpark Blvd,"Republic National Distributing Company, LLC",Wholesale Trade,202600034
North Carolina,"Republic National Distributing Company, LLC",Raleigh,"June 2, 2026","July 31, 2026",14,Permanent Closure,Wake County,7221 Becky Circle,Employees  Impacted,2026,7221 Becky Circle,"Republic National Distributing Company, LLC",Wholesale Trade,202600034
North Carolina,C2 Technologies,McLean VA,"March 10, 2026","March 6, 2026",9,Permanent Layoff,,7601 Lewinsville Road,Employees  Impacted,2026,7601 Lewinsville Road,C2 Technologies,Profess. & Technical Services,202600021
North Carolina,Saks & Company LLC,Raleigh,"March 6, 2026","May 31, 2026",43,Permanent Layoff,Wake County,7700 Old Wake Forest Road,Employees  Impacted,2026,7700 Old Wake Forest Road,Saks & Company LLC,Retail Trade,202600020
North Carolina,Corning Incorporated,Tarboro,"February 19, 2026","April 19, 2026",123,Permanent Closure,Edgecombe County,7708 US Hwy 64 Alt W,Employees  Impacted,2026,7708 US Hwy 64 Alt W,Corning Incorporated,Manufacturing,202600015
North Carolina,"Frito Lay, Inc.",Raleigh,"July 10, 2026","September 6, 2026",65,Permanent Closure,Wake County,8924 Midway West Road,Employees  Impacted,2026,8924 Midway West Road,"Frito Lay, Inc.",Manufacturing,202600044
North Carolina,Family Dollar,Matthews,"March 16, 2026","August 12, 2026",373,Permanent Closure,Mecklenburg County,10401 Monroe Road,Employees  Impacted,2026,10401 Monroe Road,Family Dollar,Retail Trade,202600024
North Carolina,"Kenco Logistic Services, LLC",Charlotte,"March 11, 2026","May 17, 2026",86,Permanent Layoff,Mecklenburg County,11907 General Drive,Employees  Impacted,2026,11907 General Drive,"Kenco Logistic Services, LLC",Profess. & Technical Services,202600022
