state,company,city,notice_date,layoff_date,employees_affected,closure_type,notes,State,Union,Industry
Massachusetts,"*Updated* Community Healthlink, Inc. (aka CHL)","Leominster, Webster, Worcester",2026-06-26 00:00:00,2026-08-31 00:00:00,131,,Central,Massachusetts,,
Massachusetts,"Peabody Opco, LLC (fka Christianbook, LLC) and Peabody Fulfillment, LLC (fka Christianbook Fulfillment, LLC) (aka Christianbook Entities)",Peabody,2026-06-24 00:00:00,2026-08-31 00:00:00,125,,Northeast,Massachusetts,,
Massachusetts,The Coca-Cola Company,Northampton,2026-06-15 00:00:00,08/15/2026-11/30/2026,175,,Western,Massachusetts,,
Massachusetts,SMBC Manubank dba JeniusBank,Statewide,2026-06-05 00:00:00,2026-08-03 00:00:00,2,,Statewide,Massachusetts,,
Massachusetts,"*Updated* Community Healthlink, Inc. aka CHL","Leominster, Webster, Worcester",2026-06-04 00:00:00,2026-07-31 00:00:00,127,,Central,Massachusetts,,
Massachusetts,Jabil Inc. aka Jabal - Clinton JHC,Clinton,2026-06-02 00:00:00,08/01/2026-12/01/2026,103,,Central,Massachusetts,,
Massachusetts,Chase Corporation,Oxford,2026-06-01 00:00:00,08/01/2026-12/31/2026,72,,Central,Massachusetts,,
Massachusetts,*Updated* South Shore Elder Services,Braintree,2026-05-26 00:00:00,06/01/2026-6/30/2026,131,,Southeast,Massachusetts,,
Massachusetts,"MCAT, LLC (dba Harborview Treatment)",Cohasset,2026-05-21 00:00:00,2026-05-20 00:00:00,66,,Southeast,Massachusetts,,
Massachusetts,"*Updated* WestRock Services, LLC (aka WestRock and Smurfit Westrock)",Wakefield,2026-05-18 00:00:00,05/18/2026-05/31/2026,24,,Boston,Massachusetts,,
Massachusetts,"Aramark Campus, LLC (dba Aramark)",Lowell,2026-05-13 00:00:00,2026-07-14 00:00:00,54,,Northeast,Massachusetts,,
Massachusetts,"Dover Saddlery, Inc.",Littleton,2026-05-07 00:00:00,07/07/2026-07/20/2026,112,,Central,Massachusetts,,
Massachusetts,"*Updated* Community Healthlink, Inc. (aka CHL)","Leominster, Webster, Worcester",2026-05-07 00:00:00,06/30/2026-07/06/2026,84,,Central,Massachusetts,,
Massachusetts,"Christianbook, LLC and Christianbook Fulfillment, LLC (dba Christianbook Entities)",Peabody,2026-05-05 00:00:00,2026-07-06 00:00:00,50,,Northeast,Massachusetts,,
Massachusetts,Managed Services-IDS (dba Cardinal Health),Tewksbury,2026-05-01 00:00:00,2026-06-30 00:00:00,58,,Northeast,Massachusetts,,
Massachusetts,Community Counseling of Bristol County (aka CCBC),"Attleboro, Brockton, Fall River, New Bedford, Taunton",2026-05-01 00:00:00,06/30/2026-07/13/2026,52,,Southeast,Massachusetts,,
Massachusetts,"Compass Group USA, Inc.",Boston,2026-05-01 00:00:00,2026-07-01 00:00:00,83,,Boston,Massachusetts,,
Massachusetts,"Community Healthlink, Inc. (aka CHL)","Leominster, Webster, Worcester",2026-05-01 00:00:00,2026-06-30 00:00:00,78,,Central,Massachusetts,,
Massachusetts,"Innovative Care Partners, LLC (aka ICP)","Northampton, Pittsfield, West Springfield",2026-04-29 00:00:00,2026-06-30 00:00:00,70,,Western,Massachusetts,,
Massachusetts,Anna Maria College,Paxton,2026-04-23 00:00:00,06/22/2026-06/30/2026,150,,Central,Massachusetts,,
Massachusetts,KAC Logistics,East Taunton,2026-04-22 00:00:00,2026-06-16 00:00:00,40,,Southeast,Massachusetts,,
Massachusetts,Hampshire College,Amherst,2026-04-21 00:00:00,06/16/2026-12/31/2026,199,,Western,Massachusetts,,
Massachusetts,"Replimune, Inc.",Framingham,2026-04-17 00:00:00,04/17/2026-04/24/2026,80,,Metro Southwest,Massachusetts,,
Massachusetts,"*Updated* Replimune, Inc.",Woburn,2026-04-17 00:00:00,04/17/2026-04/24/2026,81,,Boston,Massachusetts,,
Massachusetts,Aloha Logistics LLC,Taunton,2026-04-15 00:00:00,2026-04-17 00:00:00,10,,Southeast,Massachusetts,,
Massachusetts,"Replimune, Inc.",Woburn,2026-04-13 00:00:00,04/13/2026-04/24/2026,63,,Boston,Massachusetts,,
Massachusetts,South Shore Elder Services,Braintree,2026-04-03 00:00:00,06/01/2026-06/30/2026,52,,Southeast,Massachusetts,,
Massachusetts,"Clover Fast Food, Inc. (Clover)",Cambridge,2026-03-30 00:00:00,2026-05-29 00:00:00,182,,Boston,Massachusetts,,
Massachusetts,Walmart,Worcester,2026-03-29 00:00:00,2026-05-29 00:00:00,90,,Central,Massachusetts,,
Massachusetts,"Takeda Pharmaceuticals USA, Inc. dba Takeda",Cambridge,2026-03-25 00:00:00,07/01/2026-12/31/2027,247,,Boston,Massachusetts,,
Massachusetts,*Updated* Charles River Laboratories,Wilmington,2026-03-25 00:00:00,04/24/2026-07/10/2026,71,,Boston,Massachusetts,,
Massachusetts,"*Updated* Revvity, Inc.",Boston,2026-03-24 00:00:00,06/01/2026-03/31/2027,29,,Boston,Massachusetts,,
Massachusetts,"Compass Grou USA, Inc. dba Chartwells",Boston,2026-03-24 00:00:00,2026-05-27 00:00:00,76,,Boston,Massachusetts,,
Massachusetts,"WestRock Services, LLC (aka WestRock or Westrock Smurfit)",Wakefield,2026-03-18 00:00:00,2026-05-18 00:00:00,91,,Boston,Massachusetts,,
Massachusetts,*Updated* Boston Electrometallurgical Corporation (dba Boston Metal),Woburn,2026-03-12 00:00:00,2026-04-21 00:00:00,71,,Boston,Massachusetts,,
Massachusetts,"Goulet Trucking, Inc.",South Deerfield,2026-03-02 00:00:00,2026-04-18 00:00:00,144,,Western,Massachusetts,,
Massachusetts,Boston Electrometallurgical Corporation (dba Boston Metal),Woburn,2026-02-20 00:00:00,2026-03-14 00:00:00,71,,Boston,Massachusetts,,
Massachusetts,*Updated* Charles River Laboratories,Wilmington,2026-02-19 00:00:00,04/24/2026-07/24/2026,71,,Boston,Massachusetts,,
Massachusetts,"Legends Global (dba Legends Attractions, LLC and Legends Music, LLC)",Boston,2026-02-18 00:00:00,2026-04-22 00:00:00,41,,Boston,Massachusetts,,
Massachusetts,"AE Regional Distribution Co., LLC (formerly known as Quiet Logistics, Inc.)",Devens,2026-02-11 00:00:00,04/12/2026-05/06/2026,103,,Central,Massachusetts,,
Massachusetts,Saks & Company LLC (dba Neiman Marcus),Boston,2026-02-10 00:00:00,04/11/2026-04/30/2026,73,,Boston,Massachusetts,,
Massachusetts,Garlock Flexibles,Gardner,2026-02-09 00:00:00,04/30/2026-09/30/2026,91,,Central,Massachusetts,,
Massachusetts,Smithfield Packaged Meats Corp.,Springfield,2026-02-06 00:00:00,04/10/2026-09/11/2026,190,,Western,Massachusetts,,
Massachusetts,"Zipcar, Inc. dba Zipcar",Boston,2026-01-30 00:00:00,04/01/2026-04/14/2026,65,,Boston,Massachusetts,,
Massachusetts,"Panera, LLC dba Panera",Franklin,2026-01-26 00:00:00,03/25/2026-03/27/2026,92,,Metro Southwest,Massachusetts,,
Massachusetts,Thermo Fisher Scientific,Franklin,2026-01-23 00:00:00,12/31/2026-12/31/2027,103,,Metro Southwest,Massachusetts,,
Massachusetts,"Medford CPL, Inc.",Medford,2026-01-16 00:00:00,2026-03-17 00:00:00,63,,Boston,Massachusetts,,
Massachusetts,"Takeda Pharmaceuticals America, Inc. (dba Takeda)",Cambridge,2026-01-15 00:00:00,2026-01-14 00:00:00,3,,Boston,Massachusetts,,
Massachusetts,CRRC MA,Springfield,2026-01-15 00:00:00,2026-03-16 00:00:00,180,,Western,Massachusetts,,
Massachusetts,SMBC Manubank (dba JeniusBank),Statewide,2026-01-14 00:00:00,2026-03-10 00:00:00,161,,Statewide,Massachusetts,,
Massachusetts,"Curia Global, Inc.",Burlington,2026-01-14 00:00:00,03/10/2026-06/01/2026,81,,Boston,Massachusetts,,
Massachusetts,"Labcorp Early Development Laboratories, Inc., and Laboratory Corporation of America Holding (dba Labcorp)",Bedford,2026-01-08 00:00:00,03/09/2026-01/14/2027,94,,Metro Southwest,Massachusetts,,
Massachusetts,"Tessera Therapeutics, Inc.",Somerville,2026-01-07 00:00:00,2026-03-08 00:00:00,82,,Boston,Massachusetts,,
Massachusetts,"Smyth Companies, LLC",Wilmington,2025-12-19 00:00:00,03/01/2026-07/01/2026,69,,Boston,Massachusetts,,
Massachusetts,"*Updated* Charles River Laboratories, Inc.",Wilmington,2025-12-16 00:00:00,01/06/2026-06/26/2026,71,,Boston,Massachusetts,,
Massachusetts,"ImmunityBio, Inc.",Woburn,2025-12-08 00:00:00,2026-01-30 00:00:00,1,,Boston,Massachusetts,,
Massachusetts,Eastern Bank,Brockton,2025-12-08 00:00:00,02/21/2026-05/31/2026,75,,Southeast,Massachusetts,,
Massachusetts,"Rebel Restaurants, Inc. (dba Tony C's and Temazcal)",Boston,2025-12-08 00:00:00,2026-01-31 00:00:00,84,,Boston,Massachusetts,,
Massachusetts,"Dental Benefit Management, Inc. (dba BeneCare Dental Plans)",Worcester,2025-12-02 00:00:00,01/31/2026-03/31/2026,50,,Central,Massachusetts,,
Massachusetts,"*Updated* Revvity, Inc.",Lawrence,2025-12-01 00:00:00,12/09/2025-12/31/2026,52,,Northeast,Massachusetts,,
Massachusetts,"SynQor, Inc.",Boxborough,2025-11-25 00:00:00,02/01/2026-04/01/2026,250,,Metro Southwest,Massachusetts,,
Massachusetts,Nordstrom,Statewide,2025-11-20 00:00:00,03/01/2026-04/30/2026,2,,Statewide,Massachusetts,,
Massachusetts,"Charles River Laboratories, Inc.",Wilmington,2025-11-07 00:00:00,01/06/2026-06/26/2026,68,,Boston,Massachusetts,,
Massachusetts,Empire Hospitality LLC (dba Westford Regency Inn & Conference Center),Westford,2025-10-16 00:00:00,2025-12-19 00:00:00,62,,Northeast,Massachusetts,,
Massachusetts,The Fresh Market,Framingham,2025-10-14 00:00:00,2025-12-14 00:00:00,50,,Metro Southwest,Massachusetts,,
Massachusetts,"Revvity, Inc.",Lawrence,2025-10-08 00:00:00,01/01/2026-12/31/2026,51,,Northeast,Massachusetts,,
Massachusetts,"*Updated* Revvity, Inc.",Boston,2025-10-03 00:00:00,11/01/2025-08/31/2028,76,,Boston,Massachusetts,,
Massachusetts,"Takeda Development Center Americas, Inc.",Cambridge,2025-10-01 00:00:00,01/01/2026-07/31/2026,137,,Boston,Massachusetts,,
Massachusetts,"*Updated* AlerisLife, Inc.",Newton,2025-09-30 00:00:00,11/03/2025-03/31/2026,179,,Metro Southwest,Massachusetts,,
Massachusetts,"TJX Companies, Inc.",Boston,2025-09-22 00:00:00,2026-01-05 00:00:00,117,,Boston,Massachusetts,,
Massachusetts,"Piedmont Airlines, Inc.",Boston,2025-09-22 00:00:00,2025-11-18 00:00:00,61,,Boston,Massachusetts,,
Massachusetts,"Revvity, Inc.",Boston,2025-09-10 00:00:00,11/01/2025-08/31/2028,74,,Boston,Massachusetts,,
Massachusetts,"AlerisLife, Inc.",Newton,2025-09-03 00:00:00,11/03/2025-12/31/2025,179,,Metro Southwest,Massachusetts,,
Massachusetts,"NGP Management, LLC (Dunkin' Franchisee)",Haverhill,2025-09-02 00:00:00,11/03/2025-11/27/2025,74,,Northeast,Massachusetts,,
Massachusetts,"Airborn, a Molex Company",Taunton,2025-08-20 00:00:00,12/31/2025-12/31/2026,86,,Southeast,Massachusetts,,
Massachusetts,Tuscan Brands Kitchen,Burlington,2025-08-19 00:00:00,2025-08-04 00:00:00,38,,Boston,Massachusetts,,
Massachusetts,"SDH Services East, LLC dba Sodexo",Brockton,2025-08-18 00:00:00,2025-09-30 00:00:00,64,,Southeast,Massachusetts,,
Massachusetts,"*Updated* Kovalus Separation Solutions, LLC",Wilmington,2025-08-08 00:00:00,10/15/2025-12/01/2025,80,,Boston,Massachusetts,,
Massachusetts,"Cold Chain Technologies, LLC",Franklin,2025-08-04 00:00:00,10/01/2025-12/31/2025,82,,Metro Southwest,Massachusetts,,
Massachusetts,Ayr Wellness Massachusetts - M3,Milton,2025-07-31 00:00:00,2025-09-29 00:00:00,157,,Central,Massachusetts,,
Massachusetts,"Sarepta Therapeutics, Inc.","Cambridge, Andover, Bedford",2025-07-17 00:00:00,2025-07-18 00:00:00,493,,"Boston, Northeast, Metro Southwest",Massachusetts,,
Massachusetts,GSK plc.,Cambridge,2025-07-16 00:00:00,10/04/2025-03/31/2026,150,,Boston,Massachusetts,,
Massachusetts,"Hannaford Bros. Co., LLC",Marlborough,2025-07-14 00:00:00,2025-09-13 00:00:00,160,,Metro Southwest,Massachusetts,,
Massachusetts,"Azurity Pharmaceuticals, Inc.",Wilmington,2025-07-08 00:00:00,09/12/2025-12/31/2025,75,,Boston,Massachusetts,,
Massachusetts,S&C Corp,Bridgewater,2025-07-02 00:00:00,2025-06-15 00:00:00,63,,Southeast,Massachusetts,,
Massachusetts,"Sage Therapeutics, Inc.",Cambridge,2025-06-26 00:00:00,2025-08-22 00:00:00,338,,Boston,Massachusetts,,
Massachusetts,First Wave Logistics LLC,Bridgewater,2025-06-25 00:00:00,06/17/20225-07/15/2025,72,,Southeast,Massachusetts,,
Massachusetts,Unistress Corp. & Berkshire Concrete Corp.,Pittsfield,2025-06-25 00:00:00,07/07/2025-08/25/2025,233,,West,Massachusetts,,
Massachusetts,"ImmunityBio, Inc.",Woburn,2025-06-11 00:00:00,07/29/2025-08/12/2025,3,,Boston,Massachusetts,,
Massachusetts,"Feeney Brothers Excavation, LLC",Worcester,2025-05-28 00:00:00,04/15/2025-05/16/2025,76,,Central,Massachusetts,,
Massachusetts,"Vor Biopharma, Inc.",Cambridge,2025-05-28 00:00:00,05/08/2025-07/15/2025,155,,Boston,Massachusetts,,
Massachusetts,Brightcove Inc. (Updated),Boston,2025-05-23 00:00:00,05/23/2025-08/31/2025,1,,Boston,Massachusetts,,
Massachusetts,"Factory Motor Parts (""FMP"")",Avon,2025-05-20 00:00:00,2025-05-23 00:00:00,67,,Metro Southwest,Massachusetts,,
Massachusetts,Berkeley Retirement Home,Lawrence,2025-05-19 00:00:00,2025-08-31 00:00:00,43,,Northeast,Massachusetts,,
Massachusetts,GMRI Inc. dba Bahama Breeze,Tyngsborough,2025-05-15 00:00:00,2025-05-15 00:00:00,73,,Northeast,Massachusetts,,
Massachusetts,"Feeney Brothers Excavation, LLC (Updated)",Boston,2025-05-12 00:00:00,2025-05-02 00:00:00,15,,Boston,Massachusetts,,
Massachusetts,Rockland Trust Company,Lowell,2025-05-12 00:00:00,07/01/2025-12/31/2025,125,,three locations in Lowell,Massachusetts,,
Massachusetts,Lockheed Martin Missiles and Fire Control,Andover,2025-05-06 00:00:00,2025-07-05 00:00:00,64,,Northeast,Massachusetts,,
Massachusetts,"Feeney Brothers Excavation, LLC",Lawrence,2025-05-05 00:00:00,2025-05-02 00:00:00,5,,Northeast,Massachusetts,,
Massachusetts,"Making Opportunities Count, Inc.",Ayer,2025-05-02 00:00:00,2025-06-30 00:00:00,11,,Central,Massachusetts,,
Massachusetts,"Making Opportunities Count, Inc.",Auburn,2025-05-02 00:00:00,2025-06-30 00:00:00,8,,Central,Massachusetts,,
Massachusetts,"Making Opportunities Count, Inc.",Milford,2025-05-02 00:00:00,2025-06-30 00:00:00,6,,Central,Massachusetts,,
Massachusetts,"Making Opportunities Count, Inc.",Concord,2025-05-02 00:00:00,2025-06-30 00:00:00,11,,Metro Southwest,Massachusetts,,
Massachusetts,"Feeney Brothers Excavation, LLC",Boston,2025-04-30 00:00:00,2025-12-31 00:00:00,20,,Boston,Massachusetts,,
Massachusetts,Symbotic LLC,Andover,2025-04-29 00:00:00,2025-06-27 00:00:00,400,,Northeast,Massachusetts,,
Massachusetts,Bard College at Simon's Rock,Great Barrington,2025-04-28 00:00:00,06/30/2025-12/31/2025,116,,,Massachusetts,,
Massachusetts,SambaNova,Remote,2025-04-23 00:00:00,2025-04-22 00:00:00,2,,Remote,Massachusetts,,
Massachusetts,"Ono Pharma USA, Inc.(the""Company"" or ""OPUS"")",Cambridge,2025-04-22 00:00:00,2025-06-30 00:00:00,83,,Boston,Massachusetts,,
Massachusetts,"WeDriveU DBA Kiessling Transit, Inc.",Farmington,2025-04-21 00:00:00,2025-06-30 00:00:00,7,,Metro Southwest,Massachusetts,,
Massachusetts,"Brockton Neighborhood Health Center, Inc. (BNHC)",Brockton,2025-04-17 00:00:00,2025-04-16 00:00:00,65,,Southeast,Massachusetts,,
Massachusetts,"Feeney Brothers Excavation, LLC",Lawrence,2025-04-16 00:00:00,04/25/2025-07/31/2025        ,30,,Northeast,Massachusetts,,
Massachusetts,"Mural Oncology, Inc.",Waltham,2025-04-16 00:00:00,06/14/2025-11/01/2025,117,,Metro Southwest,Massachusetts,,
Massachusetts,"Polyfoam, LLC (d.b.a., Altor Solutions)",Northbridge,2025-04-11 00:00:00,2025-06-09 00:00:00,83,,Central,Massachusetts,,
Massachusetts,"WeDriveU DBA Kiessling Transit, Inc.",Framingham,2025-04-09 00:00:00,2025-06-30 00:00:00,124,,Metro Southwest,Massachusetts,,
Massachusetts,"Making Opportunities Count, Inc.",Watertown,2025-04-04 00:00:00,2025-06-30 00:00:00,8,,Metro Southwest,Massachusetts,,
Massachusetts,"Making Opportunities Count, Inc.",Gardner,2025-04-04 00:00:00,2025-06-30 00:00:00,10,,Central,Massachusetts,,
Massachusetts,"American Institutes of Research (""AIR"")",Waltham,2025-04-02 00:00:00,2025-06-01 00:00:00,9,,Metro Southwest,Massachusetts,,
Massachusetts,Federal Express Corporation ORHA location,West Boylston,2025-04-01 00:00:00,2025-06-02 00:00:00,78,,Central,Massachusetts,,
Massachusetts,Ariston Group LLC,East Freetown,2025-03-27 00:00:00,06/01/2025-12/31/2025,73,,Southeast,Massachusetts,,
Massachusetts,Charter Communications,Worcester,2025-03-26 00:00:00,2025-06-26 00:00:00,174,,Central,Massachusetts,,
Massachusetts,Block Inc.,Remote,2025-03-25 00:00:00,2025-05-24 00:00:00,5,,Remote,Massachusetts,,
Massachusetts,Summit Delivery Solutions LLC,East Taunton,2025-03-20 00:00:00,2025-03-31 00:00:00,101,,Southeast,Massachusetts,,
Massachusetts,"American Institute of Research (""AIR"")",Waltham,2025-03-11 00:00:00,2025-05-19 00:00:00,12,,Metro Southwest,Massachusetts,,
Massachusetts,Brightcove Inc.,Boston,2025-03-10 00:00:00,03/10/2025-07/31/2025,65,,Boston,Massachusetts,,
Massachusetts,"G2 Secure Staff, LLC (Supplemental)",Boston,2025-03-10 00:00:00,2025-05-09 00:00:00,70,,Boston,Massachusetts,,
Massachusetts,"RWE Offshore Wind Services, LLC",Boston,2025-03-07 00:00:00,2025-05-06 00:00:00,73,,Boston,Massachusetts,,
Massachusetts,Synventive Molding Solutions,Peabody,2025-03-03 00:00:00,04/25/2025-08/31/2025,40,,Northeast,Massachusetts,,
Massachusetts,CVS Health,Wellesley,2025-02-28 00:00:00,2025-05-03 00:00:00,183,,"3 MA residents; 180 out of state remote employees reporting to office, affected",Massachusetts,,
Massachusetts,"Making Opportunities Count, Inc.",Westminster,2025-02-28 00:00:00,2025-04-30 00:00:00,10,,Central,Massachusetts,,
Massachusetts,"Making Opportunities Count, Inc.",Acton,2025-02-28 00:00:00,2025-04-30 00:00:00,10,,Central,Massachusetts,,
Massachusetts,"Kovalus Separation Solutions, LLC",Boston,2025-02-25 00:00:00,04/30/2025-06/30/2025,100,,Boston,Massachusetts,,
Massachusetts,"G2 Secure Staff, LLC",Boston,2025-02-14 00:00:00,2025-04-16 00:00:00,528,,Boston,Massachusetts,,
Massachusetts,"Kennametal, Inc.",Greenfield,2025-02-12 00:00:00,2025-04-15 00:00:00,54,,West,Massachusetts,,
Massachusetts,Thermo Fisher Scientific,"Cambridge, Plainville       ",2025-01-31 00:00:00,2025-03-30 00:00:00,300,,"Boston, Metro Southwest",Massachusetts,,
Massachusetts,"Connecticut Pie, LLC DBA Diana's Bakery",Agawam,2025-01-30 00:00:00,2025-03-31 00:00:00,229,,West,Massachusetts,,
Massachusetts,Immunity Bio. Inc.,Burlington,2025-01-29 00:00:00,2025-03-25 00:00:00,1,,Remote,Massachusetts,,
Massachusetts,Pharma Cann,Holliston,2025-01-29 00:00:00,2025-03-31 00:00:00,19,,Southeast,Massachusetts,,
Massachusetts,"The Newark Group, Inc.",Fitchburg,2025-01-28 00:00:00,06/30/2025-07/15/2025,71,,West,Massachusetts,,
Massachusetts,DHL Supply Chain,Taunton,2025-01-28 00:00:00,2025-08-08 00:00:00,52,,Southeast,Massachusetts,,
Massachusetts,"Edaron, LLC (""Holyoke facility"")",Holyoke,2025-01-14 00:00:00,2025-06-30 00:00:00,53,,West,Massachusetts,,
Massachusetts,"Edaron, LLC (""South Hadley facility"")",South Hadley,2025-01-14 00:00:00,2025-03-31 00:00:00,24,,West,Massachusetts,,
Massachusetts,Nordstrom North Shore,Peabody,2025-01-07 00:00:00,2025-03-08 00:00:00,134,,Northeast,Massachusetts,,
Massachusetts,Nordstrom South Shore Plaza,Braintree,2025-01-07 00:00:00,2025-03-08 00:00:00,166,,Southeast,Massachusetts,,
