state,company,city,notice_date,layoff_date,employees_affected,closure_type,notes,NAICS  Code,Local Area,Total  Employees,Effective  Date
Maryland,Crosby Marketing Communications,"705 Melvin Avenue Annapolis, MD 21401",08/25/2026,,,Mass Layoff- No Recall,,541810,Anne Arundel County,20,10/30/2026
Maryland,Amentum,"7710 Milestone Parkway Hanover, MD 21076",08/18/2026,,,Mass Layoff- No Recall,,541330,Anne Arundel County,65,11/13/2026
Maryland,Amentum,"7710 Milestone Parkway Hanover, MD 21076",08/18/2026,,,Mass Layoff- No Recall,,561210,Anne Arundel County,317,10/31/2026
Maryland,Stanley Black & Decker,"625 Hanover Pike Hampstead, MD 21074",08/19/2026,,,Plant Closure,,332510,Carroll,55,10/23/2026 - 03/26/2027
Maryland,"Mulford Construction Co., Inc.","PO Box 60 Barstow, MD 20610",08/14/2026,,,Plant Closure,,238990,Southern Maryland,69,08/17/2026
Maryland,"Kolon TissueGene, Inc.","9713 Key West Avenue, Rockville Maryland 20850",08/14/2026,,,Mass Layoff - No Recall,,541714,Montgomery County,37,08/31/2026
Maryland,"Savista, LLC","4920 Elm Street Bethesda, MD 20814",08/14/2026,,,Mass Layoff- No Recall,,561110,Montgomery County,39,10/15/2026 - 12/31/2026
Maryland,SMBC Manubank,"277 Park Avenue New York, NY 10172",08/10/2026,,,Mass Layoff - No Recall,,522110,Statewide,2 (Remote workers in MD),10/09/2026
Maryland,Grassroots Crisis Intervention Center,"8990 Old Annapolis Road, Ste. A, Columbia, MD 21045",08/06/2026,,,Mass-Layoff - No Recall,,624190,Howard County,60,9/29/2026
Maryland,"Karna, LLC","6404 Ivy Lane, Suite 620, Greenbelt, MD 20770",08/06/2026,,,Plant Closure,,541990,Prince Georgeâs County,38,11/30/2026
Maryland,"Emergent Biosolutions, Inc.","300 Professional Drive, Gaithersburg, MD 20879",08/05/2026,,,Mass Layoff - No Recall,,541715,Montgomery County,34,10/04/2026
Maryland,EchoStar Corporation (Lakewood facility),"100 Lakeforest Blvd. Gaithersburg, MD 20877",07/24/2026,,,Mass Layoff - No Recall,,334220,Montgomery County,42,09/22/2026
Maryland,EchoStar Corporation (Germantown EXM facility),"11717 Exploration Lane Germantown, MD 20876",07/24/2026,,,Mass Layoff - No Recall,,334220,Montgomery County,48,09/22/2026
Maryland,EchoStar Corporation (Germantown EXP facility),"19710 Observation Drive Germantown, MD 20876",07/24/2026,,,Mass Layoff - No Recall,,334220,Montgomery County,240,09/22/2026
Maryland,RP Professional Services LLC,"44927 George Washington Blvd. Ashburn, VA 20147",07/24/2026,,,Mass Layoff - No Recall,,541611,Statewide,4(Remote workers in MD),09/24/2026
Maryland,"Taft Broadcasting, LLC",6700 Taylor Avenue,07/20/2026,,,Mass Layoff - No Recall,,541990,Anne Arundel,2,09/30/2026
Maryland,Dejana Truck and Utility Equipment,"6901 Rolling Mill Road Baltimore, MD 21224",07/07/2026,,,Temporary Furlough,,336211,Baltimore County,39,07/08/2026 - 08/17/2026
Maryland,ZeniMax Online Studios,"200 International Circle Cockeysville, MD 21030",07/06/2026,,,Mass Layoff - No Recall,,518210,Baltimore County,213,09/04/2026
Maryland,ZeniMax Media Inc.,"1370 Piccard Drive Rockville, MD 21030",07/06/2026,,,Mass Layoff - No Recall,,511210,Montgomery County,166,09/04/2026
Maryland,"Pioneer Cladding & Glazing Systems, Inc.","1407 Parker Road Halethorpe, MD 21227",07/06/2026,,,Mass Layoff - Temporary,,238150,Baltimore County,17,09/04/2026
Maryland,General Dynamics Information Technology,"19901 Germantown Road Germantown, MD 20874",07/02/2026,,,Mass Layoff - No Recall,,541512,Montgomery County,32,08/31/2026
Maryland,Kirson Medical LLC,"8801 Kelso Drive Essex, MD 21221",07/01/2026,,,Plant Closure,,456199,Baltimore County,20,07/26/2026
Maryland,"Conduent Commercial Solutions, LLC","100 Campus Drive Florham Park, NJ 07932",06/29/2026,,,Mass Layoff - No Recall,,561990,Statewide,5 (Remote workers in MD),08/28/2026
Maryland,The Banner School Inc,"217 Dill Avenue Frederick, MD 21702",06/26/2026,,,Plant Closure,,611110,Frederick,19,06/30/2026
Maryland,"Vestis Services, LLC","1035 Alpharetta Street, Suite 2100 Roswell, Georgia 30075",06/15/2026,,,Mass Layoff - No Recall,,812332,Statewide,3 (Remote workers in MD),08/15/2026
Maryland,"F4L TRANS, LLC","5801 Columbia Park Road Hyattsville, MD 20785",06/12/2026,,,Mass Layoff - No Recall,,484121,Prince George's,33,06/13/2026
Maryland,"AGI Ground, Inc.","7050 Friendship Rd Baltimore, MD 21240",06/08/2026,,,Plant Closure,,488119,Anne Arundel,54,05/02/2026 - 06/02/2026
Maryland,Kennedy Krieger Institute,"3901 Greenspring Drive Baltimore, MD 21211",06/4/2026,,,"Mass Layoff - No Recall Note: Performing work at the Center for Autism Services, Science and Innovation- Classrooms",,624410,Baltimore City,8,08/07/2026
Maryland,Kennedy Krieger Institute,"7000 Tudsbury Road Baltimore, MD 21244",06/4/2026,,,Mass Layoff - No Recall Note: Performing work the Early Childhood Development and Education Center,,624410,Baltimore County,18,08/07/2026
Maryland,Federal Express Corporation,"5255 Falcon Drive Salisbury, MD 21804",06/3/2026,,,Mass Layoff - No Recall: Note: Performing work at SBYA facility,,492110,Lower Shore,25,08/03/2026
Maryland,General Dynamics Information Technology,"6555 Rock Spring Drive, Bethesda, MD 20817",05/22/2026,,,Mass Layoff - No Recall,,541330,Montgomery County,34,07/22/2026
Maryland,ChristianaCare,"106 Bow Street Elkton, MD 21921",05/18/2026,,,"Mass Layoff - No Recall Note: Performing work at Family Birth Center located in Union Hospital of Cecil County, Inc.",,622110,Susquehanna,31,07/18/2026
Maryland,U.S. Bank,"4527 Metropolitan Ct Frederick, MD 21704",05/20/2026,,,Mass Layoff,,522110,Frederick,36,07/24/2026
Maryland,"DRB Systems, Inc.","7125 Troy Hill Dr, Elkridge, MD 21075",05/20/2026,,,Plant Closure,,333318,Howard,33,07/27/2026
Maryland,"Diamond Transportation Services, Inc.","3201 Hubbard Road Landover, MD 20785",05/13/2026,,,Plant Closure,,488510,Prince George's,571,05/12/2026
Maryland,"Sibley- Suburban Home Health Agency, Inc. d/b/a Potomac Home Health Care and Potomac Home Support, Inc.","6700A Rockledge Drive, Suite 200 Bethesda, Maryland 20817",05/06/2026,,,Plant Closure,,621610,Montgomery County,163,07/06/2026
Maryland,Tishcon Corp.,"2410 Zion Road & 818 Brown Street Salisbury, MD 21801",05/04/2026,,,Plant Closure,,325412,Lower Shore,134,07/03/2026-12/18/2026
Maryland,Spirit Airlines,"Baltimore Washington International Thurgood Marshall Airport (BWI) 7050 Friendship Rd., Baltimore, MD 21240",05/04/2026,,,Plant Closure,,481111,Anne Arundel,13,05/02/2026
Maryland,"Gilead Sciences, Inc.","800 King Farm Blvd, Suite 600 Rockville, MD 20850",04/30/2026,,,Mass Layoff - No Recall,,325412,Montgomery County,84,06/30/2026 -04/30/2027
Maryland,CBRE Government & Defense Services,"9000 Rockville Pike, Building 10, Room B D19 Bethesda, MD 20892",04/29/2026,,,Mass Layoff - No Recall,,531210,Montgomery County,174,05/17/2026
Maryland,"Tuerk House, Inc.","2700 Rayner Avenue Baltimore, MD 21216",04/29/2026,,,Plant Closure,,624110,Baltimore City,31,06/30/2026
Maryland,Crothall Healthcare,"100 E. Carroll St Salisbury, MD 21801",04/29/2026,,,"Mass Layoff - No Recall Note: Work performed at the clientâs facility, TidalHealth Peninsula Regional",,561720,Lower Shore,109,07/01/2026
Maryland,Apple Inc.,"825 Dulaney Valley Road Towson, Maryland 21204",04/23/2026,,,Plant Closure 	Note: Store located in Towson Town Center Mall,,443142,Baltimore County,78,06/24/2026
Maryland,"Republic National Distributing Company, LLC","8201 Stayton Drive Jessup, MD 20794",04/23/2026,,,Mass Layoff - No Recall,,424820,Howard County,318,06/21/2026
Maryland,"Trulite Glass & Aluminum Services, LLC","2190 Urbana Pike Ijamsville, MD 21754",04/21/2026,,,Plant Closure,,327215,Frederick,21,06/19/2026
Maryland,Stoney River Steakhouse & Grill,"825 Dulaney Valley Road Towson, MD 21204",04/20/2026,,,Plant Closure,,722511,Baltimore County,68,06/26/2026
Maryland,Hendall Inc.,"1803 Research Blvd, Suite 300 Rockville, MD 20850",04/14/2026,,,"Mass Layoff - No RecallNote: Temporary, may become permanent",,541512,Montgomery County,50,06/10/2026
Maryland,Leidos,"3300 Lord Baltimore Drive Windsor Mill, MD 21244",04/06/2026,,,Mass Layoff - No Recall,,334413,Baltimore County,156,06/05/2026
Maryland,"Cox Automotive Corp Svc., LLC","4805 Philadelphia Road Belcamp, MD 21014",04/03/2026,,,Mass Layoff - No Recall,,423110,Susquehanna,70,06/05/2026
Maryland,Leidos,"6910 Cooper Ave Fort Meade, MD 20755",04/02/2026,,,Mass Layoff - No Recall,,541519,Anne Arundel,71,05/31/2026
Maryland,"Tyto Athene, LLC","6910 Cooper Ave Fort Meade, MD 20755",04/02/2026,,,Mass Layoff - No Recall,,541519,Anne Arundel,39,05/31/2026
Maryland,Legacy Supply Chain,"238 Belvidere Road Perryville, MD 21903",04/01/2026,,,Mass Layoff - No Recall,,493110,Susquehanna,21,06/06/2026
Maryland,General Dynamics Information Technology,"5601 Fishers Lane Rockville, MD 20852",04/01/2026,,,Mass Layoff - No Recall,,541330,Montgomery County,74,06/01/2026
Maryland,"*RESCINDED* Advanced Packaging, Inc.","4818 Seton Drive Baltimore, MD 21215",03/31/2026,,,Plant Closure,,326199,Baltimore City,18,06/01/2026
Maryland,Carnegie Institution for Science,"3520 San Martin Drive Baltimore, MD 21218",03/30/2026,,,Mass Layoff - No Recall,,541715,Baltimore City,15,06/30/2026
Maryland,General Dynamics Information Technology,"4600 Sangamore Road Bethesda, MD 20816",03/27/2026,,,Mass Layoff - No Recall,,541330,Montgomery County,21,05/29/2026
Maryland,"Maryland and Virginia Milk Producers Cooperative Association, Inc. d/b/a Maola","8321 Leishear Road Laurel, Maryland 20723",03/26/2026,,,Plant Closure,,311511,Howard County,72,06/01/2026 - 12/31/2026
Maryland,Evonik Corporation,"701 Fountain Street Havre De Grace, MD 21078",03/25/2026,,,Plant Closure,,325180,Susquehanna,34,06/30/2026 - 12/31/2026
Maryland,"PedalPoint EvTerra Recycling, LLC","7118 Geoffrey Way, Unit E Frederick, MD 21704",03/19/2026,,,Plant Closure,,562920,Frederick,17,05/19/2026
Maryland,"Panera, LLC","7801 Dorsey Run Jessup, MD 20794",03/17/2026,,,Plant Closure,,311812,Howard County,118,05/20/2026 - 05/22/2026
Maryland,"Bering Global Solutions, LLC (BGS) - CBD","5813 Bayside Rd Chesapeake Beach, MD 20732",03/13/2026,,,Mass Layoff - No Recall,,561210,Southern Maryland,21,03/31/2026
Maryland,"Bering Global Solutions, LLC (BGS) - Carderock","9500 Macarthur Blvd. Bethesda, MD 20817",03/13/2026,,,Mass Layoff - No Recall,,561210,Montgomery County,6,03/31/2026
Maryland,"Bering Global Solutions, LLC (BGS) - Bethesda","8901 Rockville Pike Bethesda, MD 20889",03/13/2026,,,Mass Layoff - No Recall,,561210,Montgomery County,5,03/31/2026
Maryland,United Source One,"4610 Mercedes Drive, Suite 110  Belcamp, MD 21017",03/11/2026,,,Mass Layoff - No Recall,,424470,Susquehanna,8,03/04/2026
Maryland,Amentum,"10530 Riverview Road  Fort Washington, MD 20744",03/09/2026,,,Mass Layoff - No Recall,,541330,Prince Georgeâs,9,05/03/2026
Maryland,Amentum,"4251 Suitland Road  Suitland, MD 20746",03/09/2026,,,Mass Layoff - No Recall,,541330,Prince Georgeâs,27,05/03/2026
Maryland,"Horizon Therapeutics USA, Inc.","9605 Medical Center Drive, Suite 325  Rockville, MD 20850",03/09/2026,,,Mass Layoff - No Recall,,325412,Montgomery County,22,05/08/2026
Maryland,Saks & Company LLC,"5555 Wisconsin Avenue  Chevy Chase, MD 20815",03/06/2026,,,Plant Closure,,458110,Montgomery County,75,05/06/2026 - 05/31/2026
Maryland,C2 Technologies,"7601 Lewinsville Road, Suite 200  McLean, Virginia 22102",03/06/2026,,,Mass Layoff - No Recall,,611430,Statewide,1,03/06/2026
Maryland,Excelitas,"910 Clopper Road  Gaithersburg, MD 20878",03/03/2026,,,Mass Layoff - No Recall,,335129,Montgomery County,30,05/15/2026 - 10/31/2026
Maryland,"IPIC Theaters, LLC","11830 Grand Park Avenue  North Bethesda, MD 20852",03/02/2026,,,Plant Closure,,711110,Montgomery County,116,04/28/2026
Maryland,Viskon-Aire Corporation,"410 Winfield Avenue  Salisbury, MD 21801",2/24/2026,,,Plant Closure,,333413,Lower Shore,51,04/13/2026- 09/30/2026
Maryland,Duality Ventures LLC,"16604 Industrial Lane  Williamsport, MD 21795",2/23/2026,,,Plant Closure,,492210,Western Maryland,98,03/21/2026
Maryland,"Hornblower Cruises and Events, LLC","575 S. Charles Street, Suite 506, Baltimore, MD 21201",02/19/2026,,,Mass Layoff - No Recall,,487210,Baltimore City,51,04/25/2026
Maryland,"Catalent  Maryland, Inc.","7555 Harmans  Road  Harmans, MD  21077",02/19/2026,,,Mass Layoff - No Recall,,325412,Anne Arundel County,93,04/19/2026
Maryland,"Catalent  Maryland, Inc.","801 West  Baltimore Street  Suite 302  Baltimore, MD  21201",02/19/2026,,,Mass Layoff - No Recall,,325412,Baltimore City,3,04/19/2026
Maryland,Breakthru Beverage Group,"525 Progress Drive, Suite K, Linthicum Heights, MD 21090",02/17/2026,,,Mass Layoff - No Recall,,424820,Anne Arundel County,35,04/18/2026
Maryland,"Loweâs Companies, Inc.","1000 Loweâs Blvd.  Mooresville, NC  28117",02/17/2026,,,Mass Layoff - No Recall,,444110,Statewide,5 (Remote workers in MD),04/19/2026 - 05/01/2026
Maryland,T. Rowe Price,"1307 Point Street  Baltimore, MD 21231",02/12/2026,,,Mass Layoff - No Recall,,523940,Baltimore City,54,02/06/2026
Maryland,Savage  Infrastructure  LLC,"354 Table Rock  Road  Oakland, MD  21550",02/09/2026,,,Plant Closure,,484110,Western Maryland,72,04/07/2026 - 04/21/2026
Maryland,"LifeBridge Suburban Staffing, LLC","2850 N. Ridge Road  Ellicott City, MD",02/06/2026,,,"Plant Closure  Note: Work performed at Ellicott City Ambulatory Surgery Center, L.L.L.P)",,561311,Howard County,23,03/07/2026- 04/06/2026
Maryland,"NFI Interactive Technologies, LLC (NFI)","81 Belvedere Road Perryville, MD 21903",02/04/2026,,,Plant Closure,,484121,Susquehanna,40,03/30/2026
Maryland,"HGS CX Technologies, Inc. f/k/a HGS USA","12120 Rojas Drive El Paso, Texas",02/04/2026,,,Mass Layoff - No Recall,,561499,Statewide,92,03/31/2026 -04/14/2026
Maryland,"Charles River  Laboratories,  Inc.",3600 Cabover  Drive  Hanover MD  21076,02/02/2026,,,Plant Closure,,541715,Anne Arundel County,20,03/23/2026
Maryland,"MUFG Investor  Services (US),  LLC (MUIS)","805 King Farm  Boulevard, Suite  600  Rockville,MD  20850",01/30/2026,,,Mass Layoff - No  Recall,,523920,Montgomery County,86,03/31/2026 -  06/30/2025
Maryland,Saks & Company LLC,"22705 Clarksburg Road  Clarksburg, MD 20871",01/29/2026,,,Plant Closure,,458110,Montgomery County,15,04/30/2026
Maryland,Saks & Company LLC,"7000 Arundel Mills Circle  Hanover, MD 21076",01/29/2026,,,Plant Closure,,458110,Anne Arundel County,16,04/30/2026
Maryland,Amazon - MAF1 facility,"5463 Wisconsin Ave.  Chevy Chase, MD 20815",01/28/2026,,,Plant Closure,,454110,Montgomery County,129,04/28/2026
Maryland,Amazon - MAG5 facility,"8525 Chevy Chase Lake Terrace  Chevy Chase, MD 20815",01/28/2026,,,Plant Closure,,454110,Montgomery County,118,04/28/2026
Maryland,Amazon - MAH5 facility,"15790 Shady Grove Road  Gaithersburg, MD  20877",01/28/2026,,,Plant Closure,,454110,Montgomery County,155,04/28/2026
Maryland,Amazon - MAT8 facility,"6711 Ritchie Highway  Glen Burnie, MD  21061",01/28/2026,,,Plant Closure,,454110,Anne Arundel County,156,04/28/2026
Maryland,Amazon - MAV2 facility,"12263 Prosperity Drive  Silver Spring, MD 20904",01/28/2026,,,Plant Closure,,454110,Montgomery County,184,04/28/2026
Maryland,Weis Store #291,"15300 McMullen  Highway  Cumberland, MD  21502",01/15/2026,,,Plant Closure,,445110,Western Maryland,52,03/16/2026
Maryland,Home Depot  Design Center,"12087 Rockville  Pike  Rockville, MD  20852",01/14/2026,,,Plant Closure,,444110,Montgomery  County,85,03/14/2026
Maryland,Peraton,"6201 Security  Blvd  Woodlawn, MD  21207",01/14/2026,,,Mass Layoff - No Recall,,518210,Baltimore  County,35,02/28/2026
Maryland,"BAE Systems,  Inc.","306 Sentinel  Drive, Suite 500,  Annapolis  Junction, MD  20701",1/2/2026,,,Mass Layoff - No Recall,,541512,Anne Arundel  County,55,03/02/2026 -  04/02/2026
