state,company,city,notice_date,layoff_date,employees_affected,closure_type,notes,source_entry_url
Georgia,AGCO Corporation,,01/07/2025,,3,,GA202400064,https://www.tcsg.edu/warn-public-view/entry/64822/
Georgia,Packaging Corporation of America,,01/09/2025,,103,,GA202400065,https://www.tcsg.edu/warn-public-view/entry/64891/
Georgia,Networx Systems Inc,,01/24/2025,,51,,GA202400067,https://www.tcsg.edu/warn-public-view/entry/65280/
Georgia,Rambo 1 LLC,,01/29/2025,,135,,GA202400068,https://www.tcsg.edu/warn-public-view/entry/65520/
Georgia,"Exel, Inc.",,02/03/2025,,614,,GA202400070,https://www.tcsg.edu/warn-public-view/entry/65683/
Georgia,"Radial, Inc.",,02/04/2025,,164,,GA202400071,https://www.tcsg.edu/warn-public-view/entry/65739/
Georgia,"Hi-Rez Studios, Inc.",,02/04/2025,,69,,GA202400072,https://www.tcsg.edu/warn-public-view/entry/65743/
Georgia,"Integrated Health Resources, LLC",,02/06/2025,,105,,GA202400073,https://www.tcsg.edu/warn-public-view/entry/65814/
Georgia,"American Anesthesiology of Georgia, LLC",,02/20/2025,,224,,GA202400077,https://www.tcsg.edu/warn-public-view/entry/70204/
Georgia,Rent Group Inc.,,02/24/2025,,56,,GA202400078,https://www.tcsg.edu/warn-public-view/entry/70365/
Georgia,Harvest Sherwood Food Distributors,,03/04/2025,,113,,GA202400076,https://www.tcsg.edu/warn-public-view/entry/70594/
Georgia,"Bailey Street Bakery, LLC",,03/04/2025,,176,,GA202400075,https://www.tcsg.edu/warn-public-view/entry/70596/
Georgia,Animal Supply Company LLC,,03/04/2025,,57,,GA202400074,https://www.tcsg.edu/warn-public-view/entry/70601/
Georgia,Archway Marketing Services Inc.,,03/05/2025,,60,,GA202400069,https://www.tcsg.edu/warn-public-view/entry/70634/
Georgia,Macy's Gwinnett Place,,03/05/2025,,62,,GA202400066,https://www.tcsg.edu/warn-public-view/entry/70636/
Georgia,"National Distribution Centers, LLC",,03/11/2025,,90,,GA202400079,https://www.tcsg.edu/warn-public-view/entry/70879/
Georgia,Greif Inc,,03/11/2025,,61,,GA202400080,https://www.tcsg.edu/warn-public-view/entry/70910/
Georgia,"Danimer Scientific Holdings, LLC",,03/14/2025,,82,,GA202400081,https://www.tcsg.edu/warn-public-view/entry/71013/
Georgia,Essendant,,03/20/2025,,64,,GA202400082,https://www.tcsg.edu/warn-public-view/entry/71172/
Georgia,"Block, Inc.",,03/25/2025,,49,,GA202400083,https://www.tcsg.edu/warn-public-view/entry/71296/
Georgia,"Piedmont Athens Regional Medical Center, Inc.",,04/02/2025,,95,,GA202400084,https://www.tcsg.edu/warn-public-view/entry/71452/
Georgia,Saddle Creek Logistics Services,,04/02/2025,,73,,GA202400085,https://www.tcsg.edu/warn-public-view/entry/71461/
Georgia,United States Cellular Corporation,,04/07/2025,,4100,,GA202400086,https://www.tcsg.edu/warn-public-view/entry/72330/
Georgia,"Davis Express, Inc.",,04/16/2025,,163,,GA202400087,https://www.tcsg.edu/warn-public-view/entry/74064/
Georgia,"CoStar Realty Information, Inc.",,04/18/2025,,84,,GA202400088,https://www.tcsg.edu/warn-public-view/entry/74123/
Georgia,"Atco Rubber Products, Inc.",,05/02/2025,,124,,GA202400089,https://www.tcsg.edu/warn-public-view/entry/75115/
Georgia,"Georgia-Pacific, LLC",,05/14/2025,,535,,GA202400090,https://www.tcsg.edu/warn-public-view/entry/75429/
Georgia,WIOSS Atlanta LP,,05/15/2025,,53,,GA202400091,https://www.tcsg.edu/warn-public-view/entry/75453/
Georgia,FedEx Supply Chain Inc's,,05/16/2025,,383,,GA202400092,https://www.tcsg.edu/warn-public-view/entry/75477/
Georgia,"NexTraq, LLC",,05/21/2025,,39,,GA202400094,https://www.tcsg.edu/warn-public-view/entry/75568/
Georgia,TransAxle LLC,,05/23/2025,,209,,GA202400093,https://www.tcsg.edu/warn-public-view/entry/75614/
Georgia,Target Corporation,,06/12/2025,,62,,GA202400096,https://www.tcsg.edu/warn-public-view/entry/76110/
Georgia,"BLST Operating Company, LLC",,06/23/2025,,160,,GA202400097,https://www.tcsg.edu/warn-public-view/entry/76314/
Georgia,Wellpath,,06/23/2025,,68,,GA202400098,https://www.tcsg.edu/warn-public-view/entry/76319/
Georgia,"IG Design Group Americas, Inc.",,06/27/2025,,53,,GA202400099,https://www.tcsg.edu/warn-public-view/entry/76396/
Georgia,"Kelly Services, Inc.",,06/30/2025,,973,,GA202400100,https://www.tcsg.edu/warn-public-view/entry/76417/
Georgia,"Pourlessoins, LLC",,07/02/2025,,8,,GA202500002,https://www.tcsg.edu/warn-public-view/entry/76645/
Georgia,Hyatt Corporation,,07/03/2025,,102,,GA202500001,https://www.tcsg.edu/warn-public-view/entry/76659/
Georgia,Americold Logistics,,07/03/2025,,110,,GA202500003,https://www.tcsg.edu/warn-public-view/entry/76666/
Georgia,"GSC Transport, Inc",,07/10/2025,,4,,GA202500006,https://www.tcsg.edu/warn-public-view/entry/76774/
Georgia,"Quality Built, LLC",,07/14/2025,,4,,GA202500004,https://www.tcsg.edu/warn-public-view/entry/76808/
Georgia,"Whitepath Fab Tech, Inc",,07/14/2025,,42,,GA202500005,https://www.tcsg.edu/warn-public-view/entry/76810/
Georgia,"Backyard PlayNation, LLC",,07/16/2025,,66,,GA202500007,https://www.tcsg.edu/warn-public-view/entry/76860/
Georgia,Americold Logistics,,07/18/2025,,36,,GA202500008,https://www.tcsg.edu/warn-public-view/entry/76878/
Georgia,Community Development Institute Head Start,,07/30/2025,,77,,GA202500011,https://www.tcsg.edu/warn-public-view/entry/77025/
Georgia,Yamaha Motor Manufacturing Corporation,,07/30/2025,,160,,GA202500012,https://www.tcsg.edu/warn-public-view/entry/77027/
Georgia,Americold Logistics,,07/31/2025,,12,,GA202500013,https://www.tcsg.edu/warn-public-view/entry/77035/
Georgia,"Unifi Aviation, LLC",,08/05/2025,,379,,GA202500014,https://www.tcsg.edu/warn-public-view/entry/77121/
Georgia,Americold Logistics,,08/07/2025,,5,,GA202500015,https://www.tcsg.edu/warn-public-view/entry/77148/
Georgia,Block Inc,,08/12/2025,,4,,GA202500016,https://www.tcsg.edu/warn-public-view/entry/77203/
Georgia,"Kinder Morgan, Inc.",,08/14/2025,,42,,GA202500017,https://www.tcsg.edu/warn-public-view/entry/77230/
Georgia,"United Surface Solutions, LLC",,08/14/2025,,112,,GA202500018,https://www.tcsg.edu/warn-public-view/entry/77239/
Georgia,FreshRealm,,08/15/2025,,75,,GA202500019,https://www.tcsg.edu/warn-public-view/entry/77245/
Georgia,Soli Organic Inc.,,08/15/2025,,128,,GA202500020,https://www.tcsg.edu/warn-public-view/entry/77250/
Georgia,International Paper,,08/21/2025,,101,,GA202500022,https://www.tcsg.edu/warn-public-view/entry/77368/
Georgia,International Paper Savannah Mill,,08/21/2025,,691,,GA202500023,https://www.tcsg.edu/warn-public-view/entry/77369/
Georgia,"Newport Timber, LLC",,08/21/2025,,13,,GA202500024,https://www.tcsg.edu/warn-public-view/entry/77382/
Georgia,"RB Lumber Company, LLC",,08/21/2025,,68,,GA202500026,https://www.tcsg.edu/warn-public-view/entry/77384/
Georgia,Interstate Paper LLC,,08/21/2025,,220,,GA202500025,https://www.tcsg.edu/warn-public-view/entry/77392/
Georgia,Hormel Foods Corporation,,08/25/2025,,135,,GA202500027,https://www.tcsg.edu/warn-public-view/entry/77407/
Georgia,J.B. Hunt Transport Inc.,,08/26/2025,,74,,GA202500028,https://www.tcsg.edu/warn-public-view/entry/77439/
Georgia,"APL Logistics Warehouse Management Services, Inc.",,08/27/2025,,118,,GA202500029,https://www.tcsg.edu/warn-public-view/entry/77510/
Georgia,"Country Home Bakers, LLC",,08/28/2025,,164,,GA202500030,https://www.tcsg.edu/warn-public-view/entry/77515/
Georgia,Americold Logistics,,08/28/2025,,3,,GA202500031,https://www.tcsg.edu/warn-public-view/entry/77521/
Georgia,Global Resource International/ Alleset INC.,,09/09/2025,,41,,GA202500032,https://www.tcsg.edu/warn-public-view/entry/77827/
Georgia,Spirit Airlines LLC,,09/24/2025,,334,,GA202500033,https://www.tcsg.edu/warn-public-view/entry/78158/
Georgia,"CoStar Realty Realty Information, Inc",,10/02/2025,,6,,GA202500034,https://www.tcsg.edu/warn-public-view/entry/78294/
Georgia,Americold Logistics,,10/02/2025,,4,,GA202500035,https://www.tcsg.edu/warn-public-view/entry/78295/
Georgia,"Augusta Sportswear, Inc",,10/07/2025,,93,,GA202500038,https://www.tcsg.edu/warn-public-view/entry/78351/
Georgia,"Nichiha USA, Inc",,10/09/2025,,171,,GA202500036,https://www.tcsg.edu/warn-public-view/entry/78392/
Georgia,Comcast,,10/15/2025,,240,,GA202500039,https://www.tcsg.edu/warn-public-view/entry/78621/
Georgia,RATP Dev USA Inc,,10/22/2025,,80,,GA202500040,https://www.tcsg.edu/warn-public-view/entry/78878/
Georgia,Saddle Creek Logistics Services,,10/27/2025,,128,,GA202500043,https://www.tcsg.edu/warn-public-view/entry/78950/
Georgia,"Mannington Mills, Inc.",,10/29/2025,,211,,GA202500045,https://www.tcsg.edu/warn-public-view/entry/79013/
Georgia,The William Carter Company,,10/30/2025,,189,,GA202500046,https://www.tcsg.edu/warn-public-view/entry/79042/
Georgia,"Integrated Health Resources, LLC",,10/31/2025,,107,,GA202500047,https://www.tcsg.edu/warn-public-view/entry/79057/
Georgia,"West Fraser, Inc.",,11/06/2025,,130,,GA202500050,https://www.tcsg.edu/warn-public-view/entry/79125/
Georgia,"Lehigh Technologies, Inc.",,11/10/2025,,55,,GA202500049,https://www.tcsg.edu/warn-public-view/entry/79173/
Georgia,Smurfit Westrock,,11/10/2025,,55,,GA202500048,https://www.tcsg.edu/warn-public-view/entry/79175/
Georgia,General Motors LLC,,11/10/2025,,325,,GA202500044,https://www.tcsg.edu/warn-public-view/entry/79177/
Georgia,"SimplyIOA, LLC",,11/10/2025,,65,,GA202500041,https://www.tcsg.edu/warn-public-view/entry/79182/
Georgia,"Baker & Taylor, LLC",,11/10/2025,,289,,GA202500037,https://www.tcsg.edu/warn-public-view/entry/79185/
Georgia,CoStar Group,,11/11/2025,,3,,GA202500051,https://www.tcsg.edu/warn-public-view/entry/79197/
Georgia,"SDH Service East,LLC",,11/14/2025,,67,,GA202500052,https://www.tcsg.edu/warn-public-view/entry/79251/
Georgia,"SDH Services EAST,LLC",,11/14/2025,,120,,GA202500053,https://www.tcsg.edu/warn-public-view/entry/79268/
Georgia,Urology Center of Columbus,,11/26/2025,,32,,GA202500055,https://www.tcsg.edu/warn-public-view/entry/79420/
Georgia,"Quad/Graphics, Inc.",,12/16/2025,,241,,GA202500057,https://www.tcsg.edu/warn-public-view/entry/79667/
Georgia,Comprehensive Logistics,,12/17/2025,,105,,GA202500058,https://www.tcsg.edu/warn-public-view/entry/79686/
Georgia,Gainesville Jaycees Vocational Rehabilitation Center,,12/22/2025,,19,,GA202500059,https://www.tcsg.edu/warn-public-view/entry/79723/
Georgia,"Railcrew Xpress, LLC",,12/22/2025,,55,,GA202500060,https://www.tcsg.edu/warn-public-view/entry/79729/
Georgia,The Coca-Cola Company,,12/30/2025,,75,,GA202500061,https://www.tcsg.edu/warn-public-view/entry/79755/
Georgia,Chemours,,01/05/2026,,54,,GA202500062,https://www.tcsg.edu/warn-public-view/entry/79799/
Georgia,"GXO Logistics Worldwide, LLC",,01/20/2026,,85,,GA202500066,https://www.tcsg.edu/warn-public-view/entry/80075/
Georgia,TTEC Services Corporation,,01/26/2026,,169,,GA202500067,https://www.tcsg.edu/warn-public-view/entry/80255/
Georgia,"TelaForce, LLC",,01/28/2026,,73,,GA202500065,https://www.tcsg.edu/warn-public-view/entry/80294/
Georgia,"S&S Activewear, LLC",,01/28/2026,,114,,GA202500056,https://www.tcsg.edu/warn-public-view/entry/80299/
Georgia,"Zeco Systems, Inc",,01/28/2026,,3,,GA202500021,https://www.tcsg.edu/warn-public-view/entry/80305/
Georgia,Kuehne-Nagel,,01/28/2026,,153,,GA202500068,https://www.tcsg.edu/warn-public-view/entry/80312/
Georgia,"Home Depot U.S.A, Inc.",,01/28/2026,,797,,GA202500069,https://www.tcsg.edu/warn-public-view/entry/80325/
Georgia,"Waddington North America, Inc. a Novolex entity",,01/28/2026,,49,,GA202500070,https://www.tcsg.edu/warn-public-view/entry/80342/
Georgia,"Continental Tire the Americas, LLC’s",,01/30/2026,,235,,GA202500071,https://www.tcsg.edu/warn-public-view/entry/80401/
Georgia,TLC of Georgia LLC,,01/31/2026,,78,,GA202500072,https://www.tcsg.edu/warn-public-view/entry/80420/
Georgia,KIPP Atlanta Schools,,02/04/2026,,122,,GA202500074,https://www.tcsg.edu/warn-public-view/entry/80494/
Georgia,"GMRI, Inc.",,02/05/2026,,78,,GA202500073,https://www.tcsg.edu/warn-public-view/entry/80513/
Georgia,Sumitomo Mitsui Banking Corporation,,02/05/2026,,3,,GA202500064,https://www.tcsg.edu/warn-public-view/entry/80515/
Georgia,"Tessera Therapeutics, Inc",,02/05/2026,,1,,GA202500063,https://www.tcsg.edu/warn-public-view/entry/80518/
Georgia,Big Tex Trailer Manufacturing LLC,,02/05/2026,,100,,GA202500054,https://www.tcsg.edu/warn-public-view/entry/80519/
Georgia,Aludyne Inc,,02/05/2026,,341,,GA202500010,https://www.tcsg.edu/warn-public-view/entry/80520/
Georgia,Liberty Dental Plan Corporation,,02/05/2026,,1,,GA202500075,https://www.tcsg.edu/warn-public-view/entry/80521/
Georgia,"WWL Vehicle Services Americas, Inc.",,02/09/2026,,65,,GA202500077,https://www.tcsg.edu/warn-public-view/entry/80552/
Georgia,Moove Cars Mobility Usa Corp,,02/10/2026,,83,,GA202500078,https://www.tcsg.edu/warn-public-view/entry/80578/
Georgia,"Impact Outsourcing Solutions VI, LLC",,02/13/2026,,76,,GA202500080,https://www.tcsg.edu/warn-public-view/entry/80648/
Georgia,Main Street Sports Group,,02/16/2026,,74,,GA202500081,https://www.tcsg.edu/warn-public-view/entry/80674/
Georgia,"ION Media Networks, Inc.",,02/16/2026,,53,,GA202500079,https://www.tcsg.edu/warn-public-view/entry/80687/
Georgia,IPIC Theaters LLC,,02/25/2026,,163,,GA202500082,https://www.tcsg.edu/warn-public-view/entry/80832/
Georgia,"MarketSource, Inc.",,02/26/2026,,57,,GA202500083,https://www.tcsg.edu/warn-public-view/entry/80853/
Georgia,"SK Battery America, Inc.",,03/06/2026,,958,,GA202500084,https://www.tcsg.edu/warn-public-view/entry/80976/
Georgia,C2 Technologies,,03/11/2026,,1,,GA202500086,https://www.tcsg.edu/warn-public-view/entry/81051/
Georgia,KPR US LLC,,03/11/2026,,213,,GA202500087,https://www.tcsg.edu/warn-public-view/entry/81054/
Georgia,The Hillshire Brands Company,,03/26/2026,,168,,GA202500089,https://www.tcsg.edu/warn-public-view/entry/81333/
Georgia,"Astemo Americas, Inc",,03/27/2026,,60,,GA202500090,https://www.tcsg.edu/warn-public-view/entry/81345/
Georgia,"Parsec, LLC",,03/31/2026,,179,,GA202500085,https://www.tcsg.edu/warn-public-view/entry/81383/
Georgia,Accenture,,03/31/2026,,54,,GA202500088,https://www.tcsg.edu/warn-public-view/entry/81384/
Georgia,Thrive SMP LLC,,03/31/2026,,497,,GA202500091,https://www.tcsg.edu/warn-public-view/entry/81391/
Georgia,Tri-Starr Management Services,,04/01/2026,,15,,GA202500092,https://www.tcsg.edu/warn-public-view/entry/81401/
Georgia,"SDH Education East, LLC",,04/09/2026,,74,,GA202500093,https://www.tcsg.edu/warn-public-view/entry/81497/
Georgia,SKF USA INC,,04/23/2026,,40,,GA202500094,https://www.tcsg.edu/warn-public-view/entry/81641/
Georgia,"Bridgestone Golf, Inc.",,05/01/2026,,84,,GA202500095,https://www.tcsg.edu/warn-public-view/entry/81816/
Georgia,Milliken & Company,,05/05/2026,,81,,GA202500098,https://www.tcsg.edu/warn-public-view/entry/81885/
Georgia,"MarketSource, Inc.",,05/05/2026,,51,,GA202500099,https://www.tcsg.edu/warn-public-view/entry/81889/
Georgia,Jacuzzi Inc.,,05/12/2026,,110,,GA202500100,https://www.tcsg.edu/warn-public-view/entry/82024/
Georgia,"Bitcoin Depot Operating, LLC",,05/18/2026,,109,,GA202500101,https://www.tcsg.edu/warn-public-view/entry/82153/
Georgia,"Inalfa Roof Systems, Inc",,05/19/2026,,127,,GA202500102,https://www.tcsg.edu/warn-public-view/entry/82177/
Georgia,Spirit Airlines,,05/29/2026,,653,,GA202500096,https://www.tcsg.edu/warn-public-view/entry/82413/
Georgia,Americold Logistics LLC,,05/29/2026,,69,,GA202500104,https://www.tcsg.edu/warn-public-view/entry/82414/
Georgia,Ideal US Talent Systems Worker OpCo LLC,,05/29/2026,,687,,GA202500097,https://www.tcsg.edu/warn-public-view/entry/82418/
Georgia,"SDH Services East, LLC",,06/01/2026,,70,,GA202500103,https://www.tcsg.edu/warn-public-view/entry/82458/
Georgia,Constellium Automotive USA LLC,,06/01/2026,,57,,GA202500105,https://www.tcsg.edu/warn-public-view/entry/82459/
Georgia,SMBC MANUBANK,,06/05/2026,,3,,GA202500106,https://www.tcsg.edu/warn-public-view/entry/82541/
Georgia,"Americold Logistics, LLC",,06/23/2026,,69,,GA202500107,https://www.tcsg.edu/warn-public-view/entry/82845/
Georgia,Conduent,,06/29/2026,,70,,GA202500108,https://www.tcsg.edu/warn-public-view/entry/82923/
Georgia,Asama Coldwater Manufacturing Georgia LLC,,07/09/2026,,107,,GA202600001,https://www.tcsg.edu/warn-public-view/entry/83061/
Georgia,"Home Express Delivery Service, LLC",,07/14/2026,,92,,GA202600002,https://www.tcsg.edu/warn-public-view/entry/83150/
Georgia,"TEKsystems Global Services, LLC",,07/15/2026,,126,,GA202600003,https://www.tcsg.edu/warn-public-view/entry/83182/
Georgia,Elite Comfort Solutions,,07/20/2026,,102,,GA202600004,https://www.tcsg.edu/warn-public-view/entry/83243/
Georgia,"Wellstar Health System, Inc.",,08/03/2026,,761,,GA202600005,https://www.tcsg.edu/warn-public-view/entry/83857/
Georgia,Essendant,,08/04/2026,,192,,GA202600007,https://www.tcsg.edu/warn-public-view/entry/83895/
Georgia,"80 Acres Urban Agriculture, Inc",,08/05/2026,,110,,GA202600006,https://www.tcsg.edu/warn-public-view/entry/83901/
Georgia,SMBC Manubank,,08/12/2026,,5,,GA202600008,https://www.tcsg.edu/warn-public-view/entry/84050/
Georgia,Meyn Americas,,08/18/2026,,150,,GA202600010,https://www.tcsg.edu/warn-public-view/entry/84163/
Georgia,Anchor Glass Container Corporation,,08/18/2026,,168,,GA202600009,https://www.tcsg.edu/warn-public-view/entry/84177/
Georgia,Asama Coldwater Manufacturing Georgia,,08/19/2026,,102,,GA202600011,https://www.tcsg.edu/warn-public-view/entry/84198/
Georgia,KidsPeace National Centers of Georgia,,08/25/2026,,95,,GA202600016,https://www.tcsg.edu/warn-public-view/entry/84315/
Georgia,"Republic National Distributing Company of Texas, LLC",,08/26/2026,,157,,GA202600012,https://www.tcsg.edu/warn-public-view/entry/84342/
Georgia,"Republic National Distributing Company, LLC",,08/26/2026,,321,,GA202600013,https://www.tcsg.edu/warn-public-view/entry/84343/
Georgia,"Young's Market Company of Arizona, LLC",,08/26/2026,,2,,GA202600014,https://www.tcsg.edu/warn-public-view/entry/84344/
Georgia,"Young's Market Company, LLC",,08/26/2026,,78,,GA202600015,https://www.tcsg.edu/warn-public-view/entry/84345/
Georgia,"FPL Food, LLC",,08/31/2026,,179,,GA202600017,https://www.tcsg.edu/warn-public-view/entry/85368/
Georgia,Amentum,,09/04/2026,,77,,GA202600018,https://www.tcsg.edu/warn-public-view/entry/90928/
