state,company,city,notice_date,layoff_date,employees_affected,closure_type,notes,
Indiana,"Snyder’s-Lance, Inc d/b/a Campbell Snacks",Jeffersonville,06/18/2026,09/15/2026,111,CL,311919 | Other Snack Food Manufacturing,/dwd/files/warnnotices/Campbells WARN.pdf?language_id=1
Indiana,humano LLC,Avon,06/17/2026,08/17/2026,586,CL,488510 | Freight Transportation Arrangement,/dwd/files/warnnotices/humano WARN - for state submission 06.16.2026 (rev.2).pdf?language_id=1
Indiana,"SIMOS Insourcing Solutions, LLC",Avon,06/17/2026,08/17/2026,572,LO,48-49 | Transportation and Warehousing,/dwd/files/warnnotices/SIMOS 7932Government WARN Notice.pdf?language_id=1
Indiana,Ryder Integrated Logistics,Plainfield,06/08/2026,07/31/2026,76,LO,48-49 | Transportation and Warehousing,/dwd/files/warnnotices/WARN Notice to Government Officials - Ryder Plainfield Smith Rd - Final.pdf?language_id=1
Indiana,Noble Inc,Indianapolis,06/02/2026,06/02/2026,85,LO,624120 | Services for the Elderly and Persons with Disabilities,"/dwd/files/warnnotices/Noble WARN June 2, 2026.pdf?language_id=1"
Indiana,"Eclipse Advantage, LLC",Whitestown,05/19/2026,07/18/2026,21,CL,493190 | Other Warehousing and Storage,/dwd/files/warnnotices/Eclipse Advantage Whitestown Indiana WARN Notice to Public Officials_05192026.pdf
Indiana,CICOA Aging & In-Home Solutions,Indianapolis,04/30/2026,05/15/2026,90,LO,62 | Health Care and Social Assistance,/dwd/files/warnnotices/Cicoa DWD Letter 4-30-26 (1).pdf
Indiana,Cummins Inc,Whitestown,05/01/2026,07/31/2020,59,CL,333618 | Other Engine Equipment Manufacturing,/dwd/files/warnnotices/Cummins - Whitestown IN WARN NOTICE - STATE AND LOCAL GOV'T OFFICIALS (2026).pdf
Indiana,"Oakland City University, Inc",Oakland City,04/01/2026,06/01/2026,167,LO,61 | Educational Services,/dwd/files/warnnotices/WARN-letter-Oakland-City-University-letter.pdf
Indiana,RESRG Automotive,Evansville,04/14/2026,06/06/2026,266,CL,336110 | Automotive Manufacturing,/dwd/files/warnnotices/RESRG-WARN-Notice-Public-Officials.pdf
Indiana,"WIT Logistics, LLC",Plainfield,03/13/2026,05/31/2026,65,CL,"541614 | Process, Physical Distribution, and Logistics Consulting Services",/dA/ad3dd87ca6/Walker_SCM_WARN_Notice_Plainfield_IN-20260310.pdf?language_id=1
Indiana,Kem Krest LLC,Carmel,03/10/2026,08/31/2026,77,CL,48-49 | Transportation and Warehousing,/dA/f3fc87aa02/Kem-Krest-WARN-Act-Notice-to-IN-DWD-Carmel-IN-plant-closing.pdf?language_id=1
Indiana,"First Brands Group, LLC",Jasper,02/27/2026,04/30/2026,345,CL,31-33 | Manufacturing,/dA/f1ad802812/Jasper-WARN-Notice-All-Government-Contacts-.pdf?language_id=1
Indiana,"First Brands Group, LLC",Logansport,02/27/2026,04/30/2026,38,CL,31-33 | Manufacturing,/dA/7fa9121638/Logansport-WARN-Notice-All-Government-Contacts.pdf?language_id=1
Indiana,"Grouper Acquisition Company, LLC, dba Shiloh Industries, Inc",Goshen,02/02/2026,03/31/2026,172,CL,336370 | Motor Vehicle Metal Stamping,/dA/5bf1b55227/Government-WARN-Letter-Goshen.pdf?language_id=1
Indiana,National Distribution Centers,Lebanon,01/30/2026,04/03/2026,53,CL,48-49 | Manufacturing and Warehousing,/dA/38dd5d0956/Lebanon-WARN-Notice-Public-Officials-1-30-26.pdf?language_id=1
Indiana,"Inari Agriculture, Inc.",West Lafayette,01/20/2026,01/20/2026,64,LO,"11 | Agriculture, Forestry, Fishing, and Hunting",/dA/7b0e3585cf/2026-WARN-Notification-DWD-sent.pdf?language_id=1
Indiana,Margaret Mary Community Hospital (dba Margaret Mary Health),Batesville,01/13/2026,03/02/2026,55,TR,622 | Hospitals,/dA/0798ab111e/Margaret-Mary-Health-WARN.pdf?language_id=1
Indiana,Wabash,Goshen,01/05/2026,03/06/2026,144,CL,48-49 | Transportation and Warehousing,/dA/8795a4a171/Wabash-Goshen-WARN-Notice.pdf?language_id=1
Indiana,Dalton Corporation,Warsaw,12/29/2025,02/27/2026,257,CL,31-33 | Manufacturing,/dA/49d41c028b/Dalton-Corporation-WARN-Notice.pdf?language_id=1
Indiana,AAR Aircraft Services,Indianapolis,12/23/2025,02/15/2026,329,CL,31-33 | Manufacturing,/dA/456785887c/WARN-AAR.pdf?language_id=1
Indiana,Spartech LLC,Muncie,12/12/2025,12/23/2025,125,CL,325211 | Plastics Material and Resin Manufacturing,/dA/194b926e0b/Spartech-Muncie-WARN-Notice.pdf?language_id=1
Indiana,FreshRealm,Indianapolis,12/02/2025,01/31/2026,168,CL,72 | Accommodation and Food Services,/dA/012f16c617/WARN-FreshRealm.pdf?language_id=1
Indiana,Kloeckner Metals,Indianapolis,11/18/2025,01/20/2026,54,LO,423510 | Metal Service Centers and Other Metal Merchant Wholesalers,/dA/c83159ccc7/Kloeckner-WARN-Notice.pdf?language_id=1
Indiana,MDWise,Indianapolis,11/13/2025,01/16/2026,238,CL,5241 | Insurance Carriers,/dA/231703dae1/MDWise-WARN.pdf?language_id=1
Indiana,"JMS Engineered Plastics, Inc.",South Bend,10/29/2025,10/29/2025,49,LO,326199 | All Other Plastics Product Manufacturing,/dA/5f15a4b3d8/JMS-Plastics.pdf?language_id=1
Indiana,"Freudenberg Residential Filtration Technologies, Inc.",LaPorte,10/06/2025,12/05/2025,173,CL,31-33 | Manufacturing,/dA/000ac96565/WARN-Freudenberg.pdf?language_id=1
Indiana,"GT Industries, Inc.",North Vernon,09/29/2025,12/01/2025,95,LO,336370 | Motor Vehicle Metal Stamping,/dA/db3521c01f/WARN-GTI-2025-09-29.pdf?language_id=1
Indiana,Raydia Food Group,"Bloomington, Mishawaka, South Bend",09/19/2025,11/26/2025,200,CL,445 | Food and Beverage Retailers,/dA/e2ca56a263/WARN-Raydia.pdf?language_id=1
Indiana,Perdue Foods LLC,Washington,09/03/2025,11/02/2025,293,LO,311615 | Poultry Processing,/dA/b4d8ea7ed8/Perdue-WARN-Notice-2025-09-03.pdf?language_id=1
Indiana,"Thermal Structures, Inc.",Plainfield,08/25/2025,"11/24/2025 – 11/26/2025, 12/29/2025 – 12/30/2025",155,CL (Holiday),336390 | Other Motor Vehicle Parts Manufacturing,/dA/3794ef1770/WARN-Thermal-Structures-Inc-2025-08-25.pdf?language_id=1
Indiana,"National Distribution Centers, LLC & NFI Interactive Logistics, LLC",Lebanon,08/13/2025,10/18/2025,79,CL,48-49 | Transportation and Warehousing,/dA/cd7d5efe16/WARN_Lebanon_8-13-25.pdf?language_id=1
Indiana,Navient Solutions LLC,Fishers,08/04/2025,10/03/2025,128,L/O,52 | Finance and Insurance,/dA/7f26ce73a4/WARN-Navient.pdf?language_id=1
Indiana,ASM Global/ Old National Event Plaza,Evansville,08/01/2025,09/01/2025,248,TR,"71 | Arts, Entertainment, and Recreation",/dA/6044399370/WARN-ASM-Global.pdf?language_id=1
Indiana,"Shine Early Learning, Inc",Fishers,08/05/2025,10/01/2025,57,LO,624110 | Child Care Services,/dA/907850efef/20250805-WARN-Shine-Early-Learning.pdf?language_id=1
Indiana,Target Corp. Distribution Center,Indianapolis,08/05/2025,09/19/2025,201,CL,48-49 | Transportation and Warehousing,/dA/42ffd2dffb/20250805-WARN-Target-Corp.pdf?language_id=1
Indiana,Community Development Institute Head Start,Richmond,07/31/2025,09/30/2025,65,CL,624110 | Child Care Services,/dA/c6aa7b05eb/20250731-WARN-Community-Development-Institute-Head-Start.pdf?language_id=1
Indiana,Columbus Regional Health,Columbus,06/24/2025,08/23/2025,50,CL,62199900 | All Other Miscellaneous Ambulatory Health Care Services,/dA/1d0792fdeb/Columbus-Regional-Health-WARN.pdf?language_id=1
Indiana,General Aluminum,Huntington,08/29/2025,12/14/2025,62,CL,331524 | Aluminum Foundries (except Die-Casting),/dA/db896d72ea/General-Aluminum-WARN.pdf?language_id=1
Indiana,"Hoffmaster Group, Inc",Fort Wayne,05/13/2025,11/07/2025,53,CL,322 | Paper Manufacturing,/dA/d2d5169941/Hoffmaster-Group-Inc-WARN.pdf?language_id=1
Indiana,NFI Industries,Crown Point,05/02/2025,07/25/2025,78,CL,493 | Warehousing and Storage,/dA/60787ec7ec/NFI-Industries-WARN.pdf?language_id=1
Indiana,SSC Services for Education dba South Bend School District,South Bend,04/23/2025,06/30/2025,203,CL,611 | Education Services,/dA/c8cc55382b/SSC-Services-for-Education-dba-South-Bend-School-District-WARN.pdf?language_id=1
Indiana,SSC Services for Education dba Muncie Community Schools,Muncie,04/23/2025,06/30/2025,58,CL,611 | Education Services,/dA/3fdebec9bc/SSC-Services-for-Education-dba-Muncie-Community-Schools-WARN.pdf?language_id=1
Indiana,"DRV, LLC",Howe,04/21/2025,06/20/2025,51,CL,44121000 | Recreational Vehicle Dealers,/dA/fa85b0acc7/DRV-LLC-WARN.pdf?language_id=1
Indiana,Cruiser RV,Howe,04/21/2025,06/20/2025,251,CL,3362 | Motor Vehicle Body and Trailer Manufacturing,/dA/3d7da4b041/Cruiser-RV-WARN.pdf?language_id=1
Indiana,"Heartland Recreational Vehicles, LLC",Elkhart,04/21/2025,06/20/2025,147,CL,336214 | Travel Trailer and Camper Manufacturing,/dA/cfcf8a9b8a/HRV-Elkhart-WARN.pdf?language_id=1
Indiana,Nachi Technology Inc (NTI),Greenwood,03/19/2025,12/31/2025,72,CL,33221600 | Saw Blade and Hand tool Manufacturing,/dA/c58298f5bb/Nachi-Technology-Inc-WARN.pdf?language_id=1
Indiana,RR Donnelley,Seymour,03/04/2025,05/03/2025,96,CL,541860 | Direct Mail Advertising,/dA/5a1fbde430/RR-Donnelley-WARN.pdf?language_id=1
Indiana,ABM,Indianapolis,02/28/2025,04/30/2025,77,CL,561720 | Janitorial Services,/dA/522cdab8d3/ABM-WARN.pdf?language_id=1
Indiana,Jack Cooper Transport Company,Roanoke,02/08/2025,02/08/2025,251,CL,"484230 | Specialized Freight (except Used Goods) Trucking, Long-Distance",/dA/9297c2320b/Jack-Cooper-Transport-WARN.pdf?language_id=1
Indiana,US Arconic LLC Revised (3/27/25),Lafayette,02/05/2025,06/07/2025,80,CL,"331315 | Aluminum Sheet, Plate, and Foil Manufacturing",/dA/66e6630993/US-Arconic-LLC-WARN.pdf?language_id=1
Indiana,Phoenix Financial Services,Fishers,01/24/2025,12/31/2024,94,CL,561440 | Collection Agencies,/dA/ab45d48549/Phoenix-Financial-Services-WARN.pdf?language_id=1
Indiana,Resident Home,Jeffersonville,01/15/2025,03/16/2025,106,CL,337910 | Mattress Manufacturing,/dA/49d802903b/Resident-Home-WARN.pdf?language_id=1
Indiana,"DFA Dairy Brands Ice Cream, LLC-Revised (9/15/21)",Decatur,N/A,N/A,N/A,N/A,N/A | N/A,
Indiana,"Steel Parts Manufacturing, Inc.-Revised (7/22/21)",Tipton,N/A,N/A,N/A,N/A,N/A | N/A,
Indiana,Bell Techlogix-Revised (11/9/20),Plainfield,N/A,N/A,N/A,N/A,N/A | N/A,
Indiana,Metaldyne BSM LLC - AAM Fremont Manufacturing Facility-Revised (12/17/20),Fremont,N/A,N/A,N/A,N/A,N/A | N/A,
Indiana,"Regal Beloit America, Inc.-Revised (7/27/21)",Valparaiso,N/A,N/A,N/A,N/A,N/A | N/A,
Indiana,"Regal Beloit America, Inc.-Revised (9/13/21)",Valparaiso,N/A,N/A,N/A,N/A,N/A | N/A,
Indiana,"United Airlines, Inc.-Revised (7/31/20)",Indianapolis,N/A,N/A,N/A,N/A,N/A | N/A,
Indiana,White Lodging Services Corporation dba JW Indianapolis-Revised (8/31/20),Indianapolis,N/A,N/A,N/A,N/A,N/A | N/A,
Indiana,White Lodging Services Corporation dba Marriot Indianapolis-Revised (8/31/20),Indianapolis,N/A,N/A,N/A,N/A,N/A | N/A,
Indiana,Hollywood Casino Lawrenceburg-Revised (8/19/20),Lawrenceburg,N/A,N/A,N/A,N/A,N/A | N/A,
Indiana,Ameristar Casino Hotel East Chicago-Revised (7/16/20),East Chicago,N/A,N/A,N/A,N/A,N/A | N/A,
Indiana,Ameristar Casino Hotel East Chicago-Revised (9/15/20),East Chicago,N/A,N/A,N/A,N/A,N/A | N/A,
Indiana,Vitro Automotive / Pittsburgh Glass Works-Revised (8/6/20),Evansville,N/A,N/A,N/A,N/A,N/A | N/A,
Indiana,The Westin Hotel Indianapolis-Revised (9/9/20),Indianapolis,N/A,N/A,N/A,N/A,N/A | N/A,
Indiana,Exide Technologies-Revised (7/29/20),Muncie,N/A,N/A,N/A,N/A,N/A | N/A,
Indiana,White Lodging Services Corporation-Revised (7/8/20),Merrillville,N/A,N/A,N/A,N/A,N/A | N/A,
Indiana,"Allison Transmission, Inc. Revised (5/21/20)",Indianapolis,N/A,N/A,N/A,N/A,N/A | N/A,
Indiana,"Allison Transmission, Inc. Revised (6/4/20)",Indianapolis,N/A,N/A,N/A,N/A,N/A | N/A,
Indiana,ArcelorMittal USA dba ArcelorMittal Indiana Harbor Revised (4/27/20),East Chicago,N/A,N/A,N/A,N/A,N/A | N/A,
Indiana,ArcelorMittal USA dba ArcelorMittal Indiana Harbor Revised (5/28/20),East Chicago,N/A,N/A,N/A,N/A,N/A | N/A,
Indiana,ArcelorMittal USA dba ArcelorMittal Indiana Harbor Revised (7/28/20),East Chicago,N/A,N/A,N/A,N/A,N/A | N/A,
Indiana,Flex-N-Gate Corporation Revised (6/24/20),Covington,N/A,N/A,N/A,N/A,N/A | N/A,
Indiana,"ArcelorMittal USA, LLC dba ArcelorMittal Burns Harbor Revised (4/21/20)",Burns Harbor,N/A,N/A,N/A,N/A,N/A | N/A,
Indiana,"ArcelorMittal USA, LLC dba ArcelorMittal Burns Harbor Revised (4/29/20)",Burns Harbor,N/A,N/A,N/A,N/A,N/A | N/A,
Indiana,"ArcelorMittal USA, LLC dba ArcelorMittal Burns Harbor Revised (7/29/20)",Burns Harbor,N/A,N/A,N/A,N/A,N/A | N/A,
Indiana,"Jim’s Formal Wear, LLC Revised (5/27/20)",Anderson,N/A,N/A,N/A,N/A,N/A | N/A,
Indiana,"Asbury Automotive Group Revised (Doc 1, Doc 2, Doc 3, Doc 4, Doc 5, & Doc 6)","Avon, Brownsburg, Indianapolis, Lebanon and Noblesville",N/A,N/A,N/A,N/A,N/A | N/A,
Indiana,ZF Active Safety & Electronics US LLC Revised (4/17/20),Lafayette,N/A,N/A,N/A,N/A,N/A | N/A,
Indiana,"Modex Global (Formerly Busche Performance Group, Inc.)-Revised (4/28/20)","Albion, Avilla & Franklin",N/A,N/A,N/A,N/A,N/A | N/A,
Indiana,"Modex Global (Formerly Busche Performance Group, Inc.) -Revised (9/15/20)","Albion, Avilla & Franklin",N/A,N/A,N/A,N/A,N/A | N/A,
Indiana,BWI Group-Revised (6/15/20),Greenfield,N/A,N/A,N/A,N/A,N/A | N/A,
Indiana,"Image One, LLC-Revised (4/15/20)",McCordsville,N/A,N/A,N/A,N/A,N/A | N/A,
Indiana,Hilton Garden Inn South Bend-Revised (6/15/20),South Bend,N/A,N/A,N/A,N/A,N/A | N/A,
Indiana,Double Tree by Hilton South Bend-Revised (3/26/20 Notice & Positions),South Bend,N/A,N/A,N/A,N/A,N/A | N/A,
Indiana,Double Tree by Hilton South Bend-Revised (5/7/20 Notice & Positions),South Bend,N/A,N/A,N/A,N/A,N/A | N/A,
Indiana,Double Tree by Hilton South Bend-Revised (5/21/20),South Bend,N/A,N/A,N/A,N/A,N/A | N/A,
Indiana,Indianapolis Marriott East-Revised (5/27/20),Indianapolis,N/A,N/A,N/A,N/A,N/A | N/A,
Indiana,Double Tree Evansville-Revised (5/27/20),Evansville,N/A,N/A,N/A,N/A,N/A | N/A,
Indiana,Le Meridien Indianapolis-Revised (6/10/20),Indianapolis,N/A,N/A,N/A,N/A,N/A | N/A,
Indiana,Sheraton Indianapolis at Keystone Crossing-Revised (5/27/20),Indianapolis,N/A,N/A,N/A,N/A,N/A | N/A,
Indiana,Stanley Black & Decker-Revised (2/10/20),Greenfield,N/A,N/A,N/A,N/A,N/A | N/A,
Indiana,Stanley Black & Decker-Revised (8/19/20),Greenfield,N/A,N/A,N/A,N/A,N/A | N/A,
Indiana,United States Steel Corporation-Revised (10/7/19),East Chicago,N/A,N/A,N/A,N/A,N/A | N/A,
Indiana,"Nestle USA, Inc.-Revised (8/23/19)",Fort Wayne,N/A,N/A,N/A,N/A,N/A | N/A,
Indiana,"Peabody Indiana Services, LLC-Revised (9/30/19)",Oakland City,N/A,N/A,N/A,N/A,N/A | N/A,
Indiana,"Peabody Indiana Services, LLC-Revised (12/27/19)",Oakland City,N/A,N/A,N/A,N/A,N/A | N/A,
Indiana,"Peabody Indiana Services, LLC-Revised (12/27/19)",Oakland City,N/A,N/A,N/A,N/A,N/A | N/A,
Indiana,"Peabody Indiana Services, LLC-Revised (3/31/20: Doc 1 & Doc 2)",Oakland City,N/A,N/A,N/A,N/A,N/A | N/A,
Indiana,"Peabody Indiana Services, LLC-Revised (6/24/20: Doc 1 & Doc 2)",Oakland City,N/A,N/A,N/A,N/A,N/A | N/A,
Indiana,"NIBCO, Inc.-Revised (5/24/19)",Charlestown,N/A,N/A,N/A,N/A,N/A | N/A,
Indiana,"NIBCO, Inc.-Revised (6/7/19)",Charlestown,N/A,N/A,N/A,N/A,N/A | N/A,
Indiana,"NIBCO, Inc.-Revised (6/21/19)",Charlestown,N/A,N/A,N/A,N/A,N/A | N/A,
Indiana,"NIBCO, Inc.-Revised (6/28/19)",Charlestown,N/A,N/A,N/A,N/A,N/A | N/A,
Indiana,"NIBCO, Inc.-Revised (7/26/19)",Charlestown,N/A,N/A,N/A,N/A,N/A | N/A,
Indiana,"NIBCO, Inc.-Revised (8/9/19)",Charlestown,N/A,N/A,N/A,N/A,N/A | N/A,
Indiana,"NIBCO, Inc.-Revised (8/15/19)",Charlestown,N/A,N/A,N/A,N/A,N/A | N/A,
Indiana,"NIBCO, Inc.-Revised (8/29/19)",Charlestown,N/A,N/A,N/A,N/A,N/A | N/A,
Indiana,"NIBCO, Inc.-Revised (9/13/19)",Charlestown,N/A,N/A,N/A,N/A,N/A | N/A,
Indiana,"NIBCO, Inc.-Revised (10/10/19)",Charlestown,N/A,N/A,N/A,N/A,N/A | N/A,
Indiana,"NIBCO, Inc.-Revised (11/1/19)",Charlestown,N/A,N/A,N/A,N/A,N/A | N/A,
Indiana,Schneider Electric-Revised (6/25/19),Peru,N/A,N/A,N/A,N/A,N/A | N/A,
Indiana,Schneider Electric-Revised (7/31/19),Peru,N/A,N/A,N/A,N/A,N/A | N/A,
Indiana,Schneider Electric-Revised (8/29/19),Peru,N/A,N/A,N/A,N/A,N/A | N/A,
Indiana,Schneider Electric-Revised (9/23/19),Peru,N/A,N/A,N/A,N/A,N/A | N/A,
Indiana,Schneider Electric-Revised (10/28/19),Peru,N/A,N/A,N/A,N/A,N/A | N/A,
Indiana,Schneider Electric-Revised (12/27/19),Peru,N/A,N/A,N/A,N/A,N/A | N/A,
Indiana,Schneider Electric-Revised (1/28/20),Peru,N/A,N/A,N/A,N/A,N/A | N/A,
Indiana,Schneider Electric-Revised (2/24/20),Peru,N/A,N/A,N/A,N/A,N/A | N/A,
Indiana,Matthews International Corporation-Revised (6/14/19),Richmond,N/A,N/A,N/A,N/A,N/A | N/A,
Indiana,"Deufol Sunman, Inc.-Revised (5/2/19)",Sunman,N/A,N/A,N/A,N/A,N/A | N/A,
Indiana,"Deufol Sunman, Inc.-Revised (6/27/19)",Sunman,N/A,N/A,N/A,N/A,N/A | N/A,
Indiana,"Deufol Sunman, Inc.-Revised (8/2/19)",Sunman,N/A,N/A,N/A,N/A,N/A | N/A,
Indiana,"Deufol Sunman, Inc.-Revised (8/9/19)",Sunman,N/A,N/A,N/A,N/A,N/A | N/A,
Indiana,DJO Global-Revised (7/26/18),Plainfield,N/A,N/A,N/A,N/A,N/A | N/A,
Indiana,DJO Global-Revised (8/23/18),Plainfield,N/A,N/A,N/A,N/A,N/A | N/A,
Indiana,DJO Global-Revised (10/5/18),Plainfield,N/A,N/A,N/A,N/A,N/A | N/A,
Indiana,Janesville Acoustics-Revised (2/12/18),Richmond,N/A,N/A,N/A,N/A,N/A | N/A,
Indiana,Janesville Acoustics-Revised (5/30/18),Richmond,N/A,N/A,N/A,N/A,N/A | N/A,
Indiana,Harman International Industries- Revised (11/22/17),Elkhart,N/A,N/A,N/A,N/A,N/A | N/A,
Indiana,Harman International Industries- Revised (4/20/18),Elkhart,N/A,N/A,N/A,N/A,N/A | N/A,
Indiana,"Bay Valley Foods LLC, Tree House Foods- Revised (9/19/17)",Plymouth,N/A,N/A,N/A,N/A,N/A | N/A,
Indiana,"Deufol Sunman, Inc-Revised 9/29/17",Sunman,N/A,N/A,N/A,N/A,N/A | N/A,
Indiana,White's Residential and Family Services-Revised (7/27/17),Wheatfield,N/A,N/A,N/A,N/A,N/A | N/A,
Indiana,White's Residential and Family Services-Revised (10/24/17),Wheatfield,N/A,N/A,N/A,N/A,N/A | N/A,
Indiana,White's Residential and Family Services-Revised (12/14/18),Wheatfield,N/A,N/A,N/A,N/A,N/A | N/A,
Indiana,White's Residential and Family Services-Revised (2/7/19),Wheatfield,N/A,N/A,N/A,N/A,N/A | N/A,
Indiana,White's Residential and Family Services-Revised (3/22/19),Wheatfield,N/A,N/A,N/A,N/A,N/A | N/A,
Indiana,White's Residential and Family Services-Revised (11/19/19),Wheatfield,N/A,N/A,N/A,N/A,N/A | N/A,
Indiana,St. Vincent Health-Revised (7/20/17),"Anderson, Evansville, Indianapolis, Kokomo, Salem",N/A,N/A,N/A,N/A,N/A | N/A,
Indiana,Buckhorn Inc-Revised (5/26/17),Bluffton,N/A,N/A,N/A,N/A,N/A | N/A,
Indiana,Buckhorn Inc-Revised (9/5/17),Bluffton,N/A,N/A,N/A,N/A,N/A | N/A,
Indiana,Schneider Electric-Revised (5/25/17),Peru,N/A,N/A,N/A,N/A,N/A | N/A,
Indiana,Saint Joseph's College Revised (3/6/17),Rensselaer,N/A,N/A,N/A,N/A,N/A | N/A,
Indiana,Saint Joseph's College Revised (3/10/17),Rensselaer,N/A,N/A,N/A,N/A,N/A | N/A,
Indiana,Saint Joseph's College Revised (4/11/17),Rensselaer,N/A,N/A,N/A,N/A,N/A | N/A,
Indiana,Saint Joseph's College Revised (4/28/17),Rensselaer,N/A,N/A,N/A,N/A,N/A | N/A,
Indiana,Saint Joseph's College Revised (5/10/17),Rensselaer,N/A,N/A,N/A,N/A,N/A | N/A,
Indiana,Saint Joseph's College Revised (7/5/17),Rensselaer,N/A,N/A,N/A,N/A,N/A | N/A,
Indiana,Saint Joseph's College Revised (7/24/17),Rensselaer,N/A,N/A,N/A,N/A,N/A | N/A,
Indiana,Saint Joseph's College Revised (1/17/18),Rensselaer,N/A,N/A,N/A,N/A,N/A | N/A,
Indiana,Harman International Industries Revised (5/17/17),Elkhart,N/A,N/A,N/A,N/A,N/A | N/A,
Indiana,Eli Lilly and Company Revised (2/3/17),Nationwide,N/A,N/A,N/A,N/A,N/A | N/A,
Indiana,Saint Meinrad Archabbey-Revised (4/28/17),Saint Meinrad,N/A,N/A,N/A,N/A,N/A | N/A,
Indiana,Paoli LLC- Revised (12/6/17),Orleans,N/A,N/A,N/A,N/A,N/A | N/A,
Indiana,Indianapolis Haulage- Revised (9/20/16),Indianapolis & Yorktown,N/A,N/A,N/A,N/A,N/A | N/A,
Indiana,Indianapolis Haulage -Revised (9/30/16),Indianapolis & Yorktown,N/A,N/A,N/A,N/A,N/A | N/A,
Indiana,Indianapolis Logistics- Revised (9/20/16),Indianapolis & Yorktown,N/A,N/A,N/A,N/A,N/A | N/A,
Indiana,Indianapolis Logistics- Revised (9/30/16),Indianapolis & Yorktown,N/A,N/A,N/A,N/A,N/A | N/A,
Indiana,"Applegate Livestock Equipment, Inc.- Revised (6/14/16)",Union City,N/A,N/A,N/A,N/A,N/A | N/A,
Indiana,"Applegate Livestock Equipment, Inc.- Revised (7/15/16)",Union City,N/A,N/A,N/A,N/A,N/A | N/A,
Indiana,Silgan Containers -Revised,LaPorte,N/A,N/A,N/A,N/A,N/A | N/A,
Indiana,Silgan Containers -Revised (7/29/16),LaPorte,N/A,N/A,N/A,N/A,N/A | N/A,
Indiana,Carter Fuel Systems-Revised (10/5/15),Logansport,N/A,N/A,N/A,N/A,N/A | N/A,
Indiana,Carter Fuel Systems-Revised (12/11/15),Logansport,N/A,N/A,N/A,N/A,N/A | N/A,
Indiana,"Pall Filter Specialists, Inc.-Revised (12/2/15)",Michigan City,N/A,N/A,N/A,N/A,N/A | N/A,
Indiana,Silgan Plastics Corporation-Revised (8/24/15),Ligonier,N/A,N/A,N/A,N/A,N/A | N/A,
Indiana,Goodwill Industries of Central Indiana-Revised,Indianapolis,N/A,N/A,N/A,N/A,N/A | N/A,
Indiana,Tecomet - Symmetry Medical Manufacturing Inc.-Revised,Avilla,N/A,N/A,N/A,N/A,N/A | N/A,
Indiana,Tecomet - Symmetry Medical Manufacturing Inc.-Revised,Avilla,N/A,N/A,N/A,N/A,N/A | N/A,
Indiana,Schott Gemtron-Revised,Vincennes,N/A,N/A,N/A,N/A,N/A | N/A,
Indiana,Northrop Grumman-Revised,Edinburg,N/A,N/A,N/A,N/A,N/A | N/A,
Indiana,Northrop Grumman--Revised,Edinburg,N/A,N/A,N/A,N/A,N/A | N/A,
Indiana,Rural Metro Corporation-Revised,"Indianapolis, Anderson, Logansport, Martinsville, and Richmond",N/A,N/A,N/A,N/A,N/A | N/A,
Indiana,Chesapeake Pharmaceutical and Healthcare Packaging-Revised,Evansville,N/A,N/A,N/A,N/A,N/A | N/A,
Indiana,Chesapeake Pharmaceutical and Healthcare Packaging-Revised,Evansville,N/A,N/A,N/A,N/A,N/A | N/A,
Indiana,"Peabody Indiana Services, LLC -Revised",Cannelburg,N/A,N/A,N/A,N/A,N/A | N/A,
Indiana,"Peabody Indiana Services, LLC -Revised",Cannelburg,N/A,N/A,N/A,N/A,N/A | N/A,
Indiana,"Peabody Indiana Services, LLC -Revised",Cannelburg,N/A,N/A,N/A,N/A,N/A | N/A,
Indiana,"Peabody Indiana Services, LLC -Revised",Cannelburg,N/A,N/A,N/A,N/A,N/A | N/A,
Indiana,"Peabody Indiana Services, LLC -Revised",Cannelburg,N/A,N/A,N/A,N/A,N/A | N/A,
Indiana,"Peabody Indiana Services, LLC -Revised",Cannelburg,N/A,N/A,N/A,N/A,N/A | N/A,
Indiana,"Peabody Midwest Management Services, LLC-Revised",Cannelburg,N/A,N/A,N/A,N/A,N/A | N/A,
Indiana,"Peabody Midwest Management Services, LLC-Revised",Cannelburg,N/A,N/A,N/A,N/A,N/A | N/A,
Indiana,"Peabody Midwest Management Services, LLC-Revised",Cannelburg,N/A,N/A,N/A,N/A,N/A | N/A,
Indiana,"Peabody Midwest Management Services, LLC-Revised",Cannelburg,N/A,N/A,N/A,N/A,N/A | N/A,
Indiana,"The Arc of Northwest Indiana, Inc-Revised",Lake and Porter Counties,N/A,N/A,N/A,N/A,N/A | N/A,
Indiana,CMW International Inc.-Revised,Indianapolis,N/A,N/A,N/A,N/A,N/A | N/A,
Indiana,CMW International Inc.-Revised,Indianapolis,N/A,N/A,N/A,N/A,N/A | N/A,
Indiana,CMW International Inc.-Revised,Indianapolis,N/A,N/A,N/A,N/A,N/A | N/A,
Indiana,"Cequent Performance Products, Inc-Revised",Huntington,N/A,N/A,N/A,N/A,N/A | N/A,
Indiana,Unilever Ice Cream Manufacturing-Revised,Huntington,N/A,N/A,N/A,N/A,N/A | N/A,
Indiana,Warner Transitional Services-Revised,Indianapolis,N/A,N/A,N/A,N/A,N/A | N/A,
Indiana,International Paper Company-Revised,Indianapolis,N/A,N/A,N/A,N/A,N/A | N/A,
Indiana,International Paper Company-Revised,Indianapolis,N/A,N/A,N/A,N/A,N/A | N/A,
Indiana,U.S. Cellular Corporation-Revised,"Elkhart, Fort Wayne, Merrillville, Michigan City, Mishawaka, Portage, Schererville, South Bend",N/A,N/A,N/A,N/A,N/A | N/A,
Indiana,Pitney Bowes-Revised,Plainfield,N/A,N/A,N/A,N/A,N/A | N/A,
Indiana,"Hologic, Inc.-Revised",Indianapolis,N/A,N/A,N/A,N/A,N/A | N/A,
Indiana,Steel Parts Manufacturing Inc-Revised,Tipton,N/A,N/A,N/A,N/A,N/A | N/A,
Indiana,Amsted Rail Inc-Revised,Hammond,N/A,N/A,N/A,N/A,N/A | N/A,
Indiana,Whirlpool Corporation-Revised,Evansville,N/A,N/A,N/A,N/A,N/A | N/A,
Indiana,Manitowoc Foodservice-Revised,Fort Wayne,N/A,N/A,N/A,N/A,N/A | N/A,
Indiana,Peabody Energy-Revised,Vincennes,N/A,N/A,N/A,N/A,N/A | N/A,
Indiana,Peabody Energy-Revised,Vincennes,N/A,N/A,N/A,N/A,N/A | N/A,
Indiana,Peabody Energy-Revised,Vincennes,N/A,N/A,N/A,N/A,N/A | N/A,
Indiana,Peabody Energy-Revised,Vincennes,N/A,N/A,N/A,N/A,N/A | N/A,
Indiana,Peabody Energy-Revised,Vincennes,N/A,N/A,N/A,N/A,N/A | N/A,
Indiana,Peabody Energy-Revised,Vincennes,N/A,N/A,N/A,N/A,N/A | N/A,
Indiana,"JCIM, LLC-Revised",Kendallville,N/A,N/A,N/A,N/A,N/A | N/A,
Indiana,"JCIM, LLC-Revised",Kendallville,N/A,N/A,N/A,N/A,N/A | N/A,
Indiana,"Sunrise Publications, Inc.-Revised",Bloomington,N/A,N/A,N/A,N/A,N/A | N/A,
Indiana,"Ross Sand Casting Industries, Inc. Plant 3-Revised",Winchester,N/A,N/A,N/A,N/A,N/A | N/A,
Indiana,Bon L Manufacturing Co.-Revised,Kentland,N/A,N/A,N/A,N/A,N/A | N/A,
Indiana,Bon L Manufacturing Co.-Revised,Kentland,N/A,N/A,N/A,N/A,N/A | N/A,
Indiana,Bon L Manufacturing Co.-Revised,Kentland,N/A,N/A,N/A,N/A,N/A | N/A,
Indiana,International Paper Company Shorewood Packaging-Revised,Indianapolis,N/A,N/A,N/A,N/A,N/A | N/A,
Indiana,Fortis Plastics-Corporate Offices,South Bend,N/A,N/A,N/A,N/A,N/A | N/A,
Indiana,Fortis Plastics-Revised Corporate,South Bend,N/A,N/A,N/A,N/A,N/A | N/A,
Indiana,Fortis Plastics-Revised Corporate,South Bend,N/A,N/A,N/A,N/A,N/A | N/A,
Indiana,Fortis Plastics-Manufacturing Facilities,South Bend,N/A,N/A,N/A,N/A,N/A | N/A,
Indiana,Fortis Plastics-Revised Manufacturing,South Bend,N/A,N/A,N/A,N/A,N/A | N/A,
Indiana,Ford Motor Company-Revised,Indianapolis,N/A,N/A,N/A,N/A,N/A | N/A,
Indiana,Ford Motor Company-Revised,Indianapolis,N/A,N/A,N/A,N/A,N/A | N/A,
Indiana,Ford Motor Company-Revised,Indianapolis,N/A,N/A,N/A,N/A,N/A | N/A,
Indiana,Ford Motor Company-Revised,Indianapolis,N/A,N/A,N/A,N/A,N/A | N/A,
Indiana,"Vantiv, LLC-Revised",Evansville,N/A,N/A,N/A,N/A,N/A | N/A,
Indiana,"Vantiv, LLC-Revised",Evansville,N/A,N/A,N/A,N/A,N/A | N/A,
Indiana,"Navistar, Inc-Revised",Fort Wayne,N/A,N/A,N/A,N/A,N/A | N/A,
Indiana,"Navistar, Inc-Attachment",Fort Wayne,N/A,N/A,N/A,N/A,N/A | N/A,
Indiana,"Navistar, Inc-Revised",Fort Wayne,N/A,N/A,N/A,N/A,N/A | N/A,
Indiana,Workhorse Custom Chassis LLC-Revised,Union City,N/A,N/A,N/A,N/A,N/A | N/A,
Indiana,Ficosa North America-Revised,Berne,N/A,N/A,N/A,N/A,N/A | N/A,
Indiana,Ficosa North America-Exhibit A,Berne,N/A,N/A,N/A,N/A,N/A | N/A,
Indiana,Ficosa North America-Revised,Berne,N/A,N/A,N/A,N/A,N/A | N/A,
Indiana,General Motors Stamping Plant-Revised,Indianapolis,N/A,N/A,N/A,N/A,N/A | N/A,
Indiana,General Motors Stamping Plant-Revised,Indianapolis,N/A,N/A,N/A,N/A,N/A | N/A,
Indiana,General Motors Stamping Plant-Revised,Indianapolis,N/A,N/A,N/A,N/A,N/A | N/A,
Indiana,General Motors Stamping Plant-Revised,Indianapolis,N/A,N/A,N/A,N/A,N/A | N/A,
Indiana,Printpack Inc.-Revised,Greensburg,N/A,N/A,N/A,N/A,N/A | N/A,
Indiana,Printpack Inc.-Revised,Greensburg,N/A,N/A,N/A,N/A,N/A | N/A,
Indiana,"Automotive Components Holding, LLC-Revised",Indianapolis,N/A,N/A,N/A,N/A,N/A | N/A,
Indiana,"Automotive Components Holding, LLC-Revised",Indianapolis,N/A,N/A,N/A,N/A,N/A | N/A,
Indiana,"Automotive Components Holding, LLC-Revised",Indianapolis,N/A,N/A,N/A,N/A,N/A | N/A,
Indiana,"Automotive Components Holding, LLC-Revised",Indianapolis,N/A,N/A,N/A,N/A,N/A | N/A,
Indiana,Camryn Industries-Revised,Berne,N/A,N/A,N/A,N/A,N/A | N/A,
Indiana,Ford Motor Company-Revised,Indianapolis,N/A,N/A,N/A,N/A,N/A | N/A,
Indiana,MHP Pharmacy -dba- Freedom Pharmacy-Revised,Indianapolis,N/A,N/A,N/A,N/A,N/A | N/A,
Indiana,Dawn Foods-Revised,Crown Point,N/A,N/A,N/A,N/A,N/A | N/A,
Indiana,Dawn Foods-Revised,Crown Point,N/A,N/A,N/A,N/A,N/A | N/A,
Indiana,Newport Chemical Depot-Revised,Newport,N/A,N/A,N/A,N/A,N/A | N/A,
Indiana,Visteon Corporation-Revised,Indianapolis,N/A,N/A,N/A,N/A,N/A | N/A,
Indiana,Heraeus Electro-Nite Co.-Revised,Peru,N/A,N/A,N/A,N/A,N/A | N/A,
Indiana,Modine Manufacturing-Revised,Logansport,N/A,N/A,N/A,N/A,N/A | N/A,
Indiana,Modine Manufacturing-Revised,Logansport,N/A,N/A,N/A,N/A,N/A | N/A,
Indiana,Modine Manufacturing-Revised,Logansport,N/A,N/A,N/A,N/A,N/A | N/A,
