state,company,city,notice_date,layoff_date,employees_affected,closure_type,notes,State,Closure/Layoff,Temporary/Permanent,Union,County,Industry,Notes
Mississippi,Amplify Cell Technologies,Byhalia,2026-03-31,2026-05-30 00:00:00,73.0,,MS Partnership,Mississippi,Layoff,,,Marshall,"335912-LithiumBatteries,PrimaryManufacturing",
Mississippi,New Way Trucks,Booneville,2026-03-01,2026-05-30 00:00:00,86.0,,MS Partnership,Mississippi,Layoff,,,Prentiss,336211- Motor Vehicle Body Manufacturing,
Mississippi,Birdsong Peanuts-Aberdeen,Prairie,2026-02-13,2026-06-30 00:00:00,7.0,,MS Partnership,Mississippi,Layoff,,,Monroe,424590 – Other Farm Product Raw Material Merchant Wholesaler,
Mississippi,Regency Hospital,Meridian,2026-02-11,2026-02-11 00:00:00,102.0,,Twin Districs,Mississippi,Closure,,,Lauderdale,622110 – General Medical and Surgical Hospital,
Mississippi,"NIKE Retail Services, Inc",Byhalia,2026-01-26,2026-04-03 00:00:00,193.0,,MS Partnership,Mississippi,Layoff,,,Marshall,458110 – Clothing and Clothing Accessories Retailers,
Mississippi,GXO Logistics,Southaven,2026-01-06,2026-01-31 00:00:00,220.0,,MS Partnership,Mississippi,Closure,,,DeSoto,493110- General Warehousing and Storage,
Mississippi,Westlake Chemical,Aberdeen,2025-12-16,2026-02-28 00:00:00,99.0,,MS Partnership,Mississippi,Closure,,,Monroe,325998 – All other Chemical Product and Preparation Manufacturing,
Mississippi,NOV Energy Products Services,Iuka,2025-12-01,2026-04-01 00:00:00,12.0,,MS Partnership,Mississippi,Closure,,,Tishomingo,326122 – Plastics Pipe and Pipe Fitting Manufacturing,
Mississippi,Milwaukee Electric Tool Corp.,Greenwood,2025-11-29,,,,Delta,Mississippi,Layoff,,,Lefore,333991 – Power Driven Hand Tool Manufacturing,
Mississippi,"Burgess-Norton Mfg. Co., Inc.",Oxford,2025-11-06,2026-04-15 00:00:00,79.0,,MS Partnership,Mississippi,Closure,,,Lafayette,331221- Rolled Steel Shape Manufacturing,
Mississippi,Spectra Laboratories,Southaven,2025-09-22,2025-11-25 00:00:00,155.0,,MS Partnership,Mississippi,Layoff,,,DeSoto,621511- Medical Laboratories,
Mississippi,"Boyd Tunica, Inc./ Sam’s Town Hotel Gambling Hall",Robinsonville,2025-09-04,2025-10-10 00:00:00,177.0,,Delta,Mississippi,Closure,,,Tunica,721120 – Casino Hotels,
Mississippi,Resolute Forest Products US Inc. / Domtar,Grenada,2025-08-21,2025-09-25 00:00:00,176.0,,MS Partnership,Mississippi,Layoff,,,Grenada,322120 – Paper Mill,
Mississippi,Advanced Distributor Products,Grenada,2025-08-13,2025-08-14 00:00:00,69.0,,MS Partnership,Mississippi,Layoff,,,Grenada,333415 – Air Conditioning and Warm Air Heating Equipment and Commercial and Industrial Refrigeration Equipment,
Mississippi,"SIMOS Insourcing Solutions, LLC",Olive Branch,2025-08-05,2025-10-03 00:00:00,159.0,,MS Partnership,Mississippi,Layoff,,,DeSoto,561311 – Employment Placement Agencies,
Mississippi,"Rex Lumber, Brookhaven, LLC",Brookhaven,2025-07-11,2025-09-09 00:00:00,71.0,,South Central MS Works,Mississippi,Layoff,,,Lincoln,"423310 – Lumber, Plywood, Millwork, and Wood Panel Merchant Wholesalers",
Mississippi,Finch Henry Job Corp Center/Education & Training Resources,Batesville,2025-06-02,2025-06-11 00:00:00,113.0,,Delta,Mississippi,Closure,,,Panola,611710 – Educational Support Services,WARN - financial challenges
Mississippi,iQor Holding US LCC,Meridian,2025-05-31,2025-06-23 00:00:00,50.0,,Twin Districts,Mississippi,Layoff,,,Lauderdale,334413 – Semiconductor and Related Device Manufacturing,WARN - nonrenewal of contract
Mississippi,SSC Servcies for Education at JSU,Jackson,2025-04-29,2025-06-30 00:00:00,41.0,,South Central MS Works,Mississippi,Layoff,,,Hinds,561720 – Janitorial Services,Non-WARN - non-renewal of company's service contract
Mississippi,"Pregis Innovative Packaging, LLC",Tupelo,2025-04-03,2025-06-30 00:00:00,40.0,,MS Partnership,Mississippi,Closure,,,Lee,326112 – Plastic Film and Sheeting Manufacturing,Non-WARN - due to business conditions
Mississippi,C & D Jarnagin Co. Inc.,Corinth,2025-04-02,2025-04-15 00:00:00,3.0,,MS Partnership,Mississippi,Closure,,,Alcorn,315210 – Cut and sew Apparel Contractors,Non-WARN - lack of business
Mississippi,"IG Design Group Americas, Inc.",Byhalia,2025-03-27,2025-08-26 00:00:00,113.0,,MS Partnership,Mississippi,Closure,,,Marshall,541990 – All Other Professional Scientific and Technical Services,
Mississippi,NauticStar Boats,Amory,2025-03-18,2025-04-17 00:00:00,47.0,,MS Partnership,Mississippi,Closure,,,Monroe,336612 – Boat Builders,WARN - economy
Mississippi,Mississippi Polymers,Corinth,2025-03-18,2025-06-24 00:00:00,102.0,,MS Partnership,Mississippi,Layoff,,,Alcorn,325211 – Plastic Material Resin Manufacturing,Non-WARN - unexpected drop in orders
Mississippi,"WWL Vehicle Services Americas, Inc.",Canton,2025-02-18,2025-04-15 00:00:00,35.0,,Southcentral MS Works,Mississippi,Layoff,,,Madison,488510 – Freight Transportation Arrangement,WARN - due to customer reduction in production
Mississippi,CAPSTONE Logistics,Canton,2025-02-12,2025-04-14 00:00:00,65.0,,Southcentral MS Works,Mississippi,Layoff,,,Madison,488210 – Support Activities for Rail Transportation,WARN - due to reduction-in-force
Mississippi,Enviva Pellets,Amory,2025-02-06,2025-02-07 00:00:00,30.0,,MS Partnership,Mississippi,Closure,,,Monroe,321999- All Other Miscellaneous Wood Product Manufacturing,WARN - due to customer reduction in production
Mississippi,MW Components,Pontotoc,2025-01-27,2025-01-29 00:00:00,121.0,,MS Partnership,Mississippi,Closure,,,Pontotoc,333248 – Industrial Machinery Manufacturing,WARN - due to loss of primary customer
Mississippi,"Diamond Comic Distributors, Inc.",Olive Branch,2025-01-22,2025-03-19 00:00:00,131.0,,MS Partnership,Mississippi,Closure,,,DeSoto,"424920 – Book, Periodical, and Newspaper Merchant Wholesales",WARN - due to facing financial challenges
