Store,Analyst,Industry,Type,Title,Link,Published,Summary
BJ's Wholesale Club,Ashwin Nair,Mass Merchandisers,Opening,"BJ's Groundbreaking in Ocala, FL - Rutland Herald",https://news.google.com/rss/articles/CBMivAFBVV95cUxQQkRDWDY5SnVFa3A3RlRUTjMzWGtQYzZwekh1ZzI2MTgxN2xQWndpczFmRnY5VkNtbU91WW8tcFRuS3EweENzeWtXVDNtaDRWT2xNVjZfanJ4N0swdjVvenVIRWx3dzhRN0RQMGhPRG9wMW1JTVpuQnJpdDQzWkZubUNQY1ZVdXZqbTNNSHJuQ3ZXMHRabGk5U2NJWmFHekc0TENnY25ySUNtbm9yXzBldDBNdVZSb2pJc3d4aQ?oc=5,"Wed, 27 May 2026 17:25:33 GMT","BJ's Groundbreaking in Ocala, FL Rutland Herald"
BJ's Wholesale Club,Ashwin Nair,Mass Merchandisers,Opening,"BJ's Wholesale expands, and it's getting closer to Southwest Ohio - Cincinnati Enquirer",https://news.google.com/rss/articles/CBMiwwFBVV95cUxPNG1vQ2s2UHZEWHcxZzFoakJ2clVEZ2NjclkwU0RLWXJCLV9WaGFnM3NJV2xGb3Y2ZW1ISWR0MEF6MWlmOTFrUXg4ajJPMTBRUjhaUVRRYmdWaGFzemFiWDBsVHpQbGt6R2hZcTA3YlN6bVE1WmxtQlZzWlgwV1p4alFENDJ4WjE5RzA0OTNvbEpDVW9pTGRqMlhYVExIQ21xOENTekVCYjBsQmdoOTA4MVd3dDU2S2ZrWDdtMTBPMGUwMTA?oc=5,"Wed, 27 May 2026 08:14:00 GMT","BJ's Wholesale expands, and it's getting closer to Southwest Ohio Cincinnati Enquirer"
BJ's Wholesale Club,Ashwin Nair,Mass Merchandisers,Opening,BJ’s Wholesale Club to open Portage location - Inside INdiana Business,https://news.google.com/rss/articles/CBMilAFBVV95cUxQZXlqeGV5RjlObXppaG1zUUdNaVlic1UzUG95emZHbi1OVkg1Ni03LTZzZHUtbWp6THVYaDJnMWc3WnJtVVIyd3pWMzFhT3dKcnE0RjJON2lQSXlPQ3UwRXEwbHhOdUxJclU4QUNLTWs5aldJUmJVeURqMlVjaWZ4YlZpYVpjSWRmcVZGbDhNdnloNmVR?oc=5,"Tue, 26 May 2026 21:42:49 GMT",BJ’s Wholesale Club to open Portage location Inside INdiana Business
BJ's Wholesale Club,Ashwin Nair,Mass Merchandisers,Opening,"BJ’s Wholesale Club, a Costco rival, to open this year in Portage - nwitimes.com",https://news.google.com/rss/articles/CBMiiAFBVV95cUxOTW9maEJrYkNqdkJLRkdxQnRDQU81cUMtZG5Fd2lzVVl3X19TeUN3TlhwbzJwSG9reDBVUjZiMlU1ZkRPbnFPSm5ScDVqQkZjbXpiazU1UlViYU1MZ0U5bkhSRDlWdllaR1lyRlRPcjJ4cE1RZ2xTOWV0LURpbDZTRzBTZUZNdEVx?oc=5,"Tue, 26 May 2026 21:30:00 GMT","BJ’s Wholesale Club, a Costco rival, to open this year in Portage nwitimes.com"
BJ's Wholesale Club,Ashwin Nair,Mass Merchandisers,Opening,Four New Stores Propel BJ’s Wholesale Club Expansion Strategy - HomePage News,https://news.google.com/rss/articles/CBMiqgFBVV95cUxPTjc2cGF6VW04RnZSRXJtWXZzTGF1ZExJMWJLUjQ0LWN4WGU3U0RWSXFuekxkOU5UOExEa1RfNFh4aWp2OW9zMV9Mem5mNDZVVUR5eG15c0FUWGF6a1ZpcTF6dlN1TFJReE1JQWkyTWsyaG5WSEg3T1NYTUw4MlpVd3duSVNXQ0ZOVUhnRGZuUk5tLXBLckFBUUxlWVhxYk9sSmw5QmJJZndoQQ?oc=5,"Tue, 26 May 2026 16:29:53 GMT",Four New Stores Propel BJ’s Wholesale Club Expansion Strategy HomePage News
BJ's Wholesale Club,Ashwin Nair,Mass Merchandisers,Opening,BJ's Wholesale Club bets big on Florida with 3 new locations - Treasure Coast News,https://news.google.com/rss/articles/CBMiwgFBVV95cUxOMEoxbDl1MzVGZENvRXZtTHVsUDkyWFBfYS1XMXpyNVpvSmhMbFlNRXdtSHZTM2JTSndXWi1EdmJBd25SbDRvNWtjMWlJRlFKRklDelpjQ3l0LXNsYTRPbXFvVFM5VlltR05YREg3NElvSW1QMjBHV0JZRUtkRFl5M0FRZlNOZHZ5cm1FQk5WaWtZdWFJWkIycFVKRDlHSURTZ1dkYlRFcVJzNzgwamdFMWZQMDRVTUFwc3hNMnE1cEQ2Zw?oc=5,"Tue, 26 May 2026 13:51:00 GMT",BJ's Wholesale Club bets big on Florida with 3 new locations Treasure Coast News
BJ's Wholesale Club,Ashwin Nair,Mass Merchandisers,Closing,A Look At BJ's Wholesale Club (BJ) Valuation After Q1 Beat And Sharp Share Price Pullback - simplywall.st,https://news.google.com/rss/articles/CBMi5gFBVV95cUxQZ1ZlNTRGdFZGempQVFRWT0lXRmNhRUlwWU5QQ0ViZVdzbjBsaFRjaFhvd3hpOUs1Tk1CQlFTWjZfSE1XUjdiS0gycDVvMW5pdVRjaDhXMFVGeHZJWUNjU19EYktUYkRCVkY4bXZ5UzhKNWVyUDgyUUlmeE5nVlJaeVUzNFY4Szhaa3o0LWs1dTdCYlo3ekw1a3ZLZW9EeFRMQ2dLZjlsbW5TRnJnNnJWM2Q0OHZtblhCTk42bGFUQUlYUFZyRm9LSEhYOXVKR2M5T29TSVNqM3Q3dlM2TUlOZThIelR6Z9IB6wFBVV95cUxQaEFPNkhUR2dKaDlaRm5RQjRXS1M2YnhyQ29GSWZTWmN1Sk51bHA1TzJRaTRQRnVETUdmbGgyaDY3SkctamNFUGF5WUd0MW1Kb01NVlFqOENYNTBuTkNPWWxla003YmFiUlYtSjZaZVNRZ0Z5bXJwY1gwMkItTzkyUEFhZVFlR2JiYlhtcDBLMm5TWEgtU2V5Y2RkVlJNNmlScUZHVHVPdkhuSl9lNmFLeExuUUFyUTg5TjZHYkFsT01aQzBGN1JlbEhZV3J4Vkk5UmExZVgwb0gwNlpFLWZfZkEyXzM1OGxSWmxJ?oc=5,"Mon, 25 May 2026 18:36:40 GMT",A Look At BJ's Wholesale Club (BJ) Valuation After Q1 Beat And Sharp Share Price Pullback simplywall.st
dd's DISCOUNTS,Ashwin Nair,Mass Merchandisers,Closing,Will Ross Stores' Expansion and Strategic Initiatives Drive Growth? - TradingView,https://news.google.com/rss/articles/CBMivgFBVV95cUxPX1JRblItemlKUVRTRXkyT1lLTFpnT29nSUZxaHp3akJGSk9zdnJpS19Ia3gxQVpGMUVLb3Z3SlpZRE9jc0FkQ2JFLWRrWGJlS1VHcjBzVTBJZ09VS0N6VjBGbU5zTmtDcF9WdU9RODFBZkk5VVlGaUtjN2l0dzJ6NGIyUkRTOXZiMTdpbU9DT3JlOU5melRoczB3dllQUzAtOGV1b0phRzNkcTRfNFNqakptd21iazdGS1ZZbXZn?oc=5,"Wed, 27 May 2026 16:03:00 GMT",Will Ross Stores' Expansion and Strategic Initiatives Drive Growth? TradingView
Dick's Sporting Goods,Ashwin Nair,Mass Merchandisers,Closing,42-year-old sporting goods chain quietly closed over 175 stores - thestreet.com,https://news.google.com/rss/articles/CBMipgFBVV95cUxPVGxjOTF6aHlib3ZYSDNBWlI4d2ZoNW9TdnVCTGZ6WGt5WF93S05faERTRE03bTVJYUR2UE9GaHR4UEd5X2tkRnc3dzZ5UkhWVVRZMFJXQWhTVl9lRWdqRFRQVlphNDA3Qnd6N3Z6SE14UGlWalI3SUYxY0l5emlZbDlwS09hVmQwQ1RPOTVnM3VYbjZMeVBubTFFSlhKSWNqcFpKaVRB?oc=5,"Tue, 26 May 2026 19:10:42 GMT",42-year-old sporting goods chain quietly closed over 175 stores thestreet.com
Dollar Tree,Ashwin Nair,Mass Merchandisers,Closing,"Budget retail giant shutters 350 stores — including 3 in California, as hundreds more closures planned - New York Post",https://news.google.com/rss/articles/CBMiqgFBVV95cUxQLUhFNGw4M2tUVzVaSVdyRHB6b19GN1hoUFJ4NUJXV3lmOGtKaUJqY0N6UWZjVmY3dTFpT29XQW5Cbk9zMmxtaDdrS1NXQVpYTldUVVEwbmVSZVNlSmdTUkdTeXdjQ3VBb3pDclozUzJxOGNjQ2xOaGFwOEwycmJsaGVMRm85c3JwWXlkZEVoblc2M0FMOWtERUNwc2tuTzFNVmhGU01PdXRrQQ?oc=5,"Wed, 27 May 2026 18:14:00 GMT","Budget retail giant shutters 350 stores — including 3 in California, as hundreds more closures planned New York Post"
Dollar Tree,Ashwin Nair,Mass Merchandisers,Closing,Ohio sees 28 Family Dollar store closures since summer 2025 - The Columbus Dispatch,https://news.google.com/rss/articles/CBMipwFBVV95cUxPSmVlU1d5eEZQd3NjWGZ3YjlRYkpSYTBoN3VTcTZwWkJ4dGpvOVFYck1TaHFmNHJreEhpc05kdXNXOWY2R0RWSU82M0tYeU8ySTQ5TFhtN0wtYWk1MzVUQnpWQlVPWUNsYXlnQlpuV2hIa3pkUjhKQTA1aF9iaEpYRENldnRXazB1eG1ISmxhNW1rel8zb3JsVFphMWplSHJycWpEYU9Qaw?oc=5,"Wed, 27 May 2026 17:16:00 GMT",Ohio sees 28 Family Dollar store closures since summer 2025 The Columbus Dispatch
Dollar Tree,Ashwin Nair,Mass Merchandisers,Closing,"Discount retail giant closes 350 U.S. stores , sparing only six states - thestreet.com",https://news.google.com/rss/articles/CBMitAFBVV95cUxOZFdjOVVJakZCMXo1bVZNaWpvQ3AtcS1BaFFuWTBtRGEtOVhjTFhuekRCaHoxOGczc1JYYXdDVnJkb2x2aHdhUTRBZlRHOE5fbW8tVkNOLW12V2JneDR3VmVaY2I1S3loMEt0RlhWWGJROVB2LUtxcmR5a1hkUUU3alpqT3ZUYUZDOHhYVEdCV2JvSGNJV0NpOTE4TjhkX1ZaRTd3ZGNYNWZJNER5ckVkZng3cGg?oc=5,"Mon, 25 May 2026 15:36:09 GMT","Discount retail giant closes 350 U.S. stores , sparing only six states thestreet.com"
Autozone,Komal Agrawal,Mass Merchandisers,Closing,AutoZone reports earnings beat amid retail sector struggles - MSN,https://news.google.com/rss/articles/CBMi1gFBVV95cUxPN2hhdlpHcU94emZ2RkxCUDdNcFd0TDlORmQ4WkZXVmFqckNTRll6a2Npd05YaHE3NGczUkpEZXpYWHd2YVg0MURpUXBieEdzeUl4QVdtbjVQN1hvS3FxakdlRFJQaXRUT1BITE5HSzVTVWEtUzM4eHRnNmlQN2xnQzlXa0oxNHRpcm9BdkxlOEhyMkpRVGZzQmdjbURFYV8zOHJmMDBIUVBzalR1RldUc09YLS01SmJKUHFZdWxiVXgzakZYZHpjeXF5cHJwcVVONkl6NXB3?oc=5,"Wed, 27 May 2026 05:12:42 GMT",AutoZone reports earnings beat amid retail sector struggles MSN
Autozone,Komal Agrawal,Mass Merchandisers,Closing,AutoZone earnings climb as new mega-hub stores beat sales expectations - Daily Memphian,https://news.google.com/rss/articles/CBMilwFBVV95cUxNMDRQQnZWYzczTlZuaDF4UVRad3RYOVFSNl9STWw3eEtEdllSdWI5cTIzS1BjbXg4N2I2dl9MVzZuVlQtekNmUk02STJMNjV5blBUS3F3VXl2emMzUE96c2hEMXo1Tk5zdnM3RzR0WVZoYll2SDFTVTdQNDlTM3Z2clg0NVNnZ1AzeEdRWDFTS1Q5dVNoVld3?oc=5,"Tue, 26 May 2026 17:52:00 GMT",AutoZone earnings climb as new mega-hub stores beat sales expectations Daily Memphian
Autozone,Komal Agrawal,Mass Merchandisers,Closing,"AutoZone Down Over 8%, on Pace for Largest Percent Decrease Since May 2022 -- Data Talk - Moomoo",https://news.google.com/rss/articles/CBMizwFBVV95cUxPNjlUR1pGbjFKWmlINklFS1Z4NUIzTExlNWVNenRDRkUtVWg4bmpFWHB6dHo0QlpHMVptY0ZqMmJZdnExVjBxbm5DcUZjVGtNWTc4QUYydF9GT25Ic2tYdDJzRjBfelJnOEJpMzg1TWVwVE9VcGduWXJRTUNxdEVRRFhlTTBfemFOVEZ3Rjh4UjN3YV9NSUxRSFBXUThNS3p5eHlSUkNmZ2hiVzdEZG5Eai13T0wwd05VdXlycGhtRGRULUlQVWk5S2UxdWpvRWc?oc=5,"Tue, 26 May 2026 14:02:00 GMT","AutoZone Down Over 8%, on Pace for Largest Percent Decrease Since May 2022 -- Data Talk Moomoo"
BP,Komal Agrawal,Convenience Stores / Distributors,Opening,"'Removed Without Warning, Explanation': BP's Ousted Chairman Manifold Albert Breaks Silence - NDTV Profit",https://news.google.com/rss/articles/CBMixwFBVV95cUxON2E4endUNThnWlNvdlN0SE9lRUw0UGVNU19JMnNJR25NXzdwRzc1OGlWV2IwY3plNXhHVnl4c1dPazRyNTRiZ1BFNnBGTl80UnZIMy1IS3hBdlJJcmNWM1FHTVE1Qmd6aEJvT1RzWEtONU5ORFVXY1pCa0tUNzV3aEdoZmpMTjZIUkR3d3Zrd2tJRjJpS2R5aFNtbWdiektOYmhyNUtlQUFTbTE3YVNJc2kyeWpYR0RGZG0ySm1CRXRleGtWRUZn0gHPAUFVX3lxTE04S3pNaXN3RlY5emdsVU1OX0g4b2l4ajMyNjBVZUJybXN3R0h3blFneW1uMUtZWGxwRFlLTTZNbFVlc3BkNUlucmFqZnJCdGF1OHA1dlI2ZHpHVXZCMF8xZmh2ZUxMUFZNMHRfSFFTWXhXeS03YXQ1TnNoYmhmU0s3eFJzZ01acDRaT3FqMzFzdmZVcGZxUWREUkw1YW41anUtQVFVM0xIUjJwcHc4SG94Z3ZxTDJRblZod1p3LUY3TTNlbUJtelZKRlNCTS1NVQ?oc=5,"Wed, 27 May 2026 02:15:55 GMT","'Removed Without Warning, Explanation': BP's Ousted Chairman Manifold Albert Breaks Silence NDTV Profit"
Hornbacher's,Komal Agrawal,Grocery,Closing,Change.org petition launched in hopes of saving Fargo's Hornbacher's Express store - InForum,https://news.google.com/rss/articles/CBMiswFBVV95cUxNRWRXNU8tVWw3bTVaVnkwVUZlMy1PS1FsQzRDOE1mU0lGbEFtYmhZOEowU1czX05YMjVzNDVmSXdyeVJBZl9OZjY4TDlLTVRHQkw5YUJ2NDdLRzg3cTRsZFFYVU9VMWo3M1I3N3E5YjNRSDVPOG1kX2E2STlKX0RjVzktb2t2RksyT3hMUkFURzY4Uzh4TDNLRklXNkVORzd5dHhHWmJmUXZNQktUNU5PTFFqdw?oc=5,"Tue, 26 May 2026 16:54:03 GMT",Change.org petition launched in hopes of saving Fargo's Hornbacher's Express store InForum
Hornbacher's,Komal Agrawal,Grocery,Closing,Woman starts petition to try and save Hornbacher’s Express in Fargo - KFGO,https://news.google.com/rss/articles/CBMimwFBVV95cUxPY1gxTVgwQnpxMXNYUlJwcnR5RnlrbDNaRDdWcUpQaFMxSHROQmQzRnlVWk4yckNrN2xPWS15bm03aGdoX3RHVW1OcEtfd0p2aUpDaFByVmkwclBMbHNmSDI5cVE2ZU9yaUFIZDZDSU9tb0tHRDNJYU13TmFJWEJRVVUtdURrQS0wZHdTNzBXVG1wTUlIbHptUWpTZw?oc=5,"Tue, 26 May 2026 09:01:57 GMT",Woman starts petition to try and save Hornbacher’s Express in Fargo KFGO
Family Dollar Stores,Rishi Nagar,Mass Merchandisers,Closing,"Budget retail giant shutters 350 stores — including 3 in California, as hundreds more closures planned - New York Post",https://news.google.com/rss/articles/CBMiqgFBVV95cUxQLUhFNGw4M2tUVzVaSVdyRHB6b19GN1hoUFJ4NUJXV3lmOGtKaUJqY0N6UWZjVmY3dTFpT29XQW5Cbk9zMmxtaDdrS1NXQVpYTldUVVEwbmVSZVNlSmdTUkdTeXdjQ3VBb3pDclozUzJxOGNjQ2xOaGFwOEwycmJsaGVMRm85c3JwWXlkZEVoblc2M0FMOWtERUNwc2tuTzFNVmhGU01PdXRrQQ?oc=5,"Wed, 27 May 2026 18:14:00 GMT","Budget retail giant shutters 350 stores — including 3 in California, as hundreds more closures planned New York Post"
Family Dollar Stores,Rishi Nagar,Mass Merchandisers,Closing,Family Dollar Closed 350 Stores - AOL.com,https://news.google.com/rss/articles/CBMigAFBVV95cUxQTkd1RS1SeUZfeHlURkxYNlMweS1ad3duYUdSclo0VFJsU1kxaWxfbHg1SWhlNjB3elRlcFlBNXpUNkd2RU4xWEFMVEtPLUpiOGl1UW12TnpLSGxOSXZ2MVhPR2dieVhoOUlvT2NVN1BqWWlaNTBUdFlpMFhSa2lfSQ?oc=5,"Wed, 27 May 2026 17:25:14 GMT",Family Dollar Closed 350 Stores AOL.com
Family Dollar Stores,Rishi Nagar,Mass Merchandisers,Closing,Ohio sees 28 Family Dollar store closures since summer 2025 - The Columbus Dispatch,https://news.google.com/rss/articles/CBMipwFBVV95cUxPSmVlU1d5eEZQd3NjWGZ3YjlRYkpSYTBoN3VTcTZwWkJ4dGpvOVFYck1TaHFmNHJreEhpc05kdXNXOWY2R0RWSU82M0tYeU8ySTQ5TFhtN0wtYWk1MzVUQnpWQlVPWUNsYXlnQlpuV2hIa3pkUjhKQTA1aF9iaEpYRENldnRXazB1eG1ISmxhNW1rel8zb3JsVFphMWplSHJycWpEYU9Qaw?oc=5,"Wed, 27 May 2026 17:16:00 GMT",Ohio sees 28 Family Dollar store closures since summer 2025 The Columbus Dispatch
Family Dollar Stores,Rishi Nagar,Mass Merchandisers,Closing,"Discount retail giant closes 350 U.S. stores , sparing only six states - thestreet.com",https://news.google.com/rss/articles/CBMitAFBVV95cUxOZFdjOVVJakZCMXo1bVZNaWpvQ3AtcS1BaFFuWTBtRGEtOVhjTFhuekRCaHoxOGczc1JYYXdDVnJkb2x2aHdhUTRBZlRHOE5fbW8tVkNOLW12V2JneDR3VmVaY2I1S3loMEt0RlhWWGJROVB2LUtxcmR5a1hkUUU3alpqT3ZUYUZDOHhYVEdCV2JvSGNJV0NpOTE4TjhkX1ZaRTd3ZGNYNWZJNER5ckVkZng3cGg?oc=5,"Mon, 25 May 2026 15:36:09 GMT","Discount retail giant closes 350 U.S. stores , sparing only six states thestreet.com"
Nordstrom,Rishi Nagar,Department Stores,Opening,"Nordstrom Rack to open new 24,000-square-foot store in popular mall - the-sun.com",https://news.google.com/rss/articles/CBMimAFBVV95cUxPN0s0cWZzZElxZHpjTl8tOThXbWVsWkV0U2N3SVhjaUxrRjM1bk9ybXJidEgyZDVOSTllV1dzYjNwUEI3RGM1N3kyWDd1UXVUUC1oUWw1OTdYTE40cnUzaHZCYXdXNDA5Wm51b1o5WjBmMGQ3dkZEMGhrWnZYaEo4NGVnVVFLQmZGaWczdXRUbWNQUVVVWU9qNg?oc=5,"Wed, 27 May 2026 18:05:01 GMT","Nordstrom Rack to open new 24,000-square-foot store in popular mall the-sun.com"
Party City,Dhiraj Manghani,Mass Merchandisers,Opening,Gardner Outlet Furniture and Party City on the move in Leominster - Sentinel and Enterprise,https://news.google.com/rss/articles/CBMitgFBVV95cUxOZlR4LVlocC0tT3VNUTBEbFViZ3E1NFdrcE45VTQyNEFYdFQzeFBkZzduOWZka1czRnZudzZWYm1pVHd0enRWSEx4QzZ4YVprQlhRNWxFREc2SDc4NWdsNDNCMGVRZUVSaU5pd2poLU1BRmlRX1pDMHl2ZDlaSFdWQlVueDc2cHhIam5jZV8wUzBodXhGUjRGNmN6Q2xQMHFDcTFVT2ZURU92Tm4wVWlORkxKRllSdw?oc=5,"Tue, 26 May 2026 10:49:10 GMT",Gardner Outlet Furniture and Party City on the move in Leominster Sentinel and Enterprise
REI,Dhiraj Manghani,Mass Merchandisers,Closing,REI flagship NYC store announces official closing date - New York Post,https://news.google.com/rss/articles/CBMimwFBVV95cUxQZ194M0NXNlJOSVpZbDlxeW9oQV9EWjV2YlJvRWlaT2FNdnFyTnc1d3k1OW9SeThBbkxUcHN5dXlLaTI3ejI0T0IxSnhLRVlqRHZHcWRhRXd3R1dBbEVTM2d3QVpxUE82WlNldmlLb1BKZVZ1Wktvek01Q3J0T2FHRjBkVlJSVnBTUnRiZWVYYk5ZbFFuUG5FcmJoNA?oc=5,"Tue, 26 May 2026 19:44:00 GMT",REI flagship NYC store announces official closing date New York Post
REI,Dhiraj Manghani,Mass Merchandisers,Closing,The End Is Near for the Soho REI - Curbed,https://news.google.com/rss/articles/CBMihwFBVV95cUxOczhHbTFHdGtfRkI1MzFoYVZHTFR4TGFMb3dMY0kwc09UY2NLWUpMRnJKbUNFYk5rU3NvbXVUSVVrcC1VLVRFcndZQWxUMnRiM0pHWjQ5c3dpYlUxZEtXSkhiU3pyalFiWFVwM1l1MnFMR0kwZEhLZTRzWEZaMkwwbFl0NXY4ekE?oc=5,"Tue, 26 May 2026 14:47:08 GMT",The End Is Near for the Soho REI Curbed
Sam's Club,Dhiraj Manghani,Mass Merchandisers,Closing,Jamestown Sam's Club Among 63 Closing The Motley Fool Canada (478LyNPskL) - Mshale,https://news.google.com/rss/articles/CBMiW0FVX3lxTFBwb0JwR1VjbTNMUWUxTm1iR25qR1l4MU5jUll6MGYtSXhMOXAtelBMNG5LZWtVa0ZFYVRFX3ZWcDQ5R0RHT2pWcEJGUFVLR2txaFZKOVVaMXFEY28?oc=5,"Tue, 26 May 2026 21:30:05 GMT",Jamestown Sam's Club Among 63 Closing The Motley Fool Canada (478LyNPskL) Mshale
Scheels,Dhiraj Manghani,Mass Merchandisers,Closing,Everything you need to know about the 2026 Air Force Academy Graduation - KOAA News 5,https://news.google.com/rss/articles/CBMirAFBVV95cUxNQVVtcnE4dTZKN0hzTEt0YTE1TFB6R2VzSjdBNDBwN1lOWGZpcmNWTktxeVprZmppakhYbURCT054QVU2NFlhTDgtaWZzV2thbWVIckxFQ3dzbDAtWWFBUlJJTnNXWWlLaTdQQXBhV2xvN3VIekFPbjlGMnU3SjFaM0pxdklkV1VJdV9jcWtwbWt1cXlKSzdRcGNnVkVhM19lanBnXzhwQ2RVYnpz?oc=5,"Tue, 26 May 2026 13:47:06 GMT",Everything you need to know about the 2026 Air Force Academy Graduation KOAA News 5
Ross Stores,Rahul Vasaya,Mass Merchandisers,Closing,Will Ross Stores' Expansion and Strategic Initiatives Drive Growth? - TradingView,https://news.google.com/rss/articles/CBMivgFBVV95cUxPX1JRblItemlKUVRTRXkyT1lLTFpnT29nSUZxaHp3akJGSk9zdnJpS19Ia3gxQVpGMUVLb3Z3SlpZRE9jc0FkQ2JFLWRrWGJlS1VHcjBzVTBJZ09VS0N6VjBGbU5zTmtDcF9WdU9RODFBZkk5VVlGaUtjN2l0dzJ6NGIyUkRTOXZiMTdpbU9DT3JlOU5melRoczB3dllQUzAtOGV1b0phRzNkcTRfNFNqakptd21iazdGS1ZZbXZn?oc=5,"Wed, 27 May 2026 16:03:00 GMT",Will Ross Stores' Expansion and Strategic Initiatives Drive Growth? TradingView
Sprouts Farmers Market,Rahul Vasaya,Grocery,Opening,Sprouts Farmers Market to open Webster store near Baybrook Mall this week - The Business Journals,https://news.google.com/rss/articles/CBMipgFBVV95cUxPRF9nWXJySkVUOFktN3IxRE9CU0pjSVRSUHdOTHdmcW8xRDFROXhEczBKYno3U0F5V0hBaXhJZkpWVG8xNW5RcU1qVnozRm9DYklpMzJ5cWkxSDZSR1Bha014VTJrNS14d2luWTVGdHR5MUl6c3pPZkt4LWc0NzUwS3JUVjJKaHhpWmFDNk5IVkdYRThNaGpjMXZxeERNRTdEYTNIT2Z3?oc=5,"Wed, 27 May 2026 13:00:00 GMT",Sprouts Farmers Market to open Webster store near Baybrook Mall this week The Business Journals
Chick-fil-a,Rahul Vasaya,Restaurants,Opening,Chick-fil-A opens second Prosper restaurant - Dallas News,https://news.google.com/rss/articles/CBMitAFBVV95cUxNZFNnQTZUbHNhMHlvUkJsYksxTXoyamZIOFZUVnNRdU1lYXYySnVXbUdmYTF5V1ZLZDd3ZmJfZU44bU9vM3pudkV0SjZmdjJXeUtGTEp4bUpTZGJ3Z3FDMDlxMWtRandJQmxORVZpaHBOUXd0X3NVa29lclNZb3JXUTY0VnBBazhvWGxNSno0ZTdSbmlRT0JoUnE4aFNPTXo5eUxhaFp4ZzN3X0N5LUpPUldpM2E?oc=5,"Wed, 27 May 2026 18:19:55 GMT",Chick-fil-A opens second Prosper restaurant Dallas News
Chick-fil-a,Rahul Vasaya,Restaurants,Opening,Chick-fil-A sets opening of once-controversial Jacksonville restaurant - The Florida Times-Union,https://news.google.com/rss/articles/CBMi2wFBVV95cUxPTjQ5aG5oam9sTUhJamdXcTR3WGxLS2lVYWhaMk5QLTA0V25YNFdvOHZrTXdiUFZDNmxRQzhZZk5ubk8zb3lhSDU5R2cyOVpfZVZMV2hSSzB1RjVpck1LRDJUazJkTkhEZXkzdk9ZTDk3ZDVZTVBMVVdld3JsT2ItZWJ5VWo2MzRFVk9GNHBrUTBHRk1NRHhEXy1NV0lfdEVVSk1xNzBtNmVFTlZxVG9PYnRrbmVENnNrRDVrcm8tcXZfNlVSakd0U1VoR1hRbmpCNEF5dEV0eHVHX2c?oc=5,"Wed, 27 May 2026 18:12:30 GMT",Chick-fil-A sets opening of once-controversial Jacksonville restaurant The Florida Times-Union
Chick-fil-a,Rahul Vasaya,Restaurants,Opening,Photos: New Chick-Fil-A now open & busy in Naples - Naples Daily News,https://news.google.com/rss/articles/CBMi1gFBVV95cUxNVEhBUWxnVE9yYkhlSTB2eHppVjNZZFhSbExOU2R1M0pXVkVRNC1EUG9IYmZNekdhc0xEdm5rd0FhXzFiZzhYWTlhMDRBaWd0VENZYmFxUy15TGpHWS1KNHM1SDFfSVhZdnJubXpDWHVKNkdPMXVQUGpxVDY4MXh6czh5TlpnQWRQYWQyVWFQWFVGVHktNF9PU25xVEk0LXdnX2o2Q3BaSU5LaHV5NW9mWGdOTlNyUndzc3p3dGI3VkZFZm1DajBIcGJXRE5OVVp5bnVTWUxB?oc=5,"Wed, 27 May 2026 12:14:00 GMT",Photos: New Chick-Fil-A now open & busy in Naples Naples Daily News
Chick-fil-a,Rahul Vasaya,Restaurants,Opening,"Licensable picture: Chick-Fil-A is now open at City Gate in Naples, Florida, right by Paradise Coast Sports Complex. - Reuters Connect",https://news.google.com/rss/articles/CBMingJBVV95cUxNcl9MTXI3cndwa0NqZXdVZ1NXT2tFNlV4YWFneUZsYXc2OHRwVDJHOWFlWC14VWxENXVTNjhLbTlTNlVrdTVBMHk3cEpGVXlCeTI2YnJmLWdRQnA3ZGYwUXl6OXdNX2U0VUhadVYzODNrZ01QaXZZNGVxMG9yUURPVXJzRHZxMHBMa0Ztd0NPSEZnNVJJcDZ0VXlCV3BrQVN6ZnNHX0ZBcnFVb1Vsbnpvc1NDZlZ4cHlZZVN6cWpUZUE2VmJRZ0FYY1lhbkxRY2hsOXQ1N0hYY1JQWG11aERmaG1YQnRMWU9RQzBCMmhXYkM0cHdpZTJqREtiX05IOWItMF9kUTg0b2NlTWFjWGd0S2FuZVlqMjBqS3ZtRjhn?oc=5,"Tue, 26 May 2026 16:54:00 GMT","Licensable picture: Chick-Fil-A is now open at City Gate in Naples, Florida, right by Paradise Coast Sports Complex. Reuters Connect"
Chick-fil-a,Rahul Vasaya,Restaurants,Opening,New Chick-fil-A Opening in Jacksonville - Chick-fil-A,https://news.google.com/rss/articles/CBMigAFBVV95cUxOLTVfRlhPUktoeFVHcXE4dl9zV19ydzRZNTVuZnRqTGRPTDBrWndSTEcwYzVNU1Zadm00cmJ4b0N1TEFZdmExY1FXVTdjSU9iLU80QksxcHNTVlpLVjROdUZGM21TdHZvaHZWR01fOXNjVnAxdkVRYW5OenQxb2NMYw?oc=5,"Tue, 26 May 2026 13:55:55 GMT",New Chick-fil-A Opening in Jacksonville Chick-fil-A
Chick-fil-a,Rahul Vasaya,Restaurants,Opening,"Business Beat: Chick-fil-A, Ruby's, Likewise Coffee expand; plus a vintage shop, Sephora and more restaurants - Tyler Morning Telegraph",https://news.google.com/rss/articles/CBMi1AFBVV95cUxPZUNzcFFmQjlrTkpkT0pxVVVhM1BYSlJBOENMSTcyeXhiZVUyS1dsY2RYakg0cXNCOUV3YkMtRVVDR3pkODR5M1NURkZFa085LWVER2MxRkJhdGdHRElCQkNOQWo0QUY2UTc1bFp4MXE4RklabnIwUEdmblh4NS1CV1h4ZWlrYllpZ0pieXBDS0kyQlRPMEtRX0VjTjVUZE11UVlVWG9zTVlqUnlBWERFTEdJUWlxM1lwRjdpdXdrOW56S2w0NmQ1ZTZmTHRveFBfOTl5MA?oc=5,"Tue, 26 May 2026 11:02:02 GMT","Business Beat: Chick-fil-A, Ruby's, Likewise Coffee expand; plus a vintage shop, Sephora and more restaurants Tyler Morning Telegraph"
Target,Vishwas Shah,Mass Merchandisers,Opening,"Padres' Joe Musgrove Breaks Silence on Injury, Reveals Target Return Date - Sports Illustrated",https://news.google.com/rss/articles/CBMipgFBVV95cUxNNWxwek9TV3dIUG1kcGhGbF9ja3FzSkg0TXdIajZERW5wRExnMjlncHRrdld6RWs5MEM3VDdVUGZSSkNQbFd4LVdYSU9ad1ZTVzZIQU9zMC1HQkFRdWZyd3M2emlHTmczZjF3b3JYcF96cE9QbUZrTklRS2tXaGNCTWRTN21hbzgzV1FTNTlLLWVvNERuX0hmQVo2TWs1VVJQSnBJa19B?oc=5,"Tue, 26 May 2026 19:00:00 GMT","Padres' Joe Musgrove Breaks Silence on Injury, Reveals Target Return Date Sports Illustrated"
Target,Vishwas Shah,Mass Merchandisers,Opening,Lockheed Martin breaks ground for new THAAD missile manufacturing facility - The Jerusalem Post,https://news.google.com/rss/articles/CBMiY0FVX3lxTE5qRUNWbHRWREQwellQTDhqSi1rM2lxNTZYOWhGOWFzeGJkTG5sZ1RLbTQ5YThCd01LYnRuZFRRSUhkRVBJWERzM0o4MzM0VUpCR2JwaFRTOGt2YXNPNHp3ZEdSOA?oc=5,"Mon, 25 May 2026 21:19:31 GMT",Lockheed Martin breaks ground for new THAAD missile manufacturing facility The Jerusalem Post
ULTA Beauty,Kashish Kasar,Mass Merchandisers,Opening,"Alshaya Group Signs Agreement With Mabanee to Open H&M, Primark, Ulta Beauty and Over 20 More Stores at Aventura Mall - Retail & Leisure International",https://news.google.com/rss/articles/CBMi1AFBVV95cUxPbXZaMkRmajlsQnktcVIwenU1d1BFZElLT0dfVlVVUHhsNEdMRzZyMHZKeWp2dDdtU0RLSXQ4RlViXzU2cnN4RC1HamRmWGs4NTFRVC1GUXNoV3lrdzduNFBRTjVaMGF2SjQtbWJQNjNZbV9DVEQydWotMmE1aXYxVE5HSzJ3cThEVUZjcm40YU5jdUVlUlN6Si1UNGY3OFFwN01YUm1NVWRnM1F1VEZoWGRnam9kSDdPU0dGZExNMEhKN1VkbWJMN3V2dC1mR2I5d1J0Yw?oc=5,"Wed, 27 May 2026 11:14:19 GMT","Alshaya Group Signs Agreement With Mabanee to Open H&M, Primark, Ulta Beauty and Over 20 More Stores at Aventura Mall Retail & Leisure International"
ULTA Beauty,Kashish Kasar,Mass Merchandisers,Opening,Ulta Beauty Coming Soon: Tanger Outlets Fort Worth Enhances Store Lineup with New and Refreshed Brands - Fort Worth Magazine,https://news.google.com/rss/articles/CBMi3wFBVV95cUxPcXp6R2FEUWlLS0gzdnhiYW1DZTlaSUVUcWlWWWFNRWNOVHhHSm5NYXp2X2hBUndtejBvbnZUN0xUZnN3a3ctaE9iUlgweFhoZ0lsYzJ1WUljMHYtMHR3S2trOWtlRFRESXhmQVZZdFNLQWcwU2gwb21oVFZyV1dkbjh3Q01vTUNvYTV2R0JHZzJOUXpwQnkwRENQQUNOd2VZNHFpTmVqVDl2bEhScWt2WlJOQmlZTXdkSnVUWHNpZC15ajRnWlZiR0lGUFYtbHF4NWZ0NHlQZ3FLV1cwTnRR?oc=5,"Mon, 25 May 2026 16:13:32 GMT",Ulta Beauty Coming Soon: Tanger Outlets Fort Worth Enhances Store Lineup with New and Refreshed Brands Fort Worth Magazine
Taco Bell,Kashish Kasar,Restaurants,Opening,New fast food giant set to occupy drive-thru restaurant - Newark Advertiser,https://news.google.com/rss/articles/CBMipwFBVV95cUxQd0R6dnl6bzFzSXBwcDMtbU9TRnd5ODBKVFZIMF8yRkRTd2ZLNUdic2ZGWHN6WlVMTHdpZkk1a2R3Y0FIRUtnY2NMVGVjNGxEbnkyTEJ3SWVxdnE4LVNmZmhlb2FVRWFHM2RwZENQMUJ0Z2hCSUMwLVAyT2o3MFVySFc0bXRBMXd1Y3FCQmxoRGxyQTdKbU1zeExSNW5iel9XWHR5SlBwQQ?oc=5,"Wed, 27 May 2026 09:22:00 GMT",New fast food giant set to occupy drive-thru restaurant Newark Advertiser
Wawa,Ayushi Chandel,Convenience Stores / Distributors,Closing,Wawa sets closing date for 43-year-old South Jersey store - The Business Journals,https://news.google.com/rss/articles/CBMirwFBVV95cUxPNzM5THg4MFRMc2p4Nno4Y1kzZ09JT1BtQWNiUk8xdHdTOE9Fb05vcTAxVXRBTk1VMnMyY3QzY09NX09YVWVtUXBCWjZLU0U2V3VvWHBLbGZtODl1VElHaTBObjZQdk40UXUxOTB6RW5xR2Nsbm80UlNCcFBSaWxpNHVTdXVib2hvMnZBTlpXZzRLNzZDbFIwaHAtelZhQ0NydzhUTTFEaFlfVDFOSGlF?oc=5,"Tue, 26 May 2026 19:06:00 GMT",Wawa sets closing date for 43-year-old South Jersey store The Business Journals
City Market,Ayushi Chandel,Grocery,Opening,Sliderlicious food truck plans new location at NewBo City Market - thegazette.com,https://news.google.com/rss/articles/CBMi5wFBVV95cUxNc2Z1UlgtSFFnZnF2YUdONnUtelo4NWYyNUVXMktxYlZ1UmNGWHVxbk9WdXQxc1Z3RGpMOEhUUUtBRERDMm11RWVSZ0V3M24zeXpjZjBWcklJdTZ2ZzVMUmNXSUltWkY1VXlrdGZGMlZUakJLWG1qYWw1NVhkSW9wMjBoOElpQUZrdVVMd1RKYkx6MUdoNFJPRFJGYUtuYUdyQU9ZN2hiM3lXT1NmUzloSm0ta2V3UVBOd1FhVS1zNDZkU29GVlYxUnhXaEtzTjUzS3pydjFwa0NVT2p3ckNsZUVGUzQ4dVk?oc=5,"Wed, 27 May 2026 11:00:00 GMT",Sliderlicious food truck plans new location at NewBo City Market thegazette.com
FIELDS,Harsimranjeet Singh Ghelani,Department Stores,Closing,ATH Jaiden Fields breaks down his recruitment's closing stretch - On3,https://news.google.com/rss/articles/CBMisAFBVV95cUxOc1p6OEN3RThtNGNoMnZIR2hEVFVLSVc0T0dGNXJEaXZUUE9rZ1lldmxSNWRKMWNUT2xiT3NGZm9mdUJaSXQxaTE1NG9uR2ZTSjdVOGowNkxyUWNxeEVNNjl3TW1xcmticmtPWjQ2M2ZSQ2NLZmZXNm51SEw5RC13bmUxZzlueUlnYW5GVEpUUkFzSmd4SDEzaXpNQWV4UEJSdnUyTE9Ya2lnRTN4cW1uTQ?oc=5,"Mon, 25 May 2026 15:22:25 GMT",ATH Jaiden Fields breaks down his recruitment's closing stretch On3
JCPenney,Harsimranjeet Singh Ghelani,Department Stores,Closing,JCPenney says it's closing the Ross Park Mall store - WTAE,https://news.google.com/rss/articles/CBMiigFBVV95cUxPTDJjSXlqS2YtZjJlYURjaEhRbnE1N205eWxEWk9mOHZaTzR3VE9RekdBa1B4VDVxcU1KZHQtMHVMeUkxRmNiMmRoeFZLcnJOYkxzd1N4a0V1OUFFNURoQ0lSbWhLNndxUHhkdDhsbDRTZ0RXV1Y0NTJTTVhSWV9HWXlYZVIwUjZLOGc?oc=5,"Wed, 27 May 2026 16:42:00 GMT",JCPenney says it's closing the Ross Park Mall store WTAE
JCPenney,Harsimranjeet Singh Ghelani,Department Stores,Closing,JCPenney in Ross Park Mall closing later this year - Audacy,https://news.google.com/rss/articles/CBMib0FVX3lxTE1XN0tIRXJRbUdEamNsY2FqRmwtS0NRVWc1eF81M1FYUFZEN1VzWFBNUS0xbmY2V0ZXRllvYlFpR3ZsTWtLemhBMnRCT2haX0NxSW1YY05GVi1vN3dVeEUtemMzTHNrYzRldG80X2R1VQ?oc=5,"Wed, 27 May 2026 14:50:03 GMT",JCPenney in Ross Park Mall closing later this year Audacy
Saks Fifth Avenue,Harsimranjeet Singh Ghelani,Department Stores,Closing,DC-area malls grapple with closures of former ‘anchors’ - WTOP,https://news.google.com/rss/articles/CBMimAFBVV95cUxQc2FjTFdFX2REbGpaempDLVVqN2w4VzlsVWVDcWF4VGdWOC1oY0FTcll2Nk9ZUHZqbFdSNTZKeVdlZkZSb1FVT3hXX0tIdUs3OWFyd3lkbl9JODFKS0JtQjdDVU9XSllYTXFtUkxqNjB5S090cmJBUWEtRHFrby02ZGp0ZFlvM2JRajhsYWc1VVlMdUFlVUxyVg?oc=5,"Tue, 26 May 2026 00:33:11 GMT",DC-area malls grapple with closures of former ‘anchors’ WTOP
RaceTrac,Kabeer Pandya,Convenience Stores / Distributors,Opening,RaceTrac opens new location on Kubota Way in Gainesville - AccessWDUN,https://news.google.com/rss/articles/CBMijAFBVV95cUxPZEd5OG1GeEh3U214XzR4WGZXd21KdnhkZlZPZVNNRlhxaEx3alZyUVpheGJ0VWk0RmtPSWN2OERIUjdQRXEwOUFrZ0FxdjJTQUdLY2d0NEg1RXAzZU9NM2xrSVFMbFc4RHJpS1dESm5EZG44TWJLUF93VVJyU2xOVFdqeElkN3d0VjlPRQ?oc=5,"Tue, 26 May 2026 05:29:45 GMT",RaceTrac opens new location on Kubota Way in Gainesville AccessWDUN
Albertsons,Kabeer Pandya,Grocery,Closing,Albertsons is closing stores: See a list of doomed locations for 2026 as the grocery giant evaluates its footprint - Fast Company,https://news.google.com/rss/articles/CBMikwFBVV95cUxNbXRrZzNITjBSR2oxRHFCaEJCajI2TTRjNUlUQWIzamdURUo5TWpLczZhTUlkMEhTMkFMU0N6LVJIT3NRdkE5Wlp2M2huUmw4eEFmTk1ZNENtOERyWmdScVk5emczZWlJUjg5d0d1MWx1N2Fhb2h0X1hxeXhvdFVtQnJfZVFSRkpNdTdVX0djdFhqLTQ?oc=5,"Mon, 25 May 2026 12:19:38 GMT",Albertsons is closing stores: See a list of doomed locations for 2026 as the grocery giant evaluates its footprint Fast Company
Balducci's,Kabeer Pandya,Grocery,Closing,Albertsons is closing stores: See a list of doomed locations for 2026 as the grocery giant evaluates its footprint - Fast Company,https://news.google.com/rss/articles/CBMikwFBVV95cUxNbXRrZzNITjBSR2oxRHFCaEJCajI2TTRjNUlUQWIzamdURUo5TWpLczZhTUlkMEhTMkFMU0N6LVJIT3NRdkE5Wlp2M2huUmw4eEFmTk1ZNENtOERyWmdScVk5emczZWlJUjg5d0d1MWx1N2Fhb2h0X1hxeXhvdFVtQnJfZVFSRkpNdTdVX0djdFhqLTQ?oc=5,"Mon, 25 May 2026 12:19:38 GMT",Albertsons is closing stores: See a list of doomed locations for 2026 as the grocery giant evaluates its footprint Fast Company
Tesco Stores,Rahul Shinde,Grocery,Closing,"Bank Holiday Monday supermarket opening times for Tesco, Aldi, Lidl, Asda - full list - The Mirror",https://news.google.com/rss/articles/CBMimgFBVV95cUxNeFN3RkNKZWotazFydTdZV2JBRkF3Z05pcWRISldwZ2FBVzNUV1BuN3ZNNlNLWlpJcXdJbEU3OFFtZzg3NVR1UEJFYzMwM2w5eWV5YTE0NTZoa05wbnU5c0dwZWFyUDFmR3ZyUlg5U1R6TGs5UlJhTmFxak9QMk9OSG1EbDhDQ1Nza3JScGVXbkphWkpDWG95UHN30gGfAUFVX3lxTE14d0pwUWdvV0d4SlRVNmlXWmdaODJHWloxYjRrRmczVUxJUTBQYkF0OV9KUVVsd3laM3dOT1dQeUxxY25BRVVtU1ZMbHVJRkFBcWJWUW92emdMN1NXZENBWkN0VnN3bXFGQmpBZlBTVC1vZGRCU1ZaX240el9rYl9leG1xSVExODNZNU1TR1A1dVFOMmRuU2I2bDNYMXBoaw?oc=5,"Mon, 25 May 2026 10:21:00 GMT","Bank Holiday Monday supermarket opening times for Tesco, Aldi, Lidl, Asda - full list The Mirror"
Tesco Stores,Rahul Shinde,Grocery,Closing,"Tesco, Aldi, Lidl, Morrisons, Asda and Sainsbury opening times on Bank Holiday Monday May 25 - Liverpool Echo",https://news.google.com/rss/articles/CBMikwFBVV95cUxOWi1xc1FTQ2RkNkJhRTRPRURpSzFveGpMdzRWeUlsX09sVXpaNUpiRUZ1Wmp0OFA2SjhwZnBySjJlb0NzWHFvVkFZSkZiVnJQS01BdERtZk45M20xNm00UUwwZ1NiQjYteFZnTGU0cnRtbG5PZjBtNzdYUTFOZF9TMUhUNnQtXzRPNi1pMHZJZFNtSVXSAZgBQVVfeXFMUEpNbmZ4M0pBMmkzeVBRTEsyZkNRSFZGa3BnZ2RfTHAxVEVwRW0tajloeWp2SnZDazZVODROUHFaczhEWkJmS3VrT2Z3U2VKdHFlYjR4NDdpN3pUNWhPUlcyUzlrVmpWOFhmUG51aTQ0Sk5IbERpWE8tNTg2S2xxSm1UYzh0cktZckhNSzdyZ2Y3QTBlUWI1SE8?oc=5,"Mon, 25 May 2026 05:00:00 GMT","Tesco, Aldi, Lidl, Morrisons, Asda and Sainsbury opening times on Bank Holiday Monday May 25 Liverpool Echo"
The Fresh Market,Rahul Shinde,Grocery,Opening,Popular grocery chain will open its first MO location in the Northland. What to expect - Kansas City Star,https://news.google.com/rss/articles/CBMib0FVX3lxTE9XcHRiMGNLOUhBTC1sd25CSWF1Yk1lMENUMHJKQ0lCcDNWbEtQUnRTX0JTOG1GUXJwZkxFR3FmcHFfLWRWRzQ1SXF0RUdrakk5dWFDNE5zZ3ZKYldQSlN0SGlvZFhiZ1dSWHJveUZVb9IBb0FVX3lxTFB3czNMREI2ZDl5ZWc5MjI0ZE4xTnMyS1gyTUY3U0U2S0ZvLWZXY1FTbG9XcEpvLXFKcXNQTlVtanZiYUFIckNwQUlZWlF1Ty1DMkdSVS1idFczZUFEaWtmX25fcVBLNHdJc1pseWg1VQ?oc=5,"Wed, 27 May 2026 17:26:16 GMT",Popular grocery chain will open its first MO location in the Northland. What to expect Kansas City Star
Trader Joe's,Rahul Shinde,Grocery,Opening,Trader Joe’s is opening dozens of locations across 15 states: See full list - MassLive,https://news.google.com/rss/articles/CBMitwFBVV95cUxNQWlVTi1zb1RpM2ZMWU9EbkYyTkNycHl3djNPRnpzVUlRalZtaHFzNnFxeWFKSUVtYmkwNXoxb3dlMEZjTXRFdDVpbUx6bWNucEhEYlk5Zno2d0dnYzZ1d3Q1WmFKM3JaZm5ZcVhwYm9xc3loTXZrR0dFM2p2S0hWajc5RC0ybnNXMnNsOHM4Zk1XcDRrTnhuTEtSbVdPMUp1WEJTNEtpSk5GcVZVNlpBd1hkZEdaMG_SAcsBQVVfeXFMUGxhWlE1UElBMmxsbU12NkV5bFdvT2RtZThMTFhibVBTQWRubDF4Rk5rclhJb2lwRnNhMGZFSF9XVTZFdEFfUGhnUFJlN25rdUt1NXZoV3AwMUkzTXB2UjczTi1FaUZ3WWxsN1k0NDMwTjdwcnBKdkhnc1kyTkR5dXdNNExLLUd1UnA3LUpMeTZhSlRRWHFtNVpwQnAzTEMwVWVoNkMzc0s2aDlNNnByRC1ka1QxNUpZZjRhRWctQklwM21ERmJKcEU2d3c?oc=5,"Wed, 27 May 2026 16:39:00 GMT",Trader Joe’s is opening dozens of locations across 15 states: See full list MassLive
Trader Joe's,Rahul Shinde,Grocery,Opening,"Trader Joe’s to open soon at Desert Ridge Marketplace, be 1st store in north Phoenix - KTAR News 92.3 FM",https://news.google.com/rss/articles/CBMidkFVX3lxTE1ERXRoODNKQ2FwaFd5ejFsX2NmZER0OVQ1eHM2N3NSd1NESFo4bFJmQ3VkUElPUnNvWjFBcHowbEJKMFVQbmc3eGQ5NXZVd194d25xM21yeTQ4eW9MR0ZrUjBOLU9VWlE0Qk50ZkV2b0NzSmlqZGc?oc=5,"Tue, 26 May 2026 23:20:49 GMT","Trader Joe’s to open soon at Desert Ridge Marketplace, be 1st store in north Phoenix KTAR News 92.3 FM"
Trader Joe's,Rahul Shinde,Grocery,Opening,Trader Joe's is opening 9 new stores across several states - WKYC,https://news.google.com/rss/articles/CBMizAFBVV95cUxNQ0F2N2pNTWIwbTVoOGRHV3FtdE1fd0xUalZieEktcVd5REI2WTB0WHExMVFUV1VFS3FhRTNPbEoxOUdtNjhQYzE3U01CYk9vWFNReDFpWktXbmFrb0VzVGVnY09CRWRGZTNRa0Y1Q09sNnpyeUlydnd2WkxFc3N0T3JBMHZhRFp5bEFqV2FxUmpGOGhId08xNjJQOGpyeEpIbkJjWGY5RzFKdTRQZ1JLUmp3RFp6WjZjc25kUTB2TzFSbWxqRTZ1cDJpTHo?oc=5,"Mon, 25 May 2026 17:59:00 GMT",Trader Joe's is opening 9 new stores across several states WKYC
Raising Cane's,Rahul Shinde,Restaurants,Opening,Big crowd greets new Raising Cane’s opening in Gainesville - Gainesville Sun,https://news.google.com/rss/articles/CBMizAFBVV95cUxQSG0zLXlOZ2JKWGlFVnZZUDJhbXktVUt5U0dhT1NVWGZiWGotNGtTSHJtVXVUOEh4QW04SXItZC1GcTh4V29XTjR0MmlnNG04djZfRHVIZW9IZHhUOTZIZHRibXVvd3RRY1BlYWxzWFFoaGlIMVdUZjRNMlIyQ3hKbjVoME9xLW5FVEhUV0c4TFlYX1hScld0VllNN3N5Njd4SUduXzFDUXI1YlZmVjJkOHVaZHo1a2hCUmRCUElxOTF3eWVqWjhyQjVPS1I?oc=5,"Wed, 27 May 2026 18:11:00 GMT",Big crowd greets new Raising Cane’s opening in Gainesville Gainesville Sun
Raising Cane's,Rahul Shinde,Restaurants,Opening,Security moves PETA protester Shannon Blair off the Raising Cane's property during the restaurant's grand opening in - Reuters Connect,https://news.google.com/rss/articles/CBMiugJBVV95cUxQV3FEeGx3dnF4cmhBeU5OQWo0cE9adjVpREVJbk9BLUtDdkxUdG4wRlZLSjdhdEd2T0d0NFY4WVlPZ3h6WGVnOExHRnBFZXZEaV9NRU1iSXl5dUpTSFEybW1LUXNfNENTaFMwcExoaGEtYnYxNl9WWGp6ajUwYW1xZmZ6aUh0S28yN0FCZzVoWjYzU1FTMEpaMWtXTWpaeFgyMFdSeDVsZlZpU0VzNkhQbnJnb2pMOGFpdnhhUFhpVWlyY2F4SXZyWFpNMEk0Q0lzRVp3OENuMmpKVHU4QVRaaS02eDRPOElFUE02Q1VmNHRkcTFUc2twMi1SSkJ6M2NvOGc4OWZCeG8xcVZNVE9PUjBjc0xNZ0ZPbDdYLUswZHB0aU9zVDJzUVc5UXBqRUtoRVJSLWpCOVpiUQ?oc=5,"Wed, 27 May 2026 17:04:00 GMT",Security moves PETA protester Shannon Blair off the Raising Cane's property during the restaurant's grand opening in Reuters Connect
Raising Cane's,Rahul Shinde,Restaurants,Opening,Raising Cane's celebrates opening of second Gainesville restaurant - Gainesville Sun,https://news.google.com/rss/articles/CBMi3gFBVV95cUxQemFnTVF1cGhlNDNvNkhKekNPa1NjcDdfcnctdUc0dW96Wm9TVGJvQmlaU05HWjZiSWlqSHRMa2hzQTV3YzRNSlZuNDMxRFBILV9CYnZVMF9KWUh1bHFhc25rcFN3QXAwZk9fVHI1bm1rRWVxWGFyRVl2cmhkbU9XN1ZXS0YwSEZEeF90YUlWNHMtQnRsS2FLV3gxYkJtcTlmLWl0am5LTjlYNncyUF9EQ2pYcEp0MjYxSEd2cWd2M19zMTY0bGNONVM0OVJUOW80VF83elhuX3VoaWJvR1E?oc=5,"Wed, 27 May 2026 17:03:00 GMT",Raising Cane's celebrates opening of second Gainesville restaurant Gainesville Sun
Raising Cane's,Rahul Shinde,Restaurants,Opening,Raising Cane’s to open new location in Akron: Opening day contest will give 20 customers free food for a year - WKYC,https://news.google.com/rss/articles/CBMikgJBVV95cUxPaktVeVB1SXVnTTh5c3N0alJ4RlphcTIyQ2xVMWZRWGdrdTN1bUtReXg0NEpKcHJqOG5LVGN0RDlqWFdfd0oyanBJZmlTMl8zUzB0UW5aT1FNQzFmV0UtcjBpNHdxZFNmNlNBeXVqMzFDcGpBb3ZMclVjZW90YllpY3E3VTJrOHJRZmZJX2x3SzAycDZrVFN0VUx6TWtfSkRERzFoQmhoWUR0TDB5dHRhdFdzNk1rNTg0dmNXcXhUNHFmbFFEQjFQTndXZWNIT0FsUzNlRGVkaExmVlRXSzQyT19xUXVTSE1jcVlDOFZGOFlqLUNjaDhna1o1MzZ3bDBqVXNROTNpWk9BczlmQ29WdXV3?oc=5,"Wed, 27 May 2026 09:51:00 GMT",Raising Cane’s to open new location in Akron: Opening day contest will give 20 customers free food for a year WKYC
Raising Cane's,Rahul Shinde,Restaurants,Opening,Raising Cane’s to open new Summit County location - Cleveland 19 News,https://news.google.com/rss/articles/CBMijgFBVV95cUxORERKdDRIVGZtV0J0d1JqYXhTU1QydWR4c2hRak0tY2ZwckhteVRMbEZPV2loTVdxcjRnR0JYOG9oSVVHOUgyTUp0SzMzSFdEbHAtWV9mODlkVlJsQ3Y2dnRtVW1sQU9tNVdJV2p0c1NUYkVTaFh2S0dvQlVpSkVPb1R1d0pibDlwcTBWOTR3?oc=5,"Tue, 26 May 2026 18:52:00 GMT",Raising Cane’s to open new Summit County location Cleveland 19 News
Raising Cane's,Rahul Shinde,Restaurants,Opening,Raising Cane’s opens new location in Akron - WKYC,https://news.google.com/rss/articles/CBMi9gFBVV95cUxNREFHVEY4UDhGT25RYnVGNTlyQ1BXblBOTWx0UkprSEtTY0paMjJyWHFkSzdSU1o3Z205Nl9fS1lmQzF4dHpsaUY5QktvX0E4SjhpYWhaTEMyN1NXYXNHTkpNcTlONTZ3d2lXWHAybDNXOHp3QlZIcjFYQ0t0RXZBbkNZeEZINEZyNHpFUXM2ODVsRnpnMGU3S1dPUDQtZGxWYTg5RWZJb2czRzE5blFOdGNkM2lFSGo2NFN0S0lSVmVZdHJISFNoQnd5LXFBcVdwNHUzcWc3MmxqZkdLb2dzNEFlY2xtWXFkM2l4UzZoT3pQZ1U5V2c?oc=5,"Tue, 26 May 2026 15:49:00 GMT",Raising Cane’s opens new location in Akron WKYC
Raising Cane's,Rahul Shinde,Restaurants,Opening,Here’s where Raising Cane’s new Florida location is opening this week - Daytona Beach News-Journal,https://news.google.com/rss/articles/CBMizgFBVV95cUxPRTNpUUYxTXJDT1hobTB6OXVBc1p4MGRBa2x5NldaSjFCQlFvU1otT0JSam5tV1JxSllSallVX1VxOERLN1NOcTFwQWZlbVMyemY1czNvVmxhWWxZU1oyVHBhdDU3QkF5bnEzV2JfazE5QzVOSk5od0UxVUlMTkhGWjU4TzhrYXAwdWszX3Z5d1RDbjRyQWtrMzVsajdNSmU1bldRTDFUdGpKYmhEcUdMdzE2OUtJbXJyTXloUVgyQmVkNk5xZWVIYU13dlFTdw?oc=5,"Tue, 26 May 2026 14:31:00 GMT",Here’s where Raising Cane’s new Florida location is opening this week Daytona Beach News-Journal
Save-A-Lot,Shuvechha Dere,Grocery,Opening,Save A Lot to move from downtown Glasgow to East Main Street site - WCLU Radio,https://news.google.com/rss/articles/CBMipgFBVV95cUxQUi11bzJQLVBTT0xlQ0xlNGpQaXNld3FodmhOQzd6dHpjRldraGxsRmdpQ1U3UGJGM1hzTmFaZk1VZWtLVWs2ZlRreE9XdFJySXVnY01kbldWRU82aDBlTHdzbGJfOTVzY2RJSGJyWmU5U00wWFI5c1NfZlBoVmhiZWFpd1BUTWhFN2tDbDZsUExOSzlKUmZ6dHEzeW1rWnhZdWRlR2h3?oc=5,"Tue, 26 May 2026 20:07:37 GMT",Save A Lot to move from downtown Glasgow to East Main Street site WCLU Radio
Dogtopia,Suryakant Rajput,Pet Care,Closing,Doggy Day Care Staff See A Pup Waiting Outside All Alone — Then Realize Why - MSN,https://news.google.com/rss/articles/CBMi-wJBVV95cUxOdGxScE01bU0wSmNtNWRsaWFvdWtjZHVWVld6R21pd2xCT2hScVdjMTI5TGRRc1VWSTl1em1mZDFKbE5ITUxqVFE2LTNmUmVjZEpGd2RDOTFRd2l4c0pzNHEzbU1PSEVzZV9OZmo2RXY5SENDZ19ub0hKdUxTb1ZESnJOS3hOU3FmNjYxMFBMamZta1ZuVWF3Q3lFeV9ZbXhQM2lhTno2cWlHckhTcUhpQkI0TUVNTEtoZ2MxMm5NSEFKSTN6SkNrOTJCREVjLW5PZ1BVeE5JX1U0M2JqZTRkSEtCUXhHWHdaQkFheXg0QUc2Rlp2NFQ4bEMxbXVVQ1dnQVdRdEpRWVJHTnFSd0JUNVhKSkVxaTZRTWQ2ejFHbzdhWE0yTUR1V2w2aW1kQV9uTTVCZ0pRVFphZWc4SXh5ODRVTmdaLUdqaGswNDM4enpEcEZGbF9na0hKZ0p0ZGlWYldOV2dQYnJrMG9vc3hlZ3N1bTVqT2NMNnNj?oc=5,"Wed, 27 May 2026 13:50:29 GMT",Doggy Day Care Staff See A Pup Waiting Outside All Alone — Then Realize Why MSN
Hollywood Feed,Suryakant Rajput,Pet Care,Opening,"Hollywood Feed to Open North Atlanta-Area Location, Plans Future Stores Across Southeast - Pet Age",https://news.google.com/rss/articles/CBMieEFVX3lxTE56SDhmMk9tMFFJQmJkcWJMNncwMHBidjJ0Q3dzZ2Yzd2xkZFZram9uTS1VTUZQSk5JQUZaZDE0RGFKS0NoM1gzRU1uQk1DSkNCZWtxbnFYYjlRY0pzaHpCeEdSTjU0R2dIU1diaUhLUFR5RGlDU2lNUg?oc=5,"Wed, 27 May 2026 17:07:09 GMT","Hollywood Feed to Open North Atlanta-Area Location, Plans Future Stores Across Southeast Pet Age"
Hollywood Feed,Suryakant Rajput,Pet Care,Opening,See what is going into this former Rite Aid in Baton Rouge - The Advocate,https://news.google.com/rss/articles/CBMi0AFBVV95cUxPX1ZJRUMyeUhOQ3ZJZTN5TExJU21pRXdsbmc0Zk9BOVM3UmRRSGtnYURNd3FwWi1faEVZVExyQnlvRGdKOGh1cUtHV3JqSW1HUnhlRFJyemQtSEhEMTYzMmhTX1B0MTI4YkwwbWJmeU1PS1pCclJSLXhHbmF2cDkzMnFKLWhkRmUyN3JWQ2Q1T21XWU5lREUwVUVpMkZxSjdEU1BnZ2RzaXR6N041T0tEcmR2TnEzMU43dWpCT3JTU2dwSnN0M08xcnBqem1XWFh4?oc=5,"Wed, 27 May 2026 14:57:00 GMT",See what is going into this former Rite Aid in Baton Rouge The Advocate
Hollywood Feed,Suryakant Rajput,Pet Care,Closing,See what is going into this former Rite Aid in Baton Rouge - The Advocate,https://news.google.com/rss/articles/CBMi0AFBVV95cUxPX1ZJRUMyeUhOQ3ZJZTN5TExJU21pRXdsbmc0Zk9BOVM3UmRRSGtnYURNd3FwWi1faEVZVExyQnlvRGdKOGh1cUtHV3JqSW1HUnhlRFJyemQtSEhEMTYzMmhTX1B0MTI4YkwwbWJmeU1PS1pCclJSLXhHbmF2cDkzMnFKLWhkRmUyN3JWQ2Q1T21XWU5lREUwVUVpMkZxSjdEU1BnZ2RzaXR6N041T0tEcmR2TnEzMU43dWpCT3JTU2dwSnN0M08xcnBqem1XWFh4?oc=5,"Wed, 27 May 2026 14:57:00 GMT",See what is going into this former Rite Aid in Baton Rouge The Advocate
